0000A8A9
00000000
00000000
00000000
C0067139
C41AC216
C82AC61E
CC32CA2E
D03ACE36
D442D23E
D872D646
DC7ADA76
2085DE7E
42924082
43B24322
45D24542
46F24662
57925702
58B25822
5ED25E42
5FF25F62
000B6121
01170400
01130010
D297FA61
82930000
D3177A22
03130000
F7637A63
A0230062
02910002
FE62EDE3
12C000EF
600BA001
80820605
0800400B
67B98082
A8234705
07B780E7
47114000
8082C398
67B97179
D04AD422
C85ACA56
D226D606
CC52CE4E
8793C65E
8AAE8047
01051593
400006B7
0007A023
0155E5B3
680D8B2A
014A9513
06020737
073DCACC
01056533
004A9593
8DD9CE88
0C000637
0613CECC
D2907206
210285B7
02900613
8593D2D0
66310205
0613D68C
45817806
0593C2D0
46017800
0613C68C
C6D07580
0737CA9C
46854000
6439C314
81042703
0007A223
0007A423
E709893E
27833F81
DFED8104
28234481
04938004
099374C0
440153C0
4BA94A01
00090603
00048683
854E85A2
00D60463
0A0520E9
09050405
13E30485
1363FF74
0513020A
86565700
284585DA
50B24505
54925422
49F25902
4AD24A62
4BB24B42
80826145
59C00513
865686D2
207185DA
BFF14501
553D1141
C422C606
3DC1C226
5CC00513
0513289D
28855F80
61C00513
051320AD
20956440
67000513
059328B9
45050400
842A35E1
69C00513
059320B9
45090200
8C693D65
6C800513
45C1283D
356D4511
05138C69
28056440
0513CC01
20256F40
64400513
07B7200D
47058000
A001CB98
72000513
05132809
20316440
800007B7
0007A823
715DB7ED
DA2EC2BE
DE36DC32
C4C2C0BA
4703C6C6
185C0005
CF1DC63E
08376EB5
0E378000
08218000
8E930E11
0313780E
0F130250
48A50300
02000F93
02670063
00082783
FFED8BA1
00EE2023
4703862A
05130016
F37D0016
80826161
00154683
05E69963
00254683
00250613
85934285
F793FD06
47010FF5
02F8E163
00271793
00164683
078697BA
00F58733
FD068593
0FF5F793
F3E30605
8F63FEF8
86930A66
F693FA86
E4E30FF6
068AFADF
429C96F6
06138782
42810015
46B2BF5D
0691429C
9F63C636
9F631207
07371E02
07218000
8BA1431C
07B7FFF5
07138000
C3D80300
47B2B7BD
0791438C
C683C63E
D2A50005
80000737
80000537
05110721
431C0585
FFF58BA1
C683C114
FAED0005
47B2B789
0007A383
C63E0791
04039C63
16029E63
80000737
431C0721
FFF58BA1
800007B7
03000713
BF21C3D8
073747B2
07218000
07914394
431CC63E
FFF58BA1
800007B7
0FF6F713
BDE5C3D8
80000737
431C0721
FFF58BA1
800007B7
02500713
B5C5C3D8
D426D622
1603CE63
CCCCD4B7
CCD48493
080C4681
0293B533
84330685
810D00D5
00251793
078697AA
40F387B3
03078793
FEF40FA3
FD7983AA
02E6D863
02028663
05138F15
02B7FFF7
07378000
07218000
04130291
53FD0300
8BA1431C
A023FFF5
157D0082
FE751AE3
80000737
800002B7
072196AE
C5030291
431CFFF6
FFF58BA1
00A2A023
98E316FD
5432FED5
BD8154A2
D426D622
00064683
06100413
FA868693
1459C2C9
080C4501
F69344A5
83B300F7
E4630086
839300D4
05050306
00A586B3
8FA38391
F3F5FE76
02E55863
02028663
40A707B3
800006B7
800002B7
06A117FD
04130291
53FD0300
8B214298
A023FF75
17FD0082
FE779AE3
80000737
800002B7
00A586B3
02910721
FFF6C503
8BA1431C
A023FFF5
16FD00A2
FED598E3
54A25432
0413BB7D
BFB50410
D3E34785
06B7E8E7
05B78000
17798000
059106A1
03000293
429C557D
FFF58BA1
0055A023
1AE3177D
BDB9FEA7
D2E34785
06B7E0E7
05B78000
17798000
059106A1
03000293
429C557D
FFF58BA1
0055A023
1AE3177D
BBF1FEA7
800006B7
429C06A1
FFF58BA1
800007B7
02D00693
407003B3
B5BDC3D4
20202020
5252455B
205D524F
255B4843
4D205D64
616D7369
20686374
48203E2D
25203A57
207C2064
3A505845
0A642520
00000000
505B2020
5D535341
73655220
65706168
78642520
28206425
20782048
56202957
66697265
21646569
0000000A
465B2020
5D4C4941
73655220
65706168
78642520
46206425
656C6961
69772064
25206874
72652064
73726F72
00000A2E
3D3D3D0A
3D3D3D3D
3D3D3D3D
3D3D3D3D
3D3D3D3D
3D3D3D3D
3D3D3D3D
3D3D3D3D
3D3D3D3D
3D3D3D3D
00000A3D
45545B20
36205453
4346205D
79614C20
54207265
6F736E65
65522072
70616873
000A2065
20202020
20202020
6F462020
6E69646C
31203A67
2C343678
33783220
34202C32
0A363178
00000000
3D3D3D3D
3D3D3D3D
3D3D3D3D
3D3D3D3D
3D3D3D3D
3D3D3D3D
3D3D3D3D
3D3D3D3D
3D3D3D3D
3D3D3D3D
0000000A
54203E2D
69747365
5220676E
61687365
4D206570
2065646F
48203A31
202C313D
34363D57
2E2E2E20
0000000A
54203E2D
69747365
5220676E
61687365
4D206570
2065646F
48203A32
202C323D
32333D57
2E2E2E20
0000000A
54203E2D
69747365
5220676E
61687365
4D206570
2065646F
48203A33
202C343D
36313D57
2E2E2E20
0000000A
20434620
534E4554
5220524F
41485345
56204550
46495245
54414349
204E4F49
53534150
0A214445
00000000
20434620
534E4554
5220524F
41485345
56204550
46495245
54414349
204E4F49
4C494146
0A214445
00000000
E3E01B0C
D5DACDC7
00000030
000004E5
FFFFFBDF
FFFFFE6B
FFFFFFA4
0000019C
FFFFFF90
000002FC
FFFFFF7D
FFFFFF1D
FFFFFDD6
CFFA19F8
0AFB0803
1009F506
031B2408
F30B0DF1
28FB0111
10F2E411
EF00F8FE
D6EEF4F3
FAE9CEE3
00000000
00000000
C70BF8F9
ED08EBF6
20F9C724
F10D32FF
DD30EFEE
2DE2F412
18BACF0E
F3110704
E9220CB7
15FA3BDC
00000000
00000000
DE19FF0D
E208DDDA
2CF4CD1D
E2012F08
FB1FEBF3
2B07FA07
09AEC714
F8FF22EE
E71520D6
0A070BEC
00000000
00000000
DCFD0D0E
E319E102
22F6B60A
03EA2EFC
DE24E8DE
2F040717
F3D2A322
03F745E9
EE1C0AD2
0BFE17FC
00000000
00000000
CEE5F405
E52BE40F
2010C714
12E23806
FA26D4D3
15EBFD0A
EAFEBE22
0CDF4BFC
DCFA0FD1
EE1208FA
00000000
00000000
CDE9FF00
FA2AF20E
3C03B31F
15E3280D
EE13FED6
15F1EF0B
F21BCE19
FED935E2
B80006DA
F5271AD3
00000000
00000000
F0EE14F6
FF12030F
1BE0CA29
16E82BFB
FC29E6E4
1908FF17
F6FAE013
E5EF1EDF
E713F9D5
E20A15E7
00000000
00000000
FAFF1BFE
E4F3FB14
10F6F415
0FF6F50B
FF1BFC00
1215F7FD
1FFAEA07
E5FB00EF
09080BDC
E1DE0BCD
00000000
00000000
DF05110D
F3F2E5F9
09FFEC20
F1FE1F04
FE1E18DB
250A04EA
08E2D621
08F60705
D5FBFFDE
00F902E1
00000000
00000000
DC25000D
E4EDD2D8
FD01D63E
ECFA190D
F71FEEE2
3309F8FF
E2B7BE22
10F927F6
EF282BBA
14EF2BE5
00000000
00000000
E50E00ED
EEE9E6E3
0F1AE12E
E7FD2105
0924ECE4
310BFA0B
EABCB029
FCE81D08
F12928B5
16E723E3
00000000
00000000
0104FCEB
DC1EE2EC
0E0BDC20
F4FA2502
FF1BFBED
39090717
E1CE8C35
FFCA31F0
D6232ED0
32010FD1
00000000
00000000
E1EF00E6
E741DC07
2A0DD714
EBDE3218
F618F7D9
25EF100D
F50D9130
08C938F3
B41022E2
1E090BD0
00000000
00000000
C5E70300
E03FE30F
2DEBE420
E8CA2505
0F18F2E2
29E8FE09
D837B927
0EBC31F3
BD1514CD
200F15D9
00000000
00000000
BAEA15F3
ED29DF05
3E01E83F
EED01F0B
EC1DF1DE
20F5E6FB
FC15CA27
EACC1CD6
D5210CE1
240419EE
00000000
00000000
FC0B15EC
E301FB04
FFFAFE33
0DF4F60D
1815F6DB
0709EC05
16F8E91F
F70107F0
E8000AD0
E0E102D6
00000000
00000000
E70C132D
EEF6EDEB
FFE9F71D
FCF518F6
EE25FEEE
2F07FDE5
0AEDD60A
02FC1401
E91609E4
FDF2FFEB
00000000
00000000
C609FE0B
E5E3E2E6
0D01DA3A
F5FB2D05
FB27DFDC
360C00F3
DFD0D120
0FFC17F8
D52935B1
1EDB090C
00000000
00000000
E212FE12
F7E1D7E9
0FFCE91F
DDF91700
ED17FAD6
361B0809
DAB8C225
11EE24EC
DB2825CA
1DFE1C11
00000000
00000000
F4EDFF03
F513CDE5
1107DF17
FDF51D05
E72A00F2
3DFB0314
BD05A624
FEC33DE8
D42325D5
14EC08ED
00000000
00000000
E9DA0BFD
002EC9FC
0FFCD913
F3E52B0D
FF2E05F6
3DE90A0C
E4209917
F2BF36E2
CB0E0DDB
081415DF
00000000
00000000
F4EE12F7
E43ABFFD
20EADE23
F1CC2108
061AF6F5
1DE4FDFE
FC39BC32
FEB932E3
D21113D8
0F1914E5
00000000
00000000
C6E52D01
0127D5F9
21DCE62B
E9D01A09
F917DAEB
22E909FC
0F2DC32A
EFE310D2
AC1611BE
2CFF1BED
00000000
00000000
08E32604
0006E8FF
07ECFD2D
04E9F2FE
F00AF8DD
0A1A01FA
E9FCDC10
1B09F203
F90914DF
F90101ED
00000000
00000000
DCF82325
00F0D2DE
05EAF413
FFF710FD
F51F00FE
1B1D05F1
06EED61C
15080B07
D50104E6
04F11303
00000000
00000000
C20E0023
FBD2C3D8
0AF7EB2B
F7FA1E03
F424E401
30360FF5
F7CDD717
100C2BF3
D61E1DBE
06DA09FE
00000000
00000000
CEFCFBF4
24E2C5E6
FAF4E217
F1FC160C
EA29F013
37170BFF
EBD5F516
17121AEB
BE1C12C7
0AE11107
00000000
00000000
FAF409F5
33F2AFDF
12EFEC17
F0F21100
D12BFC05
4DED1812
D5E5C11B
F3FE2CE7
B71C0ED0
170101D8
00000000
00000000
D9D4FAF5
2D33ABD8
1DE4EA24
DEE21801
ED16FE0D
36DA100B
FB2BB50B
EBE535EA
C213F8DF
160F21CE
00000000
00000000
D8D820FF
2338BBEF
08D3E821
EFD52007
DD0EF401
1CD40F0D
1F42C612
FBE926E3
B722F5C7
150E20D0
00000000
00000000
DEDB330A
2224D7F4
03D8E923
00D413FB
E014EE0F
E1E60603
2141CA1B
F5E919EA
BE2310C3
291417BF
00000000
00000000
F7E52F00
1015DAE0
09DF0D27
07EBF5FB
E81809FF
2702FDFD
F206EA1A
F701F7FF
EE110DD5
F016FBDE
00000000
00000000
E1110720
1AE6DCD2
F8E80012
F4E80FF1
0309DD06
0A320CF0
08FAF7F4
05FF1E0B
DD18F2F3
02FD081B
00000000
00000000
CAF9ED13
25D2D2D7
0208DF27
08E921F8
E21DE116
29270DFB
FCE8F716
1E0727F5
BD2318A8
FBDC07F0
00000000
00000000
C9EEEEF1
40D39EE3
0007E621
FAF51AFC
D629ED1D
2A261009
F1F00727
0B0628EC
C40404CB
0FDA13EC
00000000
00000000
D8E7E304
3EEE98D3
06FCE825
EEF211F8
D51D0127
2C061002
EAF6EC19
FA2133E5
BA0F15E4
2EE019CF
00000000
00000000
E3D1EDE6
480DBBBF
00F1EA27
F1ED0AFF
E10EF325
1FEF130C
EF03E40F
E32633E6
B12607F9
2DED20B3
00000000
00000000
CFCE04F9
4131CAD1
F7D4EB21
E3CA13FC
EC13E126
F4F20200
012BE508
FF202BE8
B11E09E8
3A0021BE
00000000
00000000
C7E112F1
4A1DCCD0
FBBDE538
F6C51300
082EDB0B
E2EA1300
1731EA0E
F10F12F7
C81CFFC5
1E021CD1
00000000
00000000
E8CF1F05
380AEAE9
F8F0FF12
F1F3FF02
F7230219
18EDF0E8
EAF1FD07
0C13F111
E70FFAE2
050B04E6
00000000
00000000
E814F223
2DF0CFDC
F813ED1D
01E50BF8
FE15F413
F50F17F1
06E703E4
FB070E0C
BF050408
0EE809FC
00000000
00000000
C6F8CB1C
3BEDBDD4
F30AD618
F4E520FE
F318E021
0D2A15ED
05E50608
1D083BFC
B5072ED9
05DD05F5
00000000
00000000
C0FDDEFB
53D79CBA
F40ED927
E5F411F3
E31A022C
111114F1
EADD0B0D
031C3104
C5F924F1
2AD4FBCD
00000000
00000000
C0EDCE06
55EF9EB3
F60AEB37
DCE702F5
E823EC26
190D08FF
DFE50803
05172DEF
A9EA18F3
32E70EBA
00000000
00000000
D6DDDD04
55EEAFB1
EB09EC2F
DED9FFEA
EF1FF034
FF0103FB
F5FB1709
F11F30EC
AB0C1007
2CFC18AB
00000000
00000000
D3D5E0FA
4D07CEB8
EDF2ED28
DFC20B05
0123E218
F21006F0
FBE40704
F4213BF8
BF30FA0D
2FEE0ECF
00000000
00000000
C4E1E3FF
48F3DDCB
E4E2E127
FDC613FC
0A2CE622
C80814E6
FDFDF915
01212BF8
DD1806F9
2BFF1CD1
00000000
00000000
E1D50A0A
3808EDF2
02010310
EBF701FD
EE2B1023
1602F8E7
00E802F6
ED23F80F
04DFFDE7
0206FBEA
00000000
00000000
E8FDEF1C
48F3F4E1
F108FD0F
EBE703FA
FC19F915
EEE80FE9
F713E1FC
101E2701
C6ECFFF9
19EF0505
00000000
00000000
DAE6C217
45D8DED6
F01BF62E
E6EE1A03
1C20F619
12191DF6
DFF1DCE3
0D182807
AEE435FB
0FEBEBDF
00000000
00000000
BEE9D51F
55DDBFB1
DA18F724
DFEF12F7
021FF51E
091016F5
E9E7F006
091A2D0C
B5F0400A
2BD4F8B8
00000000
00000000
C9F7D52A
5CE6C89A
C911FC44
E2F6F8F3
F41C0A39
06FD0DEA
D0DE030C
F61A35F6
C9E60D0B
3FDFF9A4
00000000
00000000
CDEBD413
4BD6C0B1
E00A0958
E3EDEFEB
F322F934
F71213EF
D5C91C14
FD2834E3
CCE4F210
34FBFD8D
00000000
00000000
E8E1DAFB
44F0CEB4
E307F34C
E1D4F900
E31AEE33
F3240AF0
E5DB100D
1F2B2DE6
BC0A09FB
2AEF02CA
00000000
00000000
E4D3E6FC
4AD7FAD6
DDF2EE2D
E5EB06F0
FF2ED529
DE170EEA
F5F402F4
081A2102
E10D0713
1C0B06CD
00000000
00000000
F7E2FF26
2FDDF0DF
0B12FF21
EBFDF604
F221F10D
1CFD0DD3
F3EC0EF8
EB260415
0CED07F7
F4EF01DC
00000000
00000000
F7ED0128
3808FAE4
0B11030F
EDE11FEE
F909ED0C
100D05E6
E51FC8E3
FEFE160E
D9F0250B
09EFF70E
00000000
00000000
DDE8F318
44F700F9
E31D2615
03E005F4
200FFC0F
0B070CE3
EAF49AEF
1A1C181F
B1F62E09
FCF3E0F9
00000000
00000000
C8E2F921
49E8EEFF
FB143503
F4F8EFCA
FF1708FF
FC020DFB
F7DAAF04
F4262506
CEEF101B
27DED8F3
00000000
00000000
C9E2031B
5FD6E8F7
CB103709
EDFBF2DB
EC22FF26
031402E9
CFE1BE0A
091C32EA
CDD7F801
30F8CBF3
00000000
00000000
E4E6F51B
56C7C8FD
CD25420C
ECD8F5EA
E432011D
121607EC
EECEBFF7
FA2233ED
D3EBF211
29CFCAE1
00000000
00000000
EEEAF112
4BCBCDF6
D80E2C1B
CFF10BCE
0726EF09
020D03F2
E8D7E304
032527F4
D1F41023
20DADCFC
00000000
00000000
FCEF021E
55C71DFB
EF0F1F17
BDF409D9
FF27DAFE
0012FCFF
E3DAD7E6
FC231D0C
CEE0FD0F
25DBDCFD
00000000
00000000
F8081027
15DEF3F2
0808060A
F6F203F2
EC14FC1A
060103D2
150406F2
EA0EF4FC
05E50E14
FFFBF507
00000000
00000000
FA1B0AFC
F411F6EA
FE050DFC
0D0BEDFF
2907E60C
1706E9F1
FAEEED09
00D00303
CB001BF7
E8DE1404
00000000
00000000
CA0908FA
FFE308EF
FB1E20E7
00D5CCF0
19D4063A
FC3BE0DB
0507EF12
1D1EF404
EBDF0A21
F6DA0BF8
00000000
00000000
DBEB0D08
DDB90702
032C24FB
1CEFDEFC
03DBF318
F93BEED5
02F7CD03
0F2909F2
F4EA091E
03D703F4
00000000
00000000
EA0D0F1A
E3C40AE7
0E3012EF
06E3E5FD
F5B7F323
E625F1F5
1CF2CBF1
0E200109
EFF30715
F3E60BE2
00000000
00000000
E30D0406
EDB713ED
FF231DF6
26D7EAFD
FCC9F41F
EB25E3E6
1D0AC8EC
FC33FCFB
F213041D
EBE9070F
00000000
00000000
CE0408FD
F6D017EF
F20A14ED
22E8E6FE
04CEF12D
0125F0E2
192EE20C
FF18F9F9
D10512FC
FBDDF3EC
00000000
00000000
D708FFF5
08CA1911
F90C16EC
0BDCE1F6
0DACF51D
EB2EF2E8
0C28D201
131AFDEF
EB0B0E26
0FF50D06
00000000
00000000
D8E304D7
F116F0F6
0BFF0602
FEDCEC02
2AE2E30F
F21EDEEE
0E2CFF13
1A1A0309
D6EE1706
F2E9190D
00000000
00000000
D911080B
0B0016EE
021916FA
22FCF6F2
0700F52A
18FF06D6
E8F6DFFC
EFDFFF0F
01FAFE09
E4F5F810
00000000
00000000
CD0C1504
07F02AFB
F82345F7
5CE5BD13
FBCDF530
F04CF3AB
E5FCFE09
EC1DE6EB
04C7F91A
D4D9CAFA
00000000
00000000
CD181A0D
0BCD2BC8
081238F4
63FFD5F7
E4D7F440
EE36F1D1
F5EEE905
D71EE6E8
EDD8F436
D6C9E8EF
00000000
00000000
DE020616
0ACB4BE5
182121EC
62F3DA0D
C9D7E931
F82DE6CA
0CDEE306
C935D5EA
0CED0E16
BCE7F4F3
00000000
00000000
ED07FC23
08CF46E1
0E1D26E9
57E9D40C
C6BEE130
F928E8DD
2701DE0A
A82CD8E0
08EAFB1D
C604FBEE
00000000
00000000
EC041308
E7B837ED
F40F30E5
5BEEDD05
BBD0E225
EB26C7CB
2F1E030C
C426DBE3
1FEAF82B
E300F9FA
00000000
00000000
F3FC11F5
E7C33803
EB0C360B
43F2C200
C5D2D71D
EC25DBDC
29331C09
ED16E8ED
20F2FA0B
F5F6F8FA
00000000
00000000
EC0208E4
EEFA0403
F8FEFA05
0FF6F2FB
FDD0DE11
091207E2
F52CEB10
0512FEFC
09E00800
03FA1D0E
00000000
00000000
E21829EF
18F41FFA
F30A15F2
22F6E503
FFEA0C19
F2F7E6D4
F802ED09
F9F8F501
16FAEE24
D7FFDB10
00000000
00000000
CC092904
FAE42DFF
0B1332F7
5DF1BC12
EFDC0730
FF2ED1CB
F7ECE907
D738D5E2
DCCCF312
E8D2EADC
00000000
00000000
C909131F
FCD52BF7
12273A01
5007C70F
E6DDEF3D
0029EBBF
FAEAF5F5
E215C9D1
01DFF31E
CDD0F2F3
00000000
00000000
BCEFFE19
F7D331E8
261F33E7
4908CA1D
D0C8EE3D
0826E4C0
0DE1E4F6
B225E3DE
13F11422
E5F6F5E8
00000000
00000000
C603081C
F7C643F8
2A1234E5
5002D40D
B9CDEE32
0621E1D2
22F2C705
9C22D0D4
1E071214
C3FCECE8
00000000
00000000
B1FE040C
DFCE3C08
1B0732E8
4DFCDA00
C3C9E128
021DD7D8
2911F302
B91EE2DF
2FFF0612
D3FCE800
00000000
00000000
B6FC22FC
DBE23704
1A134101
51F8CEF8
CFCBDA1C
E222DCD8
261EF907
C314CEE7
27EFEA15
E5F3F3FF
00000000
00000000
D40F27E2
10F91301
E60B0A07
21EDDC00
02E81D03
FF14EFD3
FD1DEB18
F20303F7
13E7E717
DAEEE40A
00000000
00000000
DD202DFF
14F40DF6
FA111D05
24F4F1FA
F7FC1014
FD13EDE8
DBFCE20E
F9E6D3DB
2AFFF31C
EBF2E701
00000000
00000000
D11D2D08
FCD721DC
05072701
5008D615
EBCE0C30
F634E8C8
FCE7E613
E826D7CF
F8CFE20E
EEDCDEFC
00000000
00000000
D4131D0B
E7DE33EB
1B022BF5
550ED11F
D6CBF43A
1232E3C0
F4F1E90B
D21CE4DD
17CDFA0F
CED0E7EE
00000000
00000000
D3FE0A13
DEC43DE2
2B0429F5
4B19D41D
CCDAE62B
1A29EBC1
03DAF70F
B01CD7C1
23FAF60E
C1DDDAEE
00000000
00000000
BEEC1116
E7E541E4
3A0534EE
4A0ADB16
C6D3EC2E
0E24DECF
19E1E61F
A31CD5D2
1409EB13
BBEDD9F6
00000000
00000000
B4031510
DCE335F7
2EFC23FD
5008D30F
C8D3EC23
0C1DE6D8
20EFF226
B929D7C0
2E090512
C5DDE4DF
00000000
00000000
A6021EF7
F1EC29FF
16033B07
4CFBCC02
BFD6ED28
0320D2BE
1A13FB24
DC22D3C6
22F50219
E4E5E6EE
00000000
00000000
CD0D15FA
0C050700
DAF30301
27F4D2F2
0AEC0D03
EB24ECDF
051B0516
00110DE3
28EBF824
F7DBECFF
00000000
00000000
EE1E2CE5
04F10FD1
EC0C0C11
020BFBEF
F600F717
FB0000E4
E4FCE713
05D7D7DC
15F9EC30
20EEF618
00000000
00000000
E40C25FB
FEB921DC
03FC12FA
3B14F915
EDC70223
F23CE4C8
E6E4E81B
D608DED3
01F2E512
22F8E0F6
00000000
00000000
C61618F5
E6D32DE6
28F218EF
2E0AED12
EAE2EC21
FD24E5D7
E8E60B19
DC13F2E6
23E4F007
150ADD13
00000000
00000000
C1FA19F7
F6B63006
36F827F1
401AD60B
E2CFFB21
0822E4D6
EFF7FA20
C923DCDE
12EDFA10
F3F7C000
00000000
00000000
C1EE0BFB
EAD02BEC
3FF723F5
4121D205
F0DFEC12
0429EDC3
F7E70731
CA1ED9DC
1D000708
E6E7D4FB
00000000
00000000
C9041209
DFD132F3
22F425F4
3A17DA00
EAD3EB1A
F919DCB8
05FC1020
C326DCE8
141FFE34
FFF0D6E0
00000000
00000000
C3F7190C
EDC42BF3
15F91CFB
2D06D5F1
ECD2FA15
EC22E6C8
0D130634
DC29E2D5
0E06F82F
0BE8DFE8
00000000
00000000
C9FA3AF8
F7010716
EAE40514
1E06D9EE
04E1F2F9
EC20FFB4
F912F819
FA0DF9DA
3003FD2D
15F9E111
00000000
00000000
EB122DF1
15E500DF
DDF50D08
1CFAF6F2
F8FDF201
030E14E4
D801D310
F0F1D2E1
06160D47
2BF4F611
00000000
00000000
DB0A2B07
08AD0FF9
08F71B07
1A24E9F8
F6E11B13
D644EECC
F8F4F121
E3F8E3CF
02E4EB1B
26FBF606
00000000
00000000
D82F16FF
FC9F13F5
11D61A08
2915F6F9
FEDD120C
F131E9CE
E0F40D1D
F51EDAEE
08EAF10D
1F13D716
00000000
00000000
E40B10F4
F4BA1EEE
17EB1403
2417F206
08D20507
E424F7DF
E1F8151E
D20FEBEA
15F2E00C
120BD606
00000000
00000000
E10500EC
FBB522F1
0FE928F6
281BDE14
0DE3070B
FC21E8E2
D903142F
DF11E3DD
18FFEC0C
0C03DA0B
00000000
00000000
D9010EFC
E2C11DFB
18EE22E9
1E0BF2FC
FFD7070B
E920FBDE
FB050E21
F723DCDD
1100EE39
180FDE0C
00000000
00000000
E416280A
FCBC1BEE
EEEB2509
280BDCF3
01E302FF
D71BF3C9
05FC0031
F62FD4D4
0C05FD3A
21EBD8F7
00000000
00000000
F6F11000
F9ED1AF9
EDDC01FB
00FCF6E5
00E4E8F1
E4150604
0207EE0B
0D20DEDF
040E1B49
280EEA0D
00000000
00000000
010D21FB
23FF0CFD
F1010B19
0E0913E5
FCF0DAFD
E909F705
E909E11F
DEE3DBC8
E40C0218
28FCF8FD
00000000
00000000
E91717FA
1EAE2807
0CD31314
0411F4F1
FDEEFF15
F337FEE4
F6E8F912
D50CE6D5
E506E01D
2A11FA04
00000000
00000000
E21E1DF8
FC9E1708
09DF151A
0E1CFFED
F7F90105
E53001E0
EFE9F515
F00DFEE1
04DDDE25
3918DCFD
00000000
00000000
0C2019CD
0C8F2008
14E92614
0712F4FD
16F514F9
E524E7D7
E4FA1229
DD090801
18F5C311
0C02E0F0
00000000
00000000
FB2409EF
0092270D
1DD82B01
171BEEFB
01E30804
E624E5D5
E7011B1B
EB15E5FB
FB03C61C
0702E4FD
00000000
00000000
EB1A10D9
FAA718EA
04D41A0C
0D1802EE
00F4F40B
F11DF7DA
EF0F0523
061FEDE6
1E08E92E
15EACC0B
00000000
00000000
E51D16F8
FBBC2BF3
FDD2100B
0A04F4EA
17E9FD06
DC1BF0DC
F5FB132E
1124E5E3
0509F342
12FBD3E3
00000000
00000000
FD060FFE
0ACF17CC
EFD9FB12
09050EFC
0F02F0F7
0317150A
DA03051C
EF0CE7E9
0E19131B
18FFD3FB
00000000
00000000
01070708
1CFB08F6
EEFFFA06
0A000A04
09FFDB05
FC030AF8
E6FEFA17
E9EECC02
EE090AE4
190611F9
00000000
00000000
E00D1CF1
17E709F1
F0DF071F
EE160AFE
F9FEE31D
E5F517EC
1B15F02C
F0F0E0F3
E7F9F2D1
3E0AF8F7
00000000
00000000
E31227F0
11D306F0
FB0E0131
F11100F4
1C06F914
E8F90BE8
FD18FF16
EEF9E7F3
E0E2DDDF
46F7E9FF
00000000
00000000
E3171BF1
15D6F4FA
12FD0623
FAFF1FF6
FA14F51B
070803E3
F20A060F
EF05EB0A
F1F2D3D9
24ED00F7
00000000
00000000
0A1F16F7
F0C60DE8
101AFB2E
F90510F7
0D0EDA0A
F90316F0
F1060309
FEFB120A
F9DDD0DA
0ED3ECF0
00000000
00000000
163715FE
F9D404C9
F9FD221A
F807FAF8
03F6EA22
DFFD03F1
F90CF011
F4FEE502
0502DDDE
1EEC05F2
00000000
00000000
020D07E7
F7CF2AB4
F9040F0B
FBFF1311
2CFEEE28
DEFD0FF8
F204E114
1CFEE30A
E50FF4DA
17FEF9DA
00000000
00000000
0713FD0C
F9F30DDF
0EE8FC0C
F80D000B
1AF0E005
E4F41109
0BF60210
F9FEEDF8
EB2915F6
19FFF7E4
00000000
00000000
FBEB13FB
1EE9DE01
E5F90924
072500F4
09040BFC
040EFFD7
00FFF808
09E3F4EE
DC1E1031
F7E2CFDE
00000000
00000000
F4051DEE
FEDBF10A
F0F0FC23
E4190014
0DF202ED
0826F4D7
08E8020A
F613E9DE
19E61725
0BEDE0DE
00000000
00000000
011115F4
FAD4DE03
E3F30809
EE03030C
08F500F3
0216F3EB
16FE0226
FD01F7EA
14090C0B
04E9DCE6
00000000
00000000
FC220AFF
F5CCF210
F20013FF
F9050B19
FC0000FF
F9FBF800
2706FA1A
FCF4EFC7
0AFF06F4
EC10E3DE
00000000
00000000
0F1204EF
08DDE116
F90316F9
F6F70C17
F0E91504
0316FFFD
28FA0024
05F6E5CF
FCFE0716
F01BD8E0
00000000
00000000
FC0508F4
09E3E608
F0030D19
F5040311
04EB0601
0F0FF8DC
04F40A1A
02FAF2D0
080D1014
FEEEE6E5
00000000
00000000
16F50803
03DEDB00
F4FF0B2C
F8110A0F
11F006E6
0A0CEFD2
F10316F9
FB1FDFF6
140E0620
F1E7E8D8
00000000
00000000
F3EA09FF
04DDD6F8
FAF11108
14040D21
0D0B07F6
0127FEC5
F1190EFF
0408DDF4
0DE80A1D
F8ECD2FC
00000000
00000000
0FF80808
00F7FD08
E2F60E03
07250201
04E0F0E1
0714F8DC
01EFFD15
E6D5E6E2
29152122
FE0AE118
00000000
00000000
1D0B1FFF
F4EDF4FD
EBF20E0C
EA14FFFE
14E4EEDF
0E0FEDF3
0FF6FC09
E0E8ECF0
2B1D1C18
DD1AD9F8
00000000
00000000
19FE0EFC
E9EEE30E
EFED1618
DAFFFC00
EDC80BF7
FF11E3FC
30F2FC16
F00DD2E3
2F181DFC
002BF4FC
00000000
00000000
0C0B0E08
D8E5E801
F3F61D10
FBFF07FC
F9E40807
0709FA01
30EBF532
EFFACCE7
210317E6
EA42E3D2
00000000
00000000
22030E05
CFE9FB18
F0F1190C
EFFB1300
EADD0E0A
0311FCFF
3BFEEA31
E7FECBDC
180F11EF
F248E9E2
00000000
00000000
18FD0100
E3F9FB28
F4F1160D
EF010AF4
00E309F3
140BF001
04E9F210
EFE4D7E1
171F1203
F238EFFD
00000000
00000000
15050609
E5F2FB09
F8EB2102
FA1004F4
17DB01FA
070CEAF7
FEE4FF04
F1DCD7E6
201618FC
E42FEE0D
00000000
00000000
07040AFF
E4F6E307
F4F61CF9
FC0FFD03
19EDECEB
DC02FCEB
F209040A
F8E4E7F6
3D0F0112
0D09FA0F
00000000
00000000
1111170C
07ECD414
E5E716FB
F30904FF
04CCF9F7
E20BF3E3
0FF10804
FCEED8F3
352A0719
E111DDFC
00000000
00000000
0AED1311
04EDD519
EEDF1804
E40908FC
0BE6F2FE
E705EE0F
17E9F9F1
F6EACFF3
29521FF0
DE16E2F0
00000000
00000000
15F50A05
EB03D425
F4F7150C
F2F7060B
F5D7050B
EA0BE210
29C60AEF
ECFFCCF4
353D23DF
EA14E1CE
00000000
00000000
19000625
DC0DEC2D
E902160E
E905FA15
FEC822FD
F205F9FE
36CA02FE
D3DCA1DD
343825CE
EA24DBDA
00000000
00000000
11030D0A
C7FAFB24
F5FD2608
F1F30115
F3C82414
F8EFE60C
3CD5F406
D9ECB5C3
2C3311D4
E240E4E1
00000000
00000000
13F70313
D3FEFA1F
FAEF2220
F00AF8FC
FBD3140D
09E3F616
1DEDE9E2
E1E5E1DF
283A0FCE
E62DF2D8
00000000
00000000
05FA0125
EAF1FD24
00F51E0F
02020AE6
10DAFAFE
EBF3E3FE
F4DF14F8
F7F9C800
1C3A1CCD
E72BEAE9
00000000
00000000
FB040E27
07E5E711
E6F0150B
F80703ED
1C08DE03
FA0EFCED
FAEB21FC
F6EFDB07
1A2F03CF
FCF5F8F5
00000000
00000000
08102E19
0BE0C4EF
16FE151D
E9EE00FE
03D1ED06
D51DF6D6
0DEFFBFE
F7D8D512
223213F3
E611EAFB
00000000
00000000
1EFA2C21
0FF5CDF2
00FB210B
E0F407FB
FBDCFCF1
C903E40A
27E0F3E3
E8D6C70A
356712E1
E108D7FE
00000000
00000000
29F1181E
F3FEDB0B
130C24FE
DFF6F61C
00E201ED
CFF5F510
2CC5FCDC
DBD1C202
396B1FD2
DD09DF19
00000000
00000000
1903F522
E3FDD91D
06FF16F6
DDFA002D
02DE1703
D6F303F1
2AC4FACD
C4CFA6E8
3F6C24D6
DE09F8FA
00000000
00000000
1A01F833
DE02E80F
03FB1F09
F5E5FC17
F9E51709
D5ECF7F3
1BC0FDD5
D4E994D2
4A6623E5
C413FCEF
00000000
00000000
1AFCF830
EB0BFC0F
16F42616
F7F41CFF
02D92406
E5D2E202
15CFEBD2
D0FDBFEE
26610BBC
E609F4F2
00000000
00000000
18090A2A
F4F9ED0E
17F51E16
F5F206DE
1CDE030F
D9EFE804
F3D505EE
ED02BF08
266214B3
D0FDE9FE
00000000
00000000
0FF91329
0C09E20E
03E40211
F9ECF9F0
21EDF7FF
D907F6FD
F8F70EEE
E603021A
113C24BA
ECEED5F4
00000000
00000000
121A4119
11ECB8E0
0BF41212
F1F2F9F5
10CF01EF
E513EAD5
F9EAF2F5
F2E0ED1E
0C380CE9
E106D12F
00000000
00000000
17F73227
FF059EF0
27F82701
CDFB0506
06F208FA
F0FCEEF4
FCCEF1DF
D6C8C902
3E5129B0
D60AD244
00000000
00000000
1B0E2136
0700A8FC
2FFB18FE
E5F3FD15
00D00201
BFE9F6EB
01B9E2C4
EBC3C318
306C2AC9
D00BF929
00000000
00000000
0902F33D
FF0EBDDA
2CEF20FB
E7FB161E
09E70000
C6D614E9
F5B0DDB2
ECCFB305
3C6B2FCE
D20C1B33
00000000
00000000
07FCEF30
F811E0E6
26F625FF
E3E70A12
04FC0708
CAC9F1E3
F8BFE5C3
F1E4B409
336A19BD
D6112A3A
00000000
00000000
1CFD0936
1011BFF2
39DB2EF9
E3EF09FF
06EA1A03
CDE8ECED
EBC0D8D9
F1EED7FB
20590DB7
BD10FB37
00000000
00000000
0F061128
F618D0EC
36E33200
DED4FEF8
18ECFEF9
FDF4E8E7
E8D3E7F1
E806D129
164D00C6
DE05F62D
00000000
00000000
050E0C23
1000D9DF
18F3111A
F8E5FDF3
1EDF0F01
D0EEECEE
EFEC1BF0
EC05010B
003F07B9
EFFFC835
00000000
00000000
FEFF242F
F805C1EF
2BEE1A10
F711F1FF
10B6FCF8
DF1AF5C6
02E90DF4
F0E6FE23
181B02C8
DA1DEC27
00000000
00000000
1E092321
E4F59CF9
3EF11E0B
DEFEF3F4
02C401F0
E003F7DA
D6D2FBF4
04E3F008
1E3B0DC8
D515ED37
00000000
00000000
1D05232F
D706B1EC
48F61803
DC08FB00
F3E5EF0B
E9F60AD8
D3B6DEDA
FABEEAFF
2B461FD1
E507F027
00000000
00000000
13F50334
E31FD1E9
50ED2504
EAF50908
FBFADF0E
E0DA05D5
D1BDCAC2
F4BED806
245210BB
DC151031
00000000
00000000
06FC0232
EF13DDDF
44DD2DF9
E8F10D07
09FEDD0C
BAD6F1D6
D8B8E3EC
03D3DF05
2F5418C6
DB13282E
00000000
00000000
14111122
F808CDF9
44E13201
EEF3F301
02DDEB07
D6E9F6D7
CAC6FBF8
F1F6E5F9
2A470DC1
EC18FE2F
00000000
00000000
0F101934
FC07BFFB
3DDA250A
E5EFF5F5
15E20306
DFF4DDD1
E6D806E9
FAFBE80A
0A3AF7D0
DC17062D
00000000
00000000
FD022424
FA1DE6F4
34E7130F
F4EDF901
26E9ECFA
C2EBE6D7
FEDE2AF3
FAF20412
ED30FFD1
000EE532
00000000
00000000
10031838
E901DBF7
1DFB1B05
F50BF2FA
13D105EC
C31C05D7
0AEA0CF5
0AEBEF19
0D05F9CB
E824EF2C
00000000
00000000
08052A21
FF01D500
29E51C10
EF1DFFFC
02C900F5
E91EE8D7
DFC908F0
F8F0E8F6
1519FDD0
E910ED25
00000000
00000000
20F91D21
E308D2F4
3BEF1107
DF04F602
10F6EB1D
CD0DF8CD
F2C7E6EC
07E3E602
2B310BEC
DB1A0D1F
00000000
00000000
1604132B
ECFED8E2
45E019F9
D6EAFC02
FC05DE1A
D0E106E1
DAC3EFE6
0DD0E11B
215306C5
ED1F1F21
00000000
00000000
17EE0826
0B1BE2DF
3AE322F7
E4F61004
0EFACF0E
D4E415DD
DAC7D6E4
FDE6E724
163E08C3
CC1F1627
00000000
00000000
18051223
F006D7F7
41DD2BFD
DFF309F8
14DDDD16
CCF2F4EE
CFD4FEDA
F9FAE10E
1D34F9C6
DA1C0720
00000000
00000000
02F21E34
EF07D4F8
3ADB2BFF
F4FEF4EC
07D7E600
BDFED6DB
F9D005E4
FEF6F30F
F72BF7D6
022C021C
00000000
00000000
FDFE1D29
0A17E8F2
1AEF0E1D
F8FF000A
17EAF2EF
CEF1F7DB
F8F202EE
08FE010E
E321FFC2
0A13E714
00000000
00000000
1813F619
D7F0ED04
1003221D
190403E3
FED4F9EE
EE28E2D9
F7EDEF00
F8D30906
E3FF05E6
0617011D
00000000
00000000
0CFB1222
E313C4FB
15E718F8
0A14F9FA
10CC16F2
EB27EDFB
E2CEFE07
0602E208
091511D5
E1FCF61E
00000000
00000000
1DFD1814
E304F4EE
20E504FE
F501FC02
0DDDFE18
D90F0BDB
F3E0E5FE
0EECE417
1A3210DE
D504F508
00000000
00000000
1FFCF91E
ED1BF8E3
29FA04EB
E815060E
08F5E605
D4FBFEE5
F0C505F6
08C0F615
0F391AD8
D107080A
00000000
00000000
05E10623
D821FDE2
1CF20EEC
000E0609
09E9E00F
F4FA06E2
E5D20D05
F6D5F104
293F00D8
EAFC1015
00000000
00000000
FBF4082C
021CD8F4
2DDC25F9
F2FDEFFF
11E9E80B
D90305D8
F1CCF8F8
00F1FF1C
0D2C07C8
FA0C0A0E
00000000
00000000
F7001B1D
ED1DCDEE
2EE12301
F8FDEBF5
1BD6F60A
D000EFEE
FFDB0800
0ADFF624
DA39FFD6
15010806
00000000
00000000
220C1524
0219D4DC
12F01319
0C0BF1E9
0BFD04FE
D2E305EB
06E10905
F4F9F5F9
E919FEDE
FBF2EB02
00000000
00000000
190D07EF
F501FB18
01F1F70B
FE18FB0A
0DDAE30D
FD0A0614
F809F8FF
0807FF01
F4FAFCBE
EB1312EF
00000000
00000000
BDF6FED0
FE2A0E0D
17071F16
F213030D
FEFC000A
230500FF
01E9EDF3
1DEAFE0A
01EFF6D3
DFF3F701
00000000
00000000
C3FA0DFE
01201B1A
1E151C25
E1FDF602
F1F5D8F5
2007FE0D
F9F5ECE0
17F6E4DB
110314F5
F3E4F300
00000000
00000000
B40B16F7
FC1C2DEB
1EFA1E23
E4F3ECF4
FDF1D9F9
14060C06
F8FEE3DC
2A00DBF9
19210AFD
F7E3EF2E
00000000
00000000
BEF50F0A
E4F62AF7
21142223
E4FCFFF6
EDEED512
170CFD06
1CE80BD6
1A08CED7
1A260C16
E9FCF314
00000000
00000000
C2F41106
DA272312
1B0D1E13
E000FAFD
F8EDD5EE
1407F909
18FB0BDE
200ACDF8
17EA00FD
F0F5FF05
00000000
00000000
C8DCF8EE
E718161B
0C0C0017
DD03F40E
10FADB08
1525FF07
180519F0
1AE3F500
11DFF1CE
F2EE1AF4
00000000
00000000
B7FCE4F3
1A011608
FEFDFA0E
04161601
FFEEF7F2
070F271F
0F06FE01
13F0E7FD
EB02E4D0
F3EEECEF
00000000
00000000
12DA21E7
0EFE0CE1
F2DB050B
E60C1302
1AF8D82D
F5140CE9
0100F5DF
0D1BD80F
F3F3EFFC
E619EB3A
00000000
00000000
E6EC2CDA
EDF12DF2
200C4427
D8F2FDFF
F005B4FE
231706D4
FDF6D6D0
290CB3F8
14F1F609
E102E456
00000000
00000000
D2F81F03
EEF727EC
27143440
D3F7F8E5
F609C6E4
210802DB
FB0DEDA9
2DF3D3EC
20EC143A
E5EFD54C
00000000
00000000
C1FD0E03
E6E34000
200C332F
D4FEFBE5
DB06AEB5
2B09F80D
FEF5DDA6
2A07D0EC
2BDD1536
ECDCDA47
00000000
00000000
CC0702F9
F3E03302
210B2C31
D2FFE6D2
E105A3C8
0F0D05FE
28EDFE9E
1A14D2F4
2BE61120
E6EADA5A
00000000
00000000
C4FC11F9
EDE41EED
04142737
CFFAFEE3
FA14C9D5
131302D9
36DB06D1
181ACAFB
3FD90529
E2E8ED46
00000000
00000000
C7EC1CF4
DFE82DF2
FD14253D
D20810ED
01FCBDEF
10181BDA
2DDFFBDF
121FE409
41EAE7FF
EC01DC40
00000000
00000000
DAA519FB
F7091AD1
F200FB25
E40B2604
04FCD70C
FC2A15E9
0EFB08E5
2A12E41B
30E3CBDF
EEFADA1E
00000000
00000000
1EC81FDC
F9E613ED
0DF00417
EB020210
FA12E91B
F11B08E9
ECF1EFD0
0F1DF916
0F16EBE3
FF08D92E
00000000
00000000
F7E51AEE
EAEF3F03
2D042D25
D503F1FC
DB0FB909
22100ECB
E7F8E4AD
1D03D513
19FEE316
EAF6DF34
00000000
00000000
EAF61BF5
F7FE43FE
18062A33
D4FEEAF1
E617B1E5
2F05F6D5
F31AEBB7
24E1DCF6
43F10024
D9E1D449
00000000
00000000
DA042705
DEF13A0E
19FE263A
C303EBEB
DC109CC4
25F9F4ED
0703E29C
34F4DDED
40DA1B2B
DCE3D938
00000000
00000000
D9071FF5
E2D52B0F
1506232B
C7FBEFE0
DF10B0C3
2A1002F0
1EF1F9B2
2308DCF6
44F1071E
E3E3E344
00000000
00000000
DB0A1DF9
F7D2270F
FB172A24
D700FBF6
DA04B8D0
1310FDD0
2EEA01E0
1212D2EF
55CCF60C
E8EDEC35
00000000
00000000
E5EF2AF3
F7F01E05
F80E0F15
D80206ED
EB0AC50B
14160AD8
1BE6ECCB
0F11CF1A
3FDAE4FF
F1E3F832
00000000
00000000
E3CC23E8
F0DD0AE4
F8000006
F7071DFC
FD00E009
F21300E0
2410FFD9
180DEE26
28ECC8F3
E6FD0024
00000000
00000000
27F62E04
F30612D8
01F9FB16
E4080911
F70FEF09
0D1BF7E4
F0E5EDC3
110DE911
0CDDF209
F4FCEF1D
00000000
00000000
061112FA
E5EA3400
2A053616
DE0B00F7
D811C908
1804F2D7
E510EDB5
1CF6DD07
19E0EF0A
01DDE330
00000000
00000000
FC0D19F9
E5D929FC
2B171D26
D804F8F8
DE0BC4C8
21FAFEEA
DF21DDBB
24F5E708
3CCFFC19
DECEF540
00000000
00000000
F6043407
EECC3910
2414291B
D108E7F8
D61F9FC8
2804EDE1
F414D89F
1FF2E209
40C21920
E4E2D63A
00000000
00000000
FD182EF7
DEBC3209
08182212
CBF6E5F4
CB1699C8
280100FD
16F9D7BB
16FBDC0A
51C9141B
EDE4E132
00000000
00000000
F3172100
EBD51E06
FC161901
E502F602
D40EC6D1
1A03F8EC
1CF5F5C6
1A0EECFA
45C9FE1F
D3E7E03A
00000000
00000000
EF1726FF
F5C81C03
DB0E0A23
E70213F2
DD14C4E5
FF1800EF
38F6ECB7
1406EC09
49CEFA0A
DCD0E63D
00000000
00000000
F30E25EF
F6E62204
030AF416
F0F5130A
F907E3FE
E20CFBD9
1501E1E1
1104E921
2DEDEBF3
F1EFEF22
00000000
00000000
12FF13EA
F5F12403
FB03F203
EB1403FE
0704DB01
F126E9F7
FAF2F6D4
0AFEF20D
1BD10508
FFE7F624
00000000
00000000
001227FE
E8D12E04
400423F2
DF0CFCF9
BE15BDF3
1012E3F9
F101D4CC
1506DC12
19DEFD13
0DCEEF26
00000000
00000000
051225EA
E1C21E03
3A0D21EA
D608F00C
CE17BAE0
19FFEA08
F425E6D9
1400E611
1EC30709
FCC1F129
00000000
00000000
F50C21F1
ED9C2B0C
1E2020EB
D303F20E
BE20A6E8
2B0A0604
0112D0C3
1A0AF20D
31A1221C
F8B3DA15
00000000
00000000
0E1320E3
DD9B2803
172C27F2
D703FF00
C120AFD9
26FC0B15
2508BFDC
F908EEFF
37A41D15
F3CCDB2C
00000000
00000000
FF1722EC
DFB21217
FD1928F1
F20A0CFC
D611B9E4
1114F914
2603D9E1
F90FF501
3CA10401
F3BEE529
00000000
00000000
FD2122EF
E2C70108
FA190DF8
EDFF16FC
EC0FDCE9
0916FEF8
38FBE3D7
FBFFEC0A
2FB50810
EFC8E835
00000000
00000000
ED201FE4
E4D02201
F513EA17
FBF914F5
F812E0FD
FC1606FF
1BF6DBD4
0608EF0F
29D300E0
F6EC0634
00000000
00000000
1CF608F5
DDD00606
FB07F9ED
1B28FEF0
010FE5F9
EA320508
F0F0E9EA
DEF10203
23AF120E
FBF5EC21
00000000
00000000
150C0FED
CBB61917
3BFF1BDC
E50FFFF6
E91AD1EB
0D10DF0C
FA00D0BF
E000EC09
1DCA1009
0FCEF32C
00000000
00000000
071512E2
D8B51A20
2D0317BF
EF010708
E118D6D6
190FF917
0E16DED4
E610E115
14C31523
0BAFD719
00000000
00000000
031A1BEE
DB831D15
291F21BC
F7FA020C
D31ECFEE
1C03011A
2E12C3E9
DC110113
1F9A2011
F89FD212
00000000
00000000
FB2016E3
C48E1314
152028BE
F6050A0C
D51ECEE1
210B0521
400ABCF1
E10F000B
2E8E170A
F3A9D32B
00000000
00000000
DF1B1EF4
D2B00C19
011B12D3
F400FCFA
CC0EF7C7
1F0EFB23
4613C3E3
FE010307
1DC20A04
F8B4E625
00000000
00000000
ED1303F6
BEB9FC20
121016D8
07F01102
DC11DBD4
041BF916
2CFDDBC7
FD090C08
2BC31B13
EFD4EB30
00000000
00000000
DB1511F9
EBDBFB07
FD02EDF7
050518FA
0711E4F9
F8140AF5
0AEDD7D3
F80A1907
1ECA2000
0DE6F42E
00000000
00000000
FF07F6DB
DBE10109
13FCF7EC
100B0CEE
FE0AE8FF
0B35121A
D5FAEDE6
F4040A0D
2AB1231F
ECF8F7FE
00000000
00000000
DE1204F5
D0B21C23
2FFE0ADF
08000502
DB19EEE3
14280314
07FFEAB9
E9040313
0AC7F726
0BDEF429
00000000
00000000
E41AFCEA
B4A60A0E
25FBFCB8
04FE030E
EF1C03F1
23111120
2306D2CE
D319FF1B
FEC50AFB
16AEF020
00000000
00000000
EE1E09E9
CC99F225
101304BC
F5FD0DFE
FC11E3EB
0D120D2F
3512F9DC
DC101210
21BA1BF1
0B98DB26
00000000
00000000
CF2511DD
BDA6F51F
00140BB8
04000301
F61002E7
1311FE24
4617C8E3
E5000B1F
23B82AE9
F68AD231
00000000
00000000
C01A10EB
D2D0F23B
16110ACC
0AF50B01
E60D00CE
19130A1A
3500CACB
D50C0414
2DB51D15
03BBE015
00000000
00000000
D92107ED
C5CEF61F
190BF8E0
F0F709EC
F40FF5E0
0C1D1410
25F8D8C4
FD020B22
3AC4151E
FBB8E72F
00000000
00000000
CD220BF6
DAD813F7
01FF0600
080514FF
0202D006
061BFD05
0007C5D8
11FF15F4
1FC61424
0CF7E713
00000000
00000000
20ED14FE
EBEB081A
EDEFF000
051306EC
FD0BCDFE
F9290710
0DEEFEDF
E600F909
2BBD2912
E40BD60D
00000000
00000000
C40106E3
F1D50D10
190021F4
0EF908F1
090BEBEE
0B2AF306
1911CDBB
CC120C27
1BE1102E
F4DCDA11
00000000
00000000
C91C09EA
CEBEF122
110025E2
1CFB03FA
000DFF08
270AF624
161AE2C1
D21AF508
14DB0F1D
0CA5E6F8
00000000
00000000
D61329F1
DFCAE531
130632D8
FCFFF1F4
0D181BFA
060AE82C
3C16CEBD
DA151219
18DD15E4
F0A5C720
00000000
00000000
EE1316F1
B5B3EE27
111518C8
FEFCFD00
F80E13E0
140EED40
2115BCD2
F1180520
10CF33EE
F1B1DF09
00000000
00000000
BE110BE4
C5A9EE23
230B16D1
F1FBF9FE
131201DA
1822F721
110CD3C6
E913FF2C
3ADB282E
E3A7E506
00000000
00000000
C314F7F0
C1C8FF17
18F610E9
1BF70CFA
FA04E8E4
202DF70E
0B01D9DD
F40DF919
32EE3238
D7C7E5F0
00000000
00000000
DD09FE04
D3D0F80A
11050600
120117EC
090EDB01
F11A00EA
0F15E401
0003000C
2CE42419
E0EEEEFB
00000000
00000000
04E2F6E3
181600F4
E9FFFB0A
1E10060E
F3FE2100
031E1813
00FD0C0C
F1F0EAF0
E7CFE9D2
F007D209
00000000
00000000
01F514BE
04141314
F706FF16
17120103
F5DC3901
081C14F4
16F9FC07
DEF4DEF8
06F1EDCC
E602D225
00000000
00000000
02FF12CD
15111F07
E0F8F30E
030AED1D
F6F445FD
FB131502
2517F50B
16EDE4E8
EDD0DDEB
E6F9BF17
00000000
00000000
020F11D2
1FEC1C0C
ECF9F212
060EF5FD
06FC49FE
0007FFF9
1F1EDFED
12F8EF0D
B2E6E401
F3F5D706
00000000
00000000
0030FFC7
2ADE1619
DBF1EF0A
0202F604
FEFD47F7
0302030A
1A2109EA
1BF2F80E
C1F3ECFF
D8F4B912
00000000
00000000
071000C1
05E2142B
FAF4E908
171A0306
E9F63FFC
0605FE00
0DFF12ED
FB0AEE07
F6F0DEE3
E3FCD01B
00000000
00000000
EF2FE2B6
FC03161F
EDEC0612
17170D14
FAEE2809
0E1C03F4
F2E60FF4
FAE3EE12
1CFEF1D1
E7E8E413
00000000
00000000
010600E7
0C0506F1
FEF4FC09
18230507
EA00FD13
FBFE0103
02F8E6FF
F8E4F000
E5F61BF4
FBF70C0A
00000000
00000000
06E7FFD0
FA24F9F0
E6DEFC16
F6240E02
D7DE37FE
121A1C08
3A14F6F0
1906E823
F8BDD6DF
DEF5D703
00000000
00000000
F0EC05AB
F70EF8A2
E1D1EE22
002503EF
D9C76329
04FA1313
4138F5ED
1512D523
E2D7CADA
FF00D602
00000000
00000000
D8F40DB4
160F19AC
D0DDD42C
0508F6FA
F2F76D20
1DFA1C15
143DE2F9
38F5EC17
E3E6E3DB
D8FDB0E1
00000000
00000000
EDF70CC7
FFE224BF
C6ECDF2A
0C14F500
FAF25607
13F81005
143ED6F1
3BF7FA1D
DBE7E9DE
E0FABFE3
00000000
00000000
071A07A9
F5042FD1
BDF1DA23
0410FBF8
FBF95518
0B000402
1124E702
46E00222
E5E0D0DA
E7E8C0E8
00000000
00000000
F5200CB3
EBF920BD
C703C626
070DFC00
E1FB6B16
0D100A04
150EEBFF
4CDF0022
FEF5CAE5
D3EBC1E3
00000000
00000000
0214089C
F7FE12E8
CAFEEB10
090BFDFB
D8F65E14
0F1806FA
110C0500
409CD830
0E1DEAD9
DCEFCA03
00000000
00000000
1C18FED7
19FD18F7
F3D00723
0D0B0206
E6F6100A
EA140B12
0305F2DF
12E6E228
F1FFEED1
EA010303
00000000
00000000
04F1F1D2
161DF3F3
E8DD010F
F2171405
DFE63A10
02F91E0F
342402EB
110ACF2F
E1D1D3CE
F309F7D9
00000000
00000000
EAE5F6C0
1907FECF
D1C7FB2F
F61B02F7
F6E0521D
01FA2610
2F3FE9F5
23F0C52F
E1E1D1CC
F00FDAC1
00000000
00000000
F0F504BD
F8020DB8
C8DDE91B
F61A00FE
FFE15018
0AF92400
143CE400
34ECD71E
F6E3CFEA
EB0DC7C3
00000000
00000000
F5EDFCD0
F0DC17C7
CF05E120
FE170204
0BEE5B0F
15001C04
F93DC518
3EE0F21F
F1DCE3B6
E50BC5B2
00000000
00000000
F0EE10B9
F2DA0FB6
D109CF2B
FA0A0EFF
08FB5A21
13011AF5
F835CB19
43DCEE1A
E1F0E1CA
E602D4CA
00000000
00000000
FD14FEBB
EBF912D3
C607C221
F4050F07
0E02661C
FF0916F6
1312E70C
3AC1DC1D
ECF7DBE2
E716E1D4
00000000
00000000
F91504B4
000F0ADE
C8F4D825
000E0400
E3024015
110216F7
1110DE05
2DABE12C
DB09ECE2
0107ECE9
00000000
00000000
0028FCAB
0F0A1500
01EDFB13
00110B18
E6FD270F
0AF90AFD
F310F9EE
12B9F02A
E9EBC9E8
051DFAFD
00000000
00000000
00E305D9
F61BFFED
D1D3F81A
02140709
F9EB1E0E
0D131719
242901F6
12F1DBFA
F0DBD6CF
FD12EDE4
00000000
00000000
0EDF08C5
F606FDD5
BBDCED21
E01601FB
05E83515
FD012513
2F43E4FF
2BDED115
EBEEDAB1
0016E4E9
00000000
00000000
FCDE06BB
EC060AB2
B0F2EF2B
EB08FFFD
0CEF2C1F
0FFC2A0F
1636DE0D
37DDD719
FAF0E8A8
011FE4BA
00000000
00000000
E0D9F0C0
E7EA20B3
A71AE827
E7011004
29F64412
08FD2504
FC47C224
4FC3E618
DCEE02B8
0513D2BB
00000000
00000000
EBEEFDC0
E5D214AB
AC1FD727
EA091208
28E74119
0FFF2303
0027C02A
40CEE416
F10BE6C4
F015EEC1
00000000
00000000
EE0209BA
DFF61DD8
B30BDD27
ED0FFF10
18EF3317
010213F9
0B0FE612
3DBBE603
EE0CE7D1
0B0BFACB
00000000
00000000
060EFBC8
000DF8DA
BC06E324
F1090E01
07EF2115
0F052400
041BEE11
3099D503
E6F3E9DB
FF1B04D3
00000000
00000000
061B07F4
FE1D1BF1
DFFBD912
02FCFC14
EDE912F2
F40E0300
170414F1
0DAED911
07F4F4F4
07170B01
00000000
00000000
F3FC05E4
FC19FA01
CDF00518
110804F0
F5EE160A
00080516
0E18FDF3
18DCE6FF
E5C9DCE3
071E1FEE
00000000
00000000
EE0F03CC
020810CE
B7DEF416
FA0B0112
00F60F23
010C1314
1B2D0303
2EC8DA10
F3CBB9B1
0A1A10EF
00000000
00000000
D3F4F8C2
E6040EC5
A8F6EE19
F30C0507
1E020A18
03101815
2E35EF0A
37B2D70D
EDE7E1A2
0B1815D7
00000000
00000000
F1E8F6C5
DFEE11C5
9409EE27
EC0A0A07
0CF82013
09161318
2930E21C
40A7D301
F0F5EDA1
0A1408CF
00000000
00000000
DEE806AF
E10C24AC
A023DC29
F303140B
1CDF041D
12110F0F
1F1ADD23
37B2DA00
D1F700B1
081418D6
00000000
00000000
E9EDFBAC
E90D1BC6
BB23DE17
F7020F0C
17DCFF1E
16111810
1118EE1A
389BFA08
E4FDE9C8
F51B1AD5
00000000
00000000
E9F5F5D4
DB2027D7
BE0ADD0F
07FBF710
0EDA0D0B
230DF709
041AFF12
1793EC05
E208E4D1
091433E3
00000000
00000000
F2FDEAF9
EE1A14DB
E30FE6FD
02F3FD07
FDEBFE05
0D19EA00
04140D07
FBA7F70A
02F6FC0D
1C1921F8
00000000
00000000
E608F2E7
E71804EF
E4E1F2F1
0B080301
030FF001
00F7011E
25FB1C0F
2CE1F716
E6E8BFFC
FB2B1EF4
00000000
00000000
DC0BF8CD
E4061EEC
BBC7F80E
F907F9FD
07ECF411
0315FF1B
292DFE11
25E3F0FC
05E4CEB6
052127FA
00000000
00000000
C51304D0
E90823E9
B4E4E61B
EEFAF7FB
0FFFDF1B
0811010E
3C170916
2CCAE408
F5EAE4BA
04232BD7
00000000
00000000
E203FCCE
EA0D29EA
9001E318
FFEF0A01
16EDD91C
06241411
3F1AFC14
36ABDDED
CFEFE7CE
091A26D7
00000000
00000000
E0ECF0B3
D81729D0
A211E014
04F4180A
1AE5C71C
05150E13
310FF210
29A7E2FA
CDE5E8D2
061628EF
00000000
00000000
DFF7F8B9
CD2327D9
BA07DA04
FCF70515
22E5DB1B
0C06F719
341AFE12
26A9E1EE
D4F6E7D3
F8212EE1
00000000
00000000
D0F3E3B9
C31F15D7
D508D10C
0CFC0312
11E1E01C
2614061D
FE18130E
239AFFED
EF08DDE5
092127DD
00000000
00000000
FDFDF5FA
E81F16DF
E9FBEDF3
10F7EA05
FED2E918
061306FC
02090D0C
0EC2F7F1
1009EC06
06243204
00000000
00000000
D71AFBE8
050F0BFB
E5CCE906
06011117
05FCD5F5
F7080A17
26FE0D03
20EDF4F6
E9DDDA02
FF3622E4
00000000
00000000
D439FFC9
FA191ADF
AACEEF10
0A040E0B
06E6D11D
0DF4031D
3116080A
1EECFFFB
FAD7C2D2
02211FDA
00000000
00000000
DC21FFD3
E70F23D3
B5CDEF1C
01FAFC0B
14E3D106
0811031C
3F260A10
1EE0E8F1
D5E1D0BF
FA222FE1
00000000
00000000
E5FC01CA
E3212BDA
A4D5DC1F
07FB0709
16D8C71B
141C0E19
381DFA10
2CD0E3E2
CAF2CEBA
F8232AE8
00000000
00000000
DBF700C9
E01326E0
A6F7D91D
0D050319
10E5C118
1D1E0118
2D150801
219FE8F3
D5E2D1A3
F52B25DD
00000000
00000000
E1E6F2C5
C72F2AD8
C0F5EB0E
10F80F1A
12E9D217
20100B1D
2B19FBFA
2EB0F8FD
DDF9E1C9
EF1525D5
00000000
00000000
E4DFEAB6
CF2D14BA
DEFCE103
09F80C1B
22D2E118
110DF513
1D0A090C
20C3F2F2
CB04D0FB
F82B27E4
00000000
00000000
F7F0FACB
EA2613CF
F3F1F5F9
01FCF305
FCC6E613
03FA0512
16111018
16BCF2EE
E50CE12A
01261FF2
00000000
00000000
0108F8C8
0D15F7F6
DCEF18FD
F7070511
0DE6DB02
E6F4FA15
1C081A0A
1AFBE2DE
E6F4FC23
151721FC
00000000
00000000
F702E7C9
141A24D8
E3BBE9FB
EC0B0613
F7E5DB13
F4060026
261F0309
1508FBDC
04E4C103
052436E9
00000000
00000000
090D15D4
E61A28B8
E6E6F701
F6FDF319
0BDCD20B
FB09FA15
1805E013
20F20409
F2ECDCFA
071124E4
00000000
00000000
E3FA06EB
D9212BD2
EAD6DA05
08FCFE14
0EDBD413
0813FE1E
150FEF0A
0BF400FA
00E8D6D2
012836E5
00000000
00000000
EFE7FCE3
D7202DD5
EBF8E715
FFE90416
07EEDC16
1423F613
0D12FB11
0EC3EFFC
EAEAD0C6
032A2FD8
00000000
00000000
F7E4F6DB
F32220C6
EBFCF6F9
FFF20624
04EDE605
1125EF1D
100C010A
0CC9EA00
F802DCE8
041925DB
00000000
00000000
08E4F1D2
FF3818D4
E3EAF5F6
FDED0C1B
07CEC703
0506F632
131A0102
11C1F7ED
E210E825
FD2D21D7
00000000
00000000
0AF812E2
FA2611EE
F1E4FDF0
09160017
F7D6D602
F6F2FF1C
16ED1AFF
03E8EEF1
EE13DB15
021D22ED
00000000
00000000
E8D7E2F0
17193016
FD1A1706
1F12ED07
06121522
28EE0502
1803F3E7
E0FEF7FA
A7E2E0E6
DFDDD1D6
00000000
00000000
FBD7D7E9
15EF3C0C
081F210D
14FAF100
080E120D
1CFFFDFD
1A19F8FC
CAEAED06
A20306F3
E7DFDCF0
00000000
00000000
F8BCBEFB
2EE22218
111A1DFA
040A0702
04041AE3
2107FC02
0801FE05
C2F4DAF8
C51302D9
E7EFD709
00000000
00000000
F3D2E5E7
0FED141F
222B0F08
1609F708
04FA09ED
17F8F8FE
0E0D03E8
B802F7F9
D7F404F7
B7F9E901
00000000
00000000
F4C9CCE9
05F7FE1B
1B151F0D
0B060BFE
21F510EE
0608FD00
F10A07D1
F200EE08
CE1818FE
C6E5E510
00000000
00000000
1FD5E0F6
EFF71922
11141E09
22130210
06040DE3
03F10CF9
1014EFDD
DBFFD5F6
D8F708F8
BCE3DA09
00000000
00000000
05E6CEF0
10003D29
101E1FF7
2D1FF501
0B0012F3
11F50B0B
03FFFFF9
E2D8D503
B5F7FAEC
C5EFC1F1
00000000
00000000
05EBD0EE
040C1F00
FF181C03
1F0A1704
0C13FC17
26FC0012
0702FE03
E4FFF5F1
D3F3DDFF
E8D0E3D4
00000000
00000000
EDDBE70D
E4F60C2D
0D000CEF
1F10FD06
0400120C
2107E1FD
F20312EE
F113F0FA
BBD91907
DDE2E8D7
00000000
00000000
E7AFE5EE
ECD4091C
1410F1EB
1E0604F8
F8EE00E8
28F5ED08
FF2037DF
ED17D217
C4C33AF3
01ECF800
00000000
00000000
FBCDCF07
01C4051A
100BE5FB
0A0B04F3
F2F607E2
1F0C01FD
F83024CC
E217DB10
F1C63C14
09DEEE03
00000000
00000000
00D6B5FC
1CBCF028
070AF2FB
02010FE1
FC0A12E5
0D000CFC
E9261CB1
CD10E308
01B62C0D
09EAF927
00000000
00000000
02D5CF08
09CCE719
1AFEF108
050312E5
0F1DF9DE
00030EF8
CD2000A6
DB13F8F5
0F9A3329
00EA0019
00000000
00000000
10E1CBF5
14B9F92E
06FC140A
0A06FBFE
0203F4DC
0F0F1003
E11411B5
D81AEB04
FCC61D11
EEF4FB08
00000000
00000000
F8CFC4F6
F6E52117
11FA1C0E
251DFE0F
FB0B0302
0D04F501
E11B14B9
E6FFDE15
DAD727E7
F8D4E203
00000000
00000000
06FC0E04
F7030800
0C0D2505
150BEA01
1B0108EE
0CFCD915
FE0A0904
E7FEF910
E9ECF3ED
DAF4FAF2
00000000
00000000
F9BCF213
CAEF1C0D
11020E05
180AF10D
EF0B02F6
1E06F4F7
071706DC
F419FDFD
D5CD02FB
FCE7EB04
00000000
00000000
E9A6DE1B
EBC9101C
1105F4F0
161200EC
E9FFFDF6
161300F2
F61322B2
F523C619
E0D02103
04DE030D
00000000
00000000
E5B2C525
F3CDF722
110EDDD5
12121DDD
FA0301E8
140706E2
F12626B4
ED17D90F
0AAA1D0B
06DEFA18
00000000
00000000
FAD5D005
04B8F027
2107E800
EB071FEC
0311FADC
FB0A15F1
E52623BF
DE13E2EF
33B52516
18E2FD18
00000000
00000000
04C9C910
E5B2EE17
3006F101
F5081BDC
FF15F9EF
F1041DEB
B71F12A8
E11CDFEB
41BA2836
15CAFF17
00000000
00000000
01C3BC11
E9CC0E0E
26010AFD
191007F8
030FF3D6
080E24F0
CB150FAB
D40FEA13
16C91F2B
F6D3E515
00000000
00000000
F1BEE00D
D9E71A1C
1DFE1803
1C0DECFA
FE0F04E9
120FE9FA
D00E19B7
0014F004
F1B90FF6
07EAE80B
00000000
00000000
0EDB09F4
D016FE1B
0EFE2D09
1D24F9EC
06F8080B
0BF807FD
E9FEEFD9
E918002C
F1E9F4E7
F4E7EBF5
00000000
00000000
FCCD051E
CAEB0FFC
12F612F2
1A18F102
04FAF8F8
1100E9D1
040F09E3
0E1EEF0C
DFF91BFE
F9EEFE21
00000000
00000000
E7B6DD21
DBDCF814
0E08F0E1
1B1500CF
F70FF2EC
0EFDF0D5
011B3BB6
0C29D824
DDC3330E
00D70215
00000000
00000000
F1BCDB14
D6BBF324
1915DCDF
131511CC
EC10DFE1
01080FD4
F8253AD5
FF1BAC0B
03A4300B
04E40B1D
00000000
00000000
F3D6D513
D1B3E422
2519D5BF
0B0116D6
001DEEE2
F8001BDA
DD2232D6
F616C7FE
1EB12626
0DC30112
00000000
00000000
09C8D615
DDD1E813
260CCFD6
01FC1DC1
0C2203D7
EFFF2AD2
A3282DCC
F80CB105
2C931A30
1AD60822
00000000
00000000
FFB7C723
D2F0D110
1D09FDE2
1C0513E7
0618F4E4
0C0F12B0
A21B17BD
E622EA16
18AC341E
15DF061F
00000000
00000000
EED4D016
D7FCF016
190525EC
2715F6FD
F902FDE1
0D0EF7D3
B7160BC6
F80DF816
00A630F2
10D20B1B
00000000
00000000
03011518
D61AE91C
14F12012
2010DEEB
F1F1F0E8
0FF8F9F5
E10409C9
F60FFA1A
FFE0FFF9
F6F6150E
00000000
00000000
08DD001D
CC01EC09
07F314E7
1A14FDFF
F8FEF4DD
1305F0BA
EE1EFAD8
19040924
CBC31E16
F7F1141E
00000000
00000000
F8D4EF35
CEE2EA17
0EFDF8D7
161909CE
F61AE3DD
13F5EACC
FA2330B5
140FC91C
E5BA4110
F2E50522
00000000
00000000
E6D8E126
C0D5F122
120ED8B7
10071BC3
0A1DE1F8
0E01FAB6
E01A33E6
0A13BB22
08A44C0B
09E6021C
00000000
00000000
E5E8DF27
C7CDF41D
331BCCBA
02FF21DB
0F21E7D8
FB0428AC
BE1629E0
030AA11F
25A64512
1CE21021
00000000
00000000
F9C8F624
B0D9EB0F
3016D9C4
0CF710E7
072AF2E2
EF081CB1
B7182FD8
FBF19926
23B6281D
15E1221B
00000000
00000000
06CCFD2C
C708E516
231303D2
0CFD03DD
041EE6E9
FE0308B3
B50D1FBC
FA06BB1E
23AC2B1F
14DF1119
00000000
00000000
EED8EA26
D106E917
190D27D9
1E02F0DC
ED1DFDEF
11FFF4CF
BF1A14B6
09F9D31B
FCB51E02
13DC1D22
00000000
00000000
F9F20204
EA0AF5FB
15F70C04
1712E7F0
EEF1FEF9
08F4DEF9
F21810CB
000AF832
F7E7F9FD
FCE62510
00000000
00000000
0AEF0825
CA000815
04F514DE
1708F1E4
0810FDE7
01EBE0E3
F12007D6
14F8F62D
DCD719F7
F80D0D1D
00000000
00000000
05CDDE23
D0D30917
0E0E0ACB
151AFEDC
FD20EACA
0CFAD5DB
E5101BDA
1FEDE718
E0D5380F
E5E2FF20
00000000
00000000
FDE5E71B
C0E30C1F
0B0CF4CB
0A0200DD
0121EBE5
0200F2B9
E2072CF3
1CFFC719
FABD43F6
01FF072D
00000000
00000000
01E3F019
B4ECE614
1E22DBC2
120309D6
231AE1F8
040027B1
CD1628DA
FFE8B12D
18B63D09
F0F60C17
00000000
00000000
09E0E221
B2F8E911
1F25DECA
13FA11F4
1225F2F1
FFFC0CA2
B6173BC9
F7E5BA28
1FA92806
F4F20D27
00000000
00000000
03D2FD20
D3F8CF11
1A1817CF
1105FAE3
FD18EEEC
FEF2EEB9
AF141DD3
05F8C322
0BBF270C
14FA2619
00000000
00000000
FBDFF129
D113CF0D
1C0930CF
2302FAE4
F31FF9E5
FFF1EDCD
C91515DA
09F1C81B
FEC21413
09E0261A
00000000
00000000
1200140F
F202F00B
11FD26F7
0F11FCF6
F4170503
FDECD6CC
F91A04D0
FCDFF11C
FCEDFCFC
D6FB0B1A
00000000
00000000
0DDFF424
DEDFEB00
0D0D1402
0021EEE8
063305DB
FEF0E8DE
E20B07DD
18D1FD27
EEEC0A05
EE062220
00000000
00000000
F2C8F22C
DBDB0020
0F1823CF
1C0EFDDE
0320EED9
02F7E1C3
D3110BC8
19ECD708
E1C4241A
E7011525
00000000
00000000
02E9D61F
C7DB142B
182008CC
1308FDE5
1914F6E8
02F5ECBF
D9021AD7
1C01CE0F
E3C63102
DEF3101D
00000000
00000000
04F9FA23
BDFA0E1F
2C29FADB
04F604EE
290EF6EC
EBF5FCAD
CA0E0DD1
15F3D917
F3BE230E
FEEE1D21
00000000
00000000
17CCFB27
C6F00A15
32280AD5
0AF5F8F0
271904ED
F6F8FDA0
B81C1ED9
FAE3C117
F6BD1905
E5011F1F
00000000
00000000
FFD60D2F
C302FB14
31251DCE
21F8EFF8
0212FEE6
F6F3EDB4
B41813CB
09E0DE04
FEC7F307
00F90A2E
00000000
00000000
EFC2012F
DEFBF40C
3D181ADB
2306FEF9
FF1921F4
EFE6E7CA
B42E14CE
0FD9CD04
D9CA01F2
FEF81A1B
00000000
00000000
18E8172D
EEF7FCE7
02FD1CFC
16FEEFF4
F12119F8
F3ECDFE0
F32C0DDA
0CE2DD18
0FF6E103
E0EC1318
00000000
00000000
13E0260D
D70FFDF0
15191D10
0907F4F0
08101202
F7FBEAF6
F7F5EEF5
18EF0F00
EBE1DDF6
EC05F015
00000000
00000000
05CB2624
D2DDEA32
141C21FC
0A0AF1E5
042825D0
ECF6D5CD
DB1909D8
28D8E801
08081108
E1EAE627
00000000
00000000
F4E1222A
CBE5EC23
200B2604
FE0AE7E4
221802E1
FDF3F3C0
B71810D9
25ECE107
080027F1
E0EBDE34
00000000
00000000
DBE51129
C7E7FC1C
402737F9
0601E107
210EFFDB
E9EFFAB7
D019EB03
13FDE404
0ADE09FD
F5EBF61A
00000000
00000000
F6CC1526
BFDFED1C
43233202
05FCE8F2
211606EA
EAF9FDB7
BA1AF2F1
0FFCEF0B
05DEF5F9
E2E7061E
00000000
00000000
DFD5092F
C1DDF01C
5E251EF7
1600F003
101C1DE3
E0F1ECC9
BE1809E9
06EFDF0F
0DE1FBE9
F3F1F126
00000000
00000000
CACF0528
D203E8FC
471B19F8
24FDEE0A
09102CE5
ECF5ECE4
CE1E0FCC
11E2E001
FAF0E118
F1FAFE1A
00000000
00000000
EBEC1714
F2FD10E2
2E000811
13FDFC01
FE1C1CF8
F1E3E5F2
F204FCE9
F700FBF0
0EE5DF12
F809E716
00000000
00000000
1219DD01
0411F506
F4CC0DFD
E81A1E1B
FE0300F4
D1F20C00
EFEDF510
06FAEAF1
190DFE09
13E4F7DF
00000000
00000000
1107DB02
010CFBFB
F9B919F5
E02F3112
1000E6F0
E5F72B11
EAECD002
1910DF0A
020B07F3
05DFE4EF
00000000
00000000
0AF7E40D
F6EFE8EB
FFA614FD
E73E270C
0BFCFCF8
EA0D1D09
DCF8C7EF
081FEC06
04FB0201
12F3F6FC
00000000
00000000
09F6BB0A
F2F30BFB
F3A209E9
F02C130E
1FF4FC00
ECFA3009
DD13D60C
0B35FDF1
07EEE6E1
0DE71309
00000000
00000000
0EFFE30D
ED0209E7
F7B709F3
F2310E03
FD02E100
EAF9270E
F10D04FD
0B1FE800
09ECD00A
04E11DF8
00000000
00000000
03FFBF08
0D0317F5
FEAB0EE9
EA2E030B
FB15E609
E4FC3106
F6D60212
031CE0FC
09F6DAF7
11FB0FFB
00000000
00000000
08F9DA05
010411E7
FCC8FEEC
CD280303
032FF201
DA102815
DCD704FE
0709EE08
11FB00F4
20DFF7EC
00000000
00000000
0AEF1017
FB0F0700
F8DEFDFA
E107F710
EAEA02F5
F9420406
F3EB0D0E
091008F4
03DBF605
28FDE6EC
00000000
00000000
0D10FCFE
0A0CF4F4
FDC9FB14
E9272909
010AFD04
DC1307FE
D4F9F3C6
09FEF916
0AF9D7D9
1ADC1718
00000000
00000000
210BDE13
F506EDE9
07B31215
04491AFC
0DF6ED0C
CD0820F3
D4E2D7BC
17F20917
E8F3F8F5
FBF3001D
00000000
00000000
2926C20E
E6FFF6E5
13AA14F4
F5321601
1DF0F501
CD061FF8
CAFDF1D2
FD16FA07
F7DFDD05
FFF71A22
00000000
00000000
2B12D718
D8E3F5F8
06A209E8
F83911E5
2AF1ED17
EE1119EB
BE0CEFDF
F12BF8EC
F7DDE612
F2FD1835
00000000
00000000
2905C31B
DCFD0BE6
FDA6FEEF
F63501E3
24F7F40C
ED1223EC
C702FAF9
FE28F4F0
00E3EC05
FEE23231
00000000
00000000
1EF5C21E
040818F3
04C1F3E7
E22D00EE
1300F31D
DB0A29F0
CEE30CEA
0805E804
F1E7E2FD
0FFF2F27
00000000
00000000
01F0CFEC
120E20EC
FDC1F2FC
EF33F9F8
1C0FE422
BE1E22EA
FDCD0DD1
120DD629
FFF4FF0B
19DE2618
00000000
00000000
FFF5E6E6
24071B0A
0BB8E4F9
DF1E0BFC
FCECE80C
D72718ED
EAF811DE
1909FF26
F3EFDC04
1F0B0208
00000000
00000000
1A0CFCF8
0B14F7ED
FAC6FC0D
EF2307FE
29080811
ED0A100A
DCEBE691
F4F61130
F6FCDBF9
F6E5F41A
00000000
00000000
242DF207
FE0002F6
11BC0309
FA3D1AF9
3EF2F71F
E0141AE6
BBCEF081
F4EDFB11
EBE3DDFA
FAEFFC25
00000000
00000000
2529C81C
E703EDDC
10C50BF3
11340FFC
33F1EF27
DC1324F2
AEE3EBA8
F4000CFB
EDE3E305
F1F40A23
00000000
00000000
2D1BC620
E4EF06E3
0FB00AF3
0A2B0AFB
2EF3FA19
E01B23F3
A2F1D8C7
0A14FEEE
F4EADB01
EFF81E37
00000000
00000000
2C1FBA0C
E6F10DF8
0EAEECF1
FA2DFBE6
28F40D19
DB1724EE
ABE0FDD2
0718F5F3
FBE9EA14
E6EC1C30
00000000
00000000
2703C70B
EFF206FE
09C0EDF4
F03BFDE9
2CED0022
D81D21FD
C4EAF4B9
FFF9EF0D
FB02F105
01E52517
00000000
00000000
0A0BDBDE
020411EB
FEC9E800
EB23F2D3
13FE1037
D5102000
D8F102A5
0EF1E826
0D05E713
06E72927
00000000
00000000
08DFE1E2
211122FB
06B3E3E2
F62607E6
FEF4E627
CD1E25FF
F712FCBA
FF03EE26
FCF8D814
14022916
00000000
00000000
2B1D0AF1
F90CFCEB
F7E0EF13
F91BF7F2
13FBF929
DE0C07F4
F0ECF9AA
FAE71506
11F2ED05
E6F20D33
00000000
00000000
1E3FEA1E
F80A0CCE
25D50312
122A13EB
24F0F520
CC1211E9
D7E5EF99
E9D00D0A
F6E2E20B
D6E10833
00000000
00000000
2D40C622
E4040BE3
21C7030B
281E16DA
22F00D24
E4160BE9
A9F1EE94
FDF1F4EB
F2E5DC1C
D8E50F27
00000000
00000000
2F20AD21
E1F705E1
26C2E607
1D1C04E4
2EE71239
E51B26E3
9AE2EA9D
07FF0DE1
EBF3CA19
D6FC282B
00000000
00000000
2312B613
E7F020DF
22C6F2FA
1422F9DE
2AF80A2B
DB2C2DDF
85E9E1AF
01E900F9
F4EDE40D
D8001926
00000000
00000000
1B0EB920
EB1216EB
27D6E8FA
0B32F6DC
32F00C33
CE2336E1
AAFAF990
12EFED04
F3EEE515
D5D61E20
00000000
00000000
0C20C4FA
F00B24E5
22B3D90D
1130E4DF
0EF30C34
D31C2EF1
DDF3FD97
FA09FB2C
01E2E008
E8E12317
00000000
00000000
2DE5F0EF
092722E2
11D6D503
F616EAD4
FBD0102B
CE1213F8
E7FA11AE
0419D337
FD09F40A
FD0D3128
00000000
00000000
1B23F11F
F40807C6
19D1F51A
0D13FE09
1FFBFB22
D10716F4
01FC09BF
E5DC07FE
06F4E1F7
E4080A17
00000000
00000000
231EE737
000806DD
1FC2E509
1C2704D2
19F2032A
DF1A06DA
F507FA9E
EBCAF60E
EAF9D909
ACEF2615
00000000
00000000
2627BD2D
FC0723E3
1BD8E41B
28220BB7
0CF01528
E51D1BEC
D00101A0
00C8ECFC
EFDFC216
C2F21F15
00000000
00000000
1011B234
F2FE30E4
23D9DA22
2615F3CF
0EF5142B
E61236D0
D014EF93
FAD6F8FC
FAF8DF14
B701150F
00000000
00000000
200FA417
FD022CE7
24D2DB00
1B20E2D5
1305183B
D52D30CE
C007EEA4
FADAFCF6
FED8E421
BCF3130B
00000000
00000000
F80FAB1A
0FF922E6
2DD5E307
1023F0BC
21051B28
DB212DD0
CF0D03B3
04D7F50C
04EEE82B
B8EB1B25
00000000
00000000
0701B417
EB0928E3
30C4D913
211DEAC7
13F62A31
DF191DDE
EA1907AE
FCEFED15
F9DAEC1B
B9041A0E
00000000
00000000
18EBDE0C
FB1722CF
0AB5C60D
0C05FDE9
FCE3052F
E30E0DE4
EC0DFBD3
040CED14
F302F404
0C0E2E18
00000000
00000000
2112E131
160F08E8
12E7D50B
05F90F02
1002FC14
CEF8F7D4
FC01FDC7
00F00F13
F7F7FED4
E30D1A09
00000000
00000000
100DD23B
090B19DE
2BCEEA10
1D2304E9
F4EBF91A
E01C17DB
0306DFBA
F2E7F100
EFE9DF0C
D0FA2B06
00000000
00000000
0D03BE2A
0BFD2AD3
0BDEDF11
3219FEE4
F9EE2221
DD1C10C5
FB2AF6B6
F2D8F1FB
FEE8C91D
C1FA250E
00000000
00000000
12F6B32B
30043EE0
15E1DD11
2318DAD1
F3EC122E
E52627E3
F21EF5C4
F0D6E6EC
FEE8D027
ACF032F4
00000000
00000000
02FEB321
181238EC
1DDAD410
231BD3E9
F5FD1C1C
F82129DD
EE16EDD2
F4CEEFF7
05E5DE09
BDED2AFE
00000000
00000000
F508B82F
1F052DDD
1DD5DD15
221BE2DF
FFFE191D
F91618E1
F214FFBA
F3DEF608
FAE5F21D
CEFB15FF
00000000
00000000
020ABB19
F80430CC
35D0D617
1920DEE9
030E191F
E71206C9
F1F908DD
FAEA001B
01E2FE1C
B9021B09
00000000
00000000
1EF3DA03
011824DB
28CAD006
FA14F1EE
F6F2F82D
EBFAF3DD
FDDD11E1
F71BE723
EDF4F812
F717280F
00000000
00000000
0AEFED27
030A09EC
1AE2DB10
1F0BF90A
F4ECEF1E
EB0F13DE
0FFD00DC
00F90619
ECFE01D5
CC1622F7
00000000
00000000
0BFED63D
1B1728CE
27C7EE0B
1A0E06F1
04F30813
E41A2BD7
FC0FBADF
E8E8F709
E7F8D901
D008260C
00000000
00000000
1AF6DB32
270E31CF
0DD0DD0D
151C00E1
E0F30018
E81C05D9
FF08DBE4
E7EDF305
FFE0D920
DB0429F2
00000000
00000000
1809B31F
2F1D38D8
0BC4C110
191AE5E5
EDEC0E1E
E0221BE4
0623E4DE
F4DCF306
01E9DC0A
B5F437E9
00000000
00000000
17FEA51C
28003EE2
12D5CC00
0E23E1EB
EDE80727
F41C12E3
111B04DB
DDE7F101
03F3F30E
BE0022EC
00000000
00000000
FD0CAA1D
10F930D1
26CDC817
191EDEEC
EAF20920
041D16DC
080308F3
E5F9F208
EED6F616
D00326F9
00000000
00000000
0409B21B
1A1142DD
20CDBE06
0C1EF3EE
F1050910
060DF8DB
FBE4F0EF
E609000B
EEDAFD14
BCFF1A05
00000000
00000000
1807CE13
F80C38CF
21C3D50E
0212E9EB
ED081C27
FF00DFDC
F6EB13F5
0B11FA1E
E9EFFC1D
CF1125F3
00000000
00000000
2308E90A
FDF51CF6
1BF6FB11
1910FDF1
F7E0050C
E80904F2
0B0203F3
F5FD1205
D213F907
D7F5F503
00000000
00000000
290EC117
011C16EF
1CB3ECFD
081D0DF1
05EEFD07
F20C10EB
F5E8E50D
0CFC0702
E7FF0013
CB0526F2
00000000
00000000
3605CB21
122127D9
1BB8DFFF
091102EA
F9EDE80D
E20E04EB
F300DEFC
07FCF712
D1F5EF1D
DC093EF9
00000000
00000000
1C12CF25
250A48E1
0ECDE600
051FDFEB
0EE8EC0D
F82412F3
E404E60D
03050311
F3E5CD05
C7FD33EF
00000000
00000000
1D0EBA0D
0F2128EC
22C4EB06
F10EE2EC
10F40D05
E81C0BEE
E908F1FF
0011F110
DBD6D3FD
E7FE3BF8
00000000
00000000
201EAB10
060B40EC
2CDBD20F
0608F4F6
FBEBF915
011420E7
F6E5E9F5
F408E205
B7F4F50F
E3092CF3
00000000
00000000
1C11A309
EE1150ED
1EC8D415
0B1502FF
EEF3F10C
FA11F9DD
1DECF6FC
F3FFE701
C7F00FFF
D80C240B
00000000
00000000
1A0EED0C
FF082AFA
0EE1F110
0D22FFE3
E2EBD712
0306E8E4
14F517F9
F9F60708
DFE60411
F0150F0B
00000000
00000000
D8EA04BE
2203FF05
F8ECF42A
E71718ED
17EF0E1F
F9FEFFFD
1F0C0409
0CEEF6EF
D4EBD211
0E2201D7
00000000
00000000
F7EF2FB1
35251418
F6E6EA36
DA22F2F0
23FF1B0E
E504E7F2
10010202
0AF7F1FC
ECC8F9F5
05170104
00000000
00000000
EEDC15CA
413B120E
E1DEEDFF
E701FD15
191C1322
DA03E6EA
FF0AFEE8
07F90101
F5D30B01
0F020005
00000000
00000000
02DF15D2
45291E02
DDD0E1FF
D817F325
19261402
D9FCECF7
E5EA0FFF
0B1211FD
09D4071B
140CF7F3
00000000
00000000
FB0B14D1
3EFD201D
DFDCE7E4
E311000F
1F271115
E1F6EAEA
F7DCFCFA
F80BF414
08000605
0B01F3FA
00000000
00000000
061EF4CC
30FD2316
F0D1F5FC
E410EEFA
26210417
DCF7FBEB
E4D41510
0110F907
F702FDF8
FA070F02
00000000
00000000
1214F5A0
21F83120
FDE1F818
D910F9F3
3728FF1C
E0E8F708
EBC71EF8
F9EFF2FE
E60EFC06
111BEAE9
00000000
00000000
EE360DCA
26E82615
0BDDFA05
EE00FFF3
1921F123
00DF0800
E9FA06F9
0D14EF0C
EB03F2F1
FAF8D7E9
00000000
00000000
DFE82ABF
2426F812
EBE8EC0F
01131AF5
08C8101C
F50FF6E7
0A16FFE2
E00AF81A
0AD6D335
121EEFF1
00000000
00000000
FEC94EE3
3C3DDF17
00CDE7D9
C122FB23
18092F00
C4F4F4ED
FB12F6E2
EC0AD4FD
19CDF41C
0E13EF08
00000000
00000000
07DE28F0
3D28E81C
07DBE7C1
BF1BF533
312334FC
C7F1F0DE
EA1407F9
EAFDD4FF
F7E312FA
09F3E615
00000000
00000000
18FE2EF7
3623E315
F7DAF4BD
BB050640
362F33FB
C0EDE8F6
E00910EC
FAFDCDF2
19DFFC11
0A09ECF7
00000000
00000000
14261DFC
2EE30409
F9DAD5BD
B704FB3A
4F3B27FA
C0FCECDF
D8F72FF7
00F9C7F0
20F10401
0407EA0F
00000000
00000000
13371EF2
22D92727
11C8DAC0
BB03EE22
443A040A
C503E7E0
E7E53FFA
F1E5BA06
EFFB0EF8
040FFF05
00000000
00000000
0A380ED3
12EA322C
22EDD3D6
B50703FB
4555FE05
BFE6DCE3
01E14501
DFE0C31E
00E407F5
0EF70916
00000000
00000000
F242F9C9
1BEF2D14
1DF1D3FE
D20E0EFC
3B28DCF7
F5E5F0FC
F2E633FB
FAD1F621
F20AF7F4
FFEF0317
00000000
00000000
ECF82EDA
1528FD07
19D2FEF6
DF0EF4F9
04C81511
C90700EE
160B15E7
FA00D3F7
1206DD3F
0517FB18
00000000
00000000
FFD83ADC
373FEC08
FFCBF9CB
B906F033
17FF23F5
B9EBEEE0
062B0D01
F80FC6F4
1702EE18
0A07FC18
00000000
00000000
0AEA45F9
3D2CE109
01D6F0A9
B300EC3B
150A31E9
B4F6ECEA
E2090301
F405C9EE
15FCFA12
0503FB14
00000000
00000000
0CF32406
3C21E507
FCDDF397
B3FEE842
1A1434F0
BAFFE5F4
CC1918F8
F107D6E4
13EC0A20
1BF9F007
00000000
00000000
1219170A
32F10B0E
FF04EFB3
A5EDF244
1E3E27E5
B6F9E0EC
D7FD310F
FFF1CFEB
14E3FB09
0CF0E213
00000000
00000000
0D2711FB
23DF210E
0506E3B8
ADF6F430
253616ED
C1ECE4E5
E5F33C11
F5D2DAF4
05E70A0C
1C01E60C
00000000
00000000
0C3E13DA
1FDC4125
09F7C9D7
C1F6F219
263403F7
C0F0DFD9
E30C4810
EDCAD405
15D1080B
17ECEF0F
00000000
00000000
F83517D6
0FCE3F24
1400C3F4
D908F9F6
262DD600
E5F9E8E6
DFFC3616
F0BEFE0B
FCE70E0F
1302F808
00000000
00000000
FD033BCF
1625F4EC
10D610F3
EBF9ED03
07CB0B00
B0F5EEE2
04F10A0D
CB1BD200
3515F432
0A1C0423
00000000
00000000
13F247ED
112BE7FC
11CA13DF
C1E2E720
02F21BE1
A3F7F1F2
D6201517
0119ADDB
1F13EE14
2009D71C
00000000
00000000
0CF22C06
212CE5EA
0DF519D2
BFD9E72B
08F82FFB
AAEEE2EE
DF1C0F13
0B08B8EB
1811E80F
17EFEB19
00000000
00000000
19FA161F
2813E4EB
180D1EA8
A3CFE040
0B05290D
B702E6F4
E2221CF7
F905E2E5
0DF3F008
1BE7DA01
00000000
00000000
12050C13
2603F2F7
1C2513B8
AEDDE739
171F1EFF
ABECE0FB
E3161D02
FFEFE1F5
08021305
06E0DE01
00000000
00000000
07260903
1EF31AF4
1222F4D0
C8F0D828
172412FD
AF00D9E2
DD0E2B0E
F8C7F1F7
16D617FF
FCDBD718
00000000
00000000
09311DF5
0EC82603
1106EAD6
D6F5E707
252DF7E9
C002D7E8
D30F4B20
EEA6F7F7
1BEB1BFE
04FBCB22
00000000
00000000
113A08D7
FBBC4800
1705C5E4
F602E8F4
201EDEED
D3FFE1EF
E1223F16
FBC70718
08FC2C10
F3E0F021
00000000
00000000
181936F4
111BE0E9
12CC0BD8
D2F9F0FD
E6F41402
DCEEF2FE
EF07210A
E612D2E9
2C1BFE21
FE03F637
00000000
00000000
16F93611
0227CAF2
17C32DCA
C8E4E50B
FC062BFC
C6EFF7EE
E7180F27
FA19BCE5
3131EAF9
FA0DD832
00000000
00000000
0BEE2A1E
1537DAF5
13FA3ACF
C4D1E107
F4042B0F
C1FCD7E5
DE251400
16F5C2F9
2020E709
03EFD70B
00000000
00000000
13001620
0D0AF1E0
0E3045E6
D3CAE134
04F9270E
BA01E8E8
F32111F3
01FBD5EA
140CE2F6
01DCC306
00000000
00000000
180A0F24
16FEEBE3
164330E3
DAE3CF2D
FC08190A
C8FDDFED
E2152CFA
FCCFEEF8
18EC08FA
FDC9BA03
00000000
00000000
0A121112
00E20BD7
0F3919E4
DCEDCE18
05230308
D9FBEDF8
DC0D2816
F6D7F9E7
16D614ED
0BD2C310
00000000
00000000
151B110B
00DD1DF4
141BF4DC
D103D2F5
0F1EF5F4
D601F2E6
CB0D3217
F6B2EBF3
1DF23EF7
04D9BF34
00000000
00000000
1D320DFC
E8C335EC
1D02D4FD
ED08FBE7
0E14EAEF
D7F3EFF7
E711180C
E0C9F507
26EB3211
F6FBE226
00000000
00000000
18201AFC
FB0ADFED
0AE01CF9
D7FD01E7
CEF90100
E2F5EBE9
F9FF2201
F116C8FC
26180B1C
05DAEE2B
00000000
00000000
1810321B
F52CC8F5
26CE28D5
D0F803F0
DBFC2509
DD13F8DB
E2051A18
F7DDAAF2
323B0304
F9E8D02C
00000000
00000000
2104131E
FB2ACFFA
0FE738E7
CFE901DD
CEFC170C
E201F2E3
F1151E0E
0BE3CC00
2F33F4EE
FAEDBE2A
00000000
00000000
16021028
0208DBDC
0E1D35FB
D9F5E3FE
E1FF2415
DFFEF1DF
ED0C2702
12DCE3F6
200DEAE1
FDE0BB21
00000000
00000000
0BFB131D
02F5F3DA
0D3338FB
EFF0DF10
EB090523
DDF9EBF5
E7211DEF
00DBE0F7
1EED05D7
11CBAC1A
00000000
00000000
1F0A1621
FEDCFAD6
10321DFC
DB0FDAFA
EC0CF919
E702F5DD
DD1E2E04
E9BFE3FD
17DF19E8
0BE0C734
00000000
00000000
1415132D
04EC0CD3
1C2403F4
E808F2E3
E501FA03
E1F403F9
E2142101
F4D7D8E3
20DC27EE
FAF7C53B
00000000
00000000
121E080A
E8ED41F0
3614F0F0
E809EAE4
EB0903FF
DCFAFFF6
EF0F091C
EDD0E6E2
2DEB15F0
E4EFEB34
00000000
00000000
2A380EFD
E8F7FEF0
20E50DF6
F71107EA
C8F4F81C
F908F3FB
E4F023F7
E21EC7EE
39EB030C
EFBCF33B
00000000
00000000
171F2C27
F2E1BAFA
17F235CF
E10DFEDB
D30812FE
FF2CF7CE
EC080B1E
FDD0C8F1
3700FAF4
01E6D23B
00000000
00000000
160B1C27
01E5C6DC
13F33BE1
E00BFCEA
EC0E1C07
EE1B00F7
F5FF0F06
FAE7C708
261BFEF6
09DCC426
00000000
00000000
13000526
F6D5DCDA
090043F6
E00EEDF0
DF0C1514
F42300E7
EB191BFA
11D9E6FF
3613F5D7
F1EFC42B
00000000
00000000
1CFF0F21
FDD2E0E8
031D2306
EC04E9F8
E70E0210
F00FF7F9
E81718F8
12D8E80A
21F50DE3
FADFCA12
00000000
00000000
16122721
16EE07E4
0C1801F5
F213E2F5
E2F70016
ECFF09D8
EC2C130B
05EAD1F4
1FE21EE0
F0CBCD36
00000000
00000000
1D003111
FEFE20E6
0C0BF9FB
F10EE7EB
F000EFFC
F0FE0FE8
EF231003
EDEBD1F2
1FC722ED
FD02D23E
00000000
00000000
0D072C1A
E7EE1BFF
2D00FCFF
FB24FAE9
D209DDEA
E21118F5
03200FFB
ECDFE3FB
16C609F1
FCFDDA2A
00000000
00000000
1C16050B
E6E302FC
1AF5FD08
F4140FFB
D800E706
F421F7DE
FCFF0CED
F3FBD8F0
27F91BDF
EBCA092E
00000000
00000000
1227F70E
F4DC0404
0C12E6EF
F11A1FDA
CEF6F0F6
FB40ECE3
05DD1E1C
10DDECDE
23CB0FE7
FBD5023C
00000000
00000000
0517F120
03B3ECF3
100DFEFF
F20F0BDE
DE09001A
032CF9CB
FCFA090A
03EAF0ED
27EC1EF0
F2E80637
00000000
00000000
FE18FB17
01C0E4F8
FF0402FA
F515F7EA
EDFEF208
021CFEF0
FD071305
0CF4000D
3AE616E1
D1E60B2C
00000000
00000000
03050304
07F2CFEC
FC03FF09
F014F0ED
E9020303
EC02F9ED
05140E0D
180D00F4
3DF11FE6
E3E4112E
00000000
00000000
0BFE2415
FEF3CCEC
F2FC131E
F220F7CB
EC00F607
02FB14E1
0123F511
FFF6EDEA
2AE012EB
F3F0F735
00000000
00000000
01E62908
F911E603
02DB0D02
072B08F5
E60FE711
F10120D4
0A2CEE0A
F2DFE3EA
2AD507E7
F0F8E329
00000000
00000000
00E039F8
F01BEFFC
15ED0FFB
FD2602F7
EDEFF3FD
10090DE7
E740FBFB
EADDE0FC
3BDCF4EA
D3EFF038
00000000
00000000
F507F3F4
E6F8F117
0CFC0719
13F7FBF3
24F002FB
0CF20929
E90A0C1A
F4FC07EF
F211FFD2
D519FADC
00000000
00000000
F604FFD4
E502F712
02EAEF14
100C00D7
2B00E4C9
0FFBF641
EC130A21
EFE6F0D4
E6101707
CFFF1209
00000000
00000000
F10706F7
F716030E
05F5EB24
0BF4F0D8
3DF8F4C2
0E04F340
E104FA1A
0C00F9C6
D507140F
C5FC1BFB
00000000
00000000
F00407D4
F50E0C04
FEDDE42A
0901EADC
3CF4F8CA
110F053C
DE090012
0C03FCC7
CDED0EFE
BD051C14
00000000
00000000
EF010AD1
090DFFFF
F5E4F221
060DF4DF
39ECE2C5
2000F549
F2170E0A
E6FDE7CC
B6F9140F
CB012318
00000000
00000000
DAF405CD
12110CFF
F6E8E320
00FFFBE7
2EF9F5DB
1EF7F44C
0213FAF0
E501F3EB
E3FD1902
E60A25FB
00000000
00000000
E1070EC8
00F90513
F9F8DD02
F7FDF5D9
1902FCDF
28EFFA41
F3F5F617
05010C0B
E6FCFCF1
D50A0EF6
00000000
00000000
F4080EDA
E4E9F70C
F40C09FF
060DFE01
06EBFBDF
0EED0013
09FEF430
0101000F
1D0D06C2
E90D0406
00000000
00000000
0CECF600
FF290103
FBEFE326
0F2B02CA
2107E6CB
0F020B3D
F1E9F715
04F4FEF9
C10FFF11
C7D127FE
00000000
00000000
FA0F1EDF
E84A1509
05E7D41F
0717D9D5
2A16E0BD
1FF0DB4A
DEE0DC37
0ADD05B9
DD080702
BCCF370E
00000000
00000000
FE1317B8
02451E06
04ECD230
1014CECD
3AF1E5D9
12FDD049
D2D00027
FFDFF3B8
DA151515
C0D92E0A
00000000
00000000
E71B21C5
214F1406
02DAE122
1028E1DD
30E6EDAB
19FBC957
E5B71926
E7FEE4AF
CEEE0707
DBC22F0F
00000000
00000000
DC1613CF
2A5C1FF4
01EBDB31
031CE1F1
2AEDEBC0
2DFBBD4D
F8BA2704
D602D9BA
CAEC1707
DAC12C1B
00000000
00000000
D92522CD
2A5B29FD
F9D1D22A
0D21D6E5
38EFDFD2
27F5C34A
FCD20AEF
E1DCE3E1
C6F51510
CDD32E06
00000000
00000000
E52A1CCD
FF531205
00CBD21A
0133F4E1
2F23E6CC
2908D75A
FAD6F0FD
FBB3FBF5
E6DD0601
D0C83DFA
00000000
00000000
F2170AFB
D9210308
00EFED19
FF2003E2
190BF1E6
1C07EC16
EEF8F3F6
0CCC011A
0DFDF7D1
D9D32406
00000000
00000000
1A160FD8
002F0713
FBCDE31E
0CFEF3F8
1907EBD5
12E1041A
D803F91B
050900EF
D908FAF7
DBE823FE
00000000
00000000
E80409C8
FF3E1B0E
15DAD425
011EDEC8
1EF5E5D5
1CF1CA43
D6F3F22C
12EEFCBC
DEFF051E
BAE72EFD
00000000
00000000
EA1413C2
03481E16
1CE7D025
1F20C5CB
1DE9E7CD
0EE7C54A
D6E31025
0BECF1B2
C6FB0E18
CFD62E12
00000000
00000000
EA0816D6
1F451913
01DECE37
1E2ED1E1
13D4F1D1
14FBB64E
E6D60F10
F9EAEBAC
CE010DFF
DFDE2212
00000000
00000000
DB1818D7
30481C11
FFDBBD2F
032FD6E5
18CFF1D4
12F8B758
F5B91B09
DEF1E8B0
D5FD0F0A
FEDC3007
00000000
00000000
CB271CE2
22451913
FCE8CB2F
F91CD8DF
27ECF5C8
1DDEB061
FBC609E1
E6DEE5D6
C80A04FA
EBDD3805
00000000
00000000
DC2626DC
23381515
05DEC431
EF28D5E8
2404FEBA
39E5CE59
E4E5EFF6
FDD005E9
CFDEF9E5
D6EC2CFF
00000000
00000000
F1240F09
EE1D0A0F
06DAE31F
F80BFAF2
171E06D7
34F6F911
D6E6EEF7
19DE1514
F1F80BD8
C4DE08FF
00000000
00000000
18F9F9F4
012C2207
0EE0E106
F502E40E
16FAF8E6
04EDE423
E4F0E8FB
07050FED
DA1D0C0C
EC032AFF
00000000
00000000
EE0503D7
1B3E1929
1AEEC90F
0512D7DF
10EAE2D4
11EEDF38
D3E3EE1D
23EDF6BD
BFF20B0E
C9023604
00000000
00000000
F6050DD1
153D1E17
1FECB811
141FC4D5
08DCEBDF
1BF6D041
CCE7EF18
01D7F4C1
C0F61010
CDF62704
00000000
00000000
E5031EC2
28522313
14FFBC0C
0324CED7
06C8EDE6
18F2B44D
FCC50D13
F9F0F0A5
BB05080F
E8F92A17
00000000
00000000
D91215E3
3A452118
11FABB29
F928D3DD
06C8ECE8
15EFAC5E
FCC60EF7
EFDFEEAC
B10510F8
F7F52307
00000000
00000000
DB2719EE
2C461B0F
10FBC524
F527DCD9
04D4E5EC
1EE8BA57
03D912D4
FFD9E4C8
B5E407E7
EEEA2527
00000000
00000000
CF1D1BFB
2A3D2308
1AF1BD1D
F41EDBEC
FCF3EAD4
2DEFD03B
DDD7E4DF
1ABE02DF
C8E305F8
DEFF2601
00000000
00000000
EB031118
160E10EF
FCF1D3F1
F6F9E5FD
1B0DF6D5
25FBFEFB
D1EDE9FA
28E20111
D8FA0FE1
E60F222B
00000000
00000000
0D00F1E2
052A292F
08D4E0FF
E2FCDCF2
15EFEFEB
05F1E2FB
E8F7DDE1
15FDF0ED
E507120F
E70F3515
00000000
00000000
E9F211E3
1F332630
0CE6C0F7
F713C2F5
13D5EFF1
12FCD325
D0FAE5ED
1AE6E7CC
D3DF0A04
E4192815
00000000
00000000
FAF216E3
313C2220
1401AEFA
FD25CDE2
07C2E3E6
0DE9DE3B
D2E5D6ED
15F5E3C0
B1E00F0F
F3102918
00000000
00000000
F10214E6
4049291E
09EB9E14
011EDACA
05CFF8E3
FFE8C943
F9EEE8FE
02E9F095
B1E80B21
FD0A2611
00000000
00000000
F00918F9
48392218
0BE4A714
F11EDDDF
F7CD0AE1
0EEDCA55
E0F7FECB
07E0F2A9
C8F2FFFD
0A051726
00000000
00000000
CD0517FF
32361E2A
FDF7A015
F015E4F0
01DDFAFE
0EE9D038
ECF9F0A5
26CEF3AA
CBD403F8
0B132425
00000000
00000000
E6070F06
3A352824
04F7BA24
F409E5EA
F9D4EFD9
24EBD927
E0FDD8CD
22CEF8EA
AEE302C8
F4212614
00000000
00000000
07F51125
22140AFF
0E03E1F0
E0F7E001
02EF0CDB
1BF3FCED
C9EDCDF2
29EAF60D
CEEC10F3
01301F15
00000000
00000000
04DFF9FB
FB221A33
0DE9D6E3
EF0BECEC
0AE102DE
08FDF7D6
E6FCD9EC
07EBEE10
E10FF802
FB142A26
00000000
00000000
FADB1510
2F2A2A43
0DE5B9E6
DE0AD8EE
06D6ECE6
07FCF1F7
E107F2D7
1E17DFD4
C4D102F7
FC0F2E1A
00000000
00000000
EEE40FF4
2C2A2633
14E9C6D5
EB18DDE6
03D9F1DB
F3FCF622
E7F7E9E0
1904E1E4
CEDF020C
09191F13
00000000
00000000
F4F20A09
353E252A
09DEB8F0
E90EF0EC
F6CEF6E6
EAECF733
E901ECCC
1CD4F2B5
CCDCEE25
0F17241D
00000000
00000000
DF021A03
3E422432
0FE7C20B
F911F4BD
ECE10D0C
F5F3EE2B
E205D7BE
1BD3D9A5
C0E102F6
11181A1D
00000000
00000000
DB07131E
27352022
FBE7B409
F8FFE9EE
F9EF06EE
04EEEB2A
EB12D2C3
2BCCECCB
DAE008E5
0B202312
00000000
00000000
D4F00C28
2D32272A
15D6BCED
EF03E2E5
02F7EADE
04ECEB14
DFFAD3D2
3CD8EFD2
BDF205DE
09292919
00000000
00000000
F0F8181F
1E2A1213
05DCC801
F4F5E8F9
0FF408D9
1CF302FF
B7EEF1EC
23E5EFF5
CA060BF7
0F2B1A17
00000000
00000000
08E00C24
15241A20
13CEDB04
EA0DE8EE
EBD500E7
08FAFCD5
F004E1D9
1BFCFE14
D702EEF7
FF1A261E
00000000
00000000
EEDD070E
21342451
16D8C0E4
E60BE7DA
0DDCF7E6
F7FDFA02
DFE0E4CA
1D0AE5F7
BBE7FFF7
0A1C3110
00000000
00000000
06DE0C09
302E2525
16D6B8D2
E204EEF8
F5F6EFF3
E3F7FB11
E8F7DCCE
1C03EAE1
CCDC050C
0723260D
00000000
00000000
F1FA0927
32372527
14C7C0E5
E604FAE2
F1FA01F7
F5E40725
DCECCED2
23EDF8C6
C0EBF200
1D1D2319
00000000
00000000
F5F30E35
2B36210F
06BDC1DA
FE0E00EB
E0F30109
09EE0734
CF00DBC6
37C8E8CC
C7ECEFF4
101D2115
00000000
00000000
EAEF1E1E
3333210B
FCCCBBF7
ED0BEEE7
F0E3FCF4
09EC041C
C314D7DA
45E5F3CE
C1E0FB07
0B29200F
00000000
00000000
ECEA1E2B
2B332122
06CDC3DF
E702E5F2
FBDEFFEA
0BEEFF02
D500CCD8
3DE1F9EE
AFEF04F0
152E2115
00000000
00000000
FDD91528
0F29120D
12EFDEFF
FC0AF3EF
F70C10EF
09F700E6
DBE1DC02
1CC7F9EC
C503FDFA
0B21111E
00000000
00000000
F8FAF30A
1F1E1EFA
180AEA01
D5F6F7EC
DDF00301
06E5EDFE
1C05FB07
12F1040B
C80DF101
1C1120FF
00000000
00000000
03CD080A
18342910
1BEDD8F6
E20BE307
02CD08FD
FBE9F2F4
F700DDE7
0E0FE40A
A2F2FE18
0E1434FA
00000000
00000000
0DE118FF
212D2F07
FCF6D8DF
F800ED0E
F7D40109
F6F7F10F
CF02E6E1
2206E10B
BEE2F005
1020270A
00000000
00000000
1BE0FE1A
274A1E0C
F8DBC7E3
E904F4FF
F3D00DFF
F2E8F62A
E30AE7E0
35EAEAF7
C7CDE5DB
0E2D3BFC
00000000
00000000
05ED030E
1E44230A
FED3C0E4
E0FA030C
FAE8090E
0FF4FA25
C9FAD7DC
48E30403
C2F0D9F3
FA2528FA
00000000
00000000
F6E00B02
22432413
F4CCC8F5
E202010D
0BDBFD0D
EA04F80D
DA01DFF5
47EBFAE8
CCE4EA03
15232CF2
00000000
00000000
07D5FD09
1D363310
F3C6C0F2
E6FFF6FB
00D71C0A
F20AF0F4
D9F9E1DE
34EFF607
BAFDF412
1F2E29FA
00000000
00000000
11DC0901
FA25112A
05E7EC0F
F408EEF4
F3F602FB
0CED01E1
EBFA03EF
23F2F5FF
CF0FF80A
15200FFF
00000000
00000000
10E7DA12
EE1F14F0
F712F501
22FC0BFA
1522F8EC
0BF716E4
FC0813FD
F50A01F1
E8BBDF13
F1D9F208
00000000
00000000
250CD40B
ED1005E8
EB20F913
1EF8F708
1F0107ED
0DF0F901
DF2130EF
F3FEFCDF
E0AAE817
EFECF60C
00000000
00000000
13E9D611
041516F9
D708F812
25060012
110BFA0A
10E3E4EF
DC203BE3
F10C00C4
D7DDFBFD
13D6F01D
00000000
00000000
0C00D222
02FDF3F3
DD05EC06
1000F00B
2401E00F
06ED02DF
BE3248CB
EF0C14ED
DDE60614
1FF60918
00000000
00000000
F6F7C625
0F050AF1
EDF9F0FC
2110FE05
35FEE2FE
11F5FBF6
C62C2AE2
E7012EF1
C0E71919
12E3E505
00000000
00000000
05EFF314
0E091BF9
F206F706
1F0B0001
1202D6F8
17F80E13
EA2207EB
E1FE27E5
B4E9080D
1CE9E60F
00000000
00000000
F2F4DD18
EA0F17EA
061CFB0B
20EF0A1A
0007EBF1
1EF50F06
06280DE2
D9FA16DB
E7C1FA08
0AFBDC07
00000000
00000000
0619E811
EE2607EE
0EF2F00A
1BF515FB
F911E6F6
100C1702
030CFB11
F60419E9
FFDFDF0E
EDD6FA06
00000000
00000000
0DFBCB05
D8081C18
0F04FC0A
191D03F9
2005E8E6
FC0A00F2
F1F61BF6
ECE70C05
E5E20CF2
05F4F30B
00000000
00000000
1111E1ED
E7F20617
FCDFE933
161CF0DF
0B1EE3ED
F119F3EF
DBFB3CF9
F2EF1427
F0C32CCF
2FB6E110
00000000
00000000
1C0BDFFB
F8CB0AE6
F9D9F13F
081FFADB
001FF604
E819E8E9
C2073D0F
F20C091D
E5BE18A9
36C6D91B
00000000
00000000
2013DA05
0DDF0BEF
F5D9E848
F020F8E7
001EEB15
D50DFAD6
BAEF38F9
FA1E0A1A
F9BF33CD
469DD505
00000000
00000000
1502E10B
0CE1FAE2
04D5F840
F01FFAF4
FB25ED02
ED1007F4
BAFC22CF
FC141217
DCC130CD
40B7D303
00000000
00000000
FCECDFF3
0FF3E8FB
08EE034C
F7210BEF
D915F100
F60E06EA
DAFDFCE5
FC141D1E
E1B625C4
3BACD0F9
00000000
00000000
F6F8F3DC
FCF8F9FF
1FE8F13D
011115FA
F80DEDFE
F40E08EF
F215FDC9
F4F32B2B
D7E613EA
3AC9E201
00000000
00000000
090010E9
E812FAFF
0AFEF426
0EFD1604
F8EED8EE
1A0713FC
0509EFEE
FC052521
F0EAE8D6
F2DD0521
00000000
00000000
16EADFF7
D8212F16
FDEDFA0E
180C0DE1
0A0CD6EE
F1FDFCDE
F4FF2606
E3FEF51E
F6F522DC
10FEDD19
00000000
00000000
1EEED90B
E7F50401
11DDDE2F
1019F4DA
F01DFFF9
F627F2D2
D1FB38FA
E20A001E
F4B131DA
1CDDE50F
00000000
00000000
28FFE106
F6D61EF8
26E3F236
0131FDD7
F029F10D
E417F2EC
E5EC25FC
CC030D12
E19E2CD6
29BBDF11
00000000
00000000
1FF7DDE6
0EE4FDEB
19D0F83B
D62EFAE9
D828F021
CC1AF5D1
BFF529FE
E6120324
F09230AF
3DA3DF29
00000000
00000000
0F08CDF9
17C6F6E2
2DD4FE52
C827FFEE
D926F22A
CA1602E6
C5ED16E0
00201518
F1A430BC
30B2D502
00000000
00000000
00FBE908
03DEECE8
25F2F531
E52603EC
D110E90E
DF1901F5
DBEA07F8
0612212A
DCB22EBA
3CBAD5EA
00000000
00000000
03E6F01E
F2EBF508
22FD032F
F7180AEA
F01CEE08
E417FAE2
E00C0EE7
FE09292C
F1C427D5
38B9C0FA
00000000
00000000
F7F72A0D
E600F701
120FDE0D
12060807
FC07E802
0BF407ED
0012EFE7
0700202A
F0E4E2CA
03ECF9FE
00000000
00000000
19F0F212
D8081E1D
0EEEEE01
040D01E4
F10AE802
F6FCE7E1
03FD24FB
F210150C
07001DF5
FFFDE00F
00000000
00000000
19F5D806
00E01900
11D1FB18
FD2BFDDB
F21E000D
F131F8E3
DFE41A0D
E1F71014
06B02DE9
18DBCA09
00000000
00000000
0BFBD705
0ECA14EC
26E4EC1E
E52D00D3
E42EFB1E
DB2503DA
E7F125EE
D9071E1B
FB9E29D4
21ABD215
00000000
00000000
09E0C104
0EC102DF
3BDBF432
D82D08E0
D030F537
D22C09D4
CEE612EC
DF141F1A
FAAA31BB
32AEC10B
00000000
00000000
12EBCC05
13D8E5D3
43D8FE45
C6260ED8
CD3F0039
D0210BCB
D2E509F1
EF222228
FCB427A1
20A2BD11
00000000
00000000
EFE2DB13
0CD4E3E8
3DE2FB25
F62D0AF0
CF2AFE19
E1210CE1
EAFCF7F7
FD191B1C
E5A323B7
2DC7CBF5
00000000
00000000
E7F7EC11
03E2E906
3FE8FE18
FE1917F0
E326FE08
F22412E5
F9ECE9F8
FB0D1527
DACB26C0
2AB4C3EA
00000000
00000000
F80A271F
CAFB0A09
18F300EE
120C0CEF
F1FEF306
18FE15EB
FBFDE301
100D1314
E2EEEFD8
0BF8DA0D
00000000
00000000
10FFDC14
F8050508
00E5DCEF
FC1001F2
DC0A140B
070900F2
E6E8060C
FD111BFC
15F11EF6
FDF2D613
00000000
00000000
02F4C805
0FDBFD0F
0AF5E800
FA25FCE4
E41C0217
EF3511FB
F4DB27FF
E6042415
09B526D6
0EDECA02
00000000
00000000
F6FBC409
0FBCFBED
22F0DF15
E22F05DA
C831F82E
E92A15E0
09D0180B
E20F3418
06A72DD5
16AEA7F4
00000000
00000000
05DBB2FF
22DAE3EC
32ECFF28
CB2C14D5
E631F43A
D4361DE6
0FE0FCFB
CB133620
F7C023B0
0EA8C405
00000000
00000000
02DBC703
1CCED5EC
43F0FF28
D53A0EE2
E42D0439
CE3614DF
02D502F9
D1171D1C
EBD01EAE
1484C5F6
00000000
00000000
FAE1DC12
11C9C6F2
3DE4000F
F31F01E9
DB3C0D23
EB3A15EC
FFE1F503
E7152018
E6C018B6
0B9ECE00
00000000
00000000
E9EBE10E
11CBF205
37F3EE06
081D12EE
C9420D0A
E51617FF
F2E9E4FA
F7193019
E5D80CE4
1FC3CFE2
00000000
00000000
0E090E1F
DFFEDF17
17ECFCE1
F3120BE3
F10B0810
150D14F0
F4E8DDEC
06180D0B
02E9E4D9
F8EAF815
00000000
00000000
0100BF0A
00FDF906
08EAF3EB
FE11E3ED
CF0A0D18
070813F8
0AF924F2
EE0A2111
1FF61003
F6E5E8F8
00000000
00000000
FAE5B40B
13D7C6FE
0FFCE5FC
EF32F8E4
D634091F
F42816FA
05CF1606
F6013415
19BD29E7
FDDAC5E9
00000000
00000000
F6EDA8FC
1CCEE1FD
1FFAE30F
E82F02DD
C62F062E
E02C12E2
14CA0A10
F10A3013
FBCC2BCD
0FB7BFF7
00000000
00000000
F6E5B308
10DAC8EC
25FAF919
C12B06D3
DB310F2E
EC2E1BEC
3AC707FF
E4032C10
EEE21ABF
12A2B7FA
00000000
00000000
00ECBF14
10D1B3EB
36F6FF28
D9290EDE
E4280F2F
FA2A22E7
07C30703
E914190B
F5D60CBF
01A3BBDC
00000000
00000000
00D7DF16
14B89DFD
39F3F915
EA230AE7
E52B0922
E22626EA
0AD60000
F6181008
ECCD06C1
02D1C4ED
00000000
00000000
E9EBEB10
11DBA20C
3AE11002
0C1C05DF
CE240A17
F31F25F2
FAD6EA02
F01F1F0D
FBCF03E6
0CCBBAF4
00000000
00000000
0410F91C
EBE9C61D
0CE4F7D8
02FE1CEF
CD1A090A
04FE29E4
1504E714
0B120E08
1AF1EBDF
FA03DB0C
00000000
00000000
DA03D101
0E0CF5F7
21ECE8FA
110CE5EB
AD1A0D19
F6FA0BFD
0EE62D04
D30A0B1A
2E11EE0B
04EF0DEF
00000000
00000000
D7DDACFA
1402DAF1
21D4EC07
0F15FEE9
C41C2527
E12A19E5
09E309FF
E2112C2B
1EF414D1
0AF8C211
00000000
00000000
F3DEA8F8
1EEAD5FB
23E9F20E
DE1D01E1
CF1C1930
E92117E7
19DA11FB
F1012322
05F70EC9
0FEACCE6
00000000
00000000
FFFDCA10
18EDC0D8
1FF3FB22
C32219DF
CD310E2E
D42415E6
1FC80E15
FCED091C
1800F3B5
FAD8B7EE
00000000
00000000
F5F4DB07
18D4B1E7
1DF2F919
D22811D0
E5240A35
EC192ADA
1AD40102
150C1B1A
FAF9E5BD
05BFB1FC
00000000
00000000
F8E0D50F
15CF8ED8
2EF4001A
DD1614E9
E1181A28
DE1B21EB
10E20909
02150A22
EB12E9D9
17EAC3E6
00000000
00000000
FA01DB1E
FDD494F4
2EDC15FC
100610EC
D6281212
DA1B1CEC
05EC00FD
0603FF1D
0507ECE6
14F6CF01
00000000
00000000
FE13ED0A
E4E4BD0A
19FB14E2
04090AF5
D61C2118
FDF109E7
F4F2120C
F51F02FE
4304D2E8
FDDFDA05
00000000
00000000
D122EBE6
1306E5F8
00F80501
1A0A0AF5
BEFB2006
F409EA06
18DB10FE
D70C1B0B
4E03B908
EEE3030C
00000000
00000000
D004DD0C
1F23D2FC
11CDF9E6
0BF8FEF2
D50F150F
ECF90807
05EE0DE7
E609201F
2829EADD
0EFDE703
00000000
00000000
D5F7D9EF
2411BF01
12E1F3FC
EE010CF5
C005171C
DFFC25F2
07E708F5
F3F71C1B
281EBFB8
060AE010
00000000
00000000
F6FBE4FC
3BFFB8FA
0DE20800
D8000DE6
CF0B1E19
F8FA1FEC
EEE2FF0B
FCED0E21
0846C2D3
0CF3BC12
00000000
00000000
0FFEE909
3004B200
04E60714
E1080CF0
E3111F26
E7F022E3
E4F80A02
13F01416
F02ABCB5
03FEC010
00000000
00000000
E3FC0113
10ED9B06
11F7FCF7
EEFC0DF0
DB121C12
13F919F4
EAED2103
0D0E1321
0523C1CA
060DC5FE
00000000
00000000
F6EDF025
0F19AFEF
24D8FAEE
19F80FF2
DCF9250B
E7EF09EF
E5FA1AFE
FA1D1206
100DABDC
ED14F910
00000000
00000000
EE26F0DF
F51AED0E
0DE9EEFD
110E01E3
E20110ED
FDF2FED7
F8E0254C
F0FF1DED
411FD8F3
E5F1F62D
00000000
00000000
15E10CDD
FA1BEFF7
FD11020F
FEDFF60D
EB15F2E9
F00BF821
E1E2F221
FA0E0EEE
1D0017E1
0DF410ED
00000000
00000000
0AEF0E0A
E91E01FA
D40702F7
36E3F10D
F4FDEA00
05F0030D
BA03FC03
48070D03
F9FD08EC
E80AFEF0
00000000
00000000
130608F7
BD1905F3
CF06F6FF
37EAF819
E7D704FA
10F2070B
B309E802
4C0521FF
DE1005F5
1211F2F4
00000000
00000000
1FFE1719
BD0B04E5
CFFFF8F7
27E5FC19
D0E809EF
0AF1FC03
D508D404
40000B08
D10B10E0
2322070F
00000000
00000000
16121D15
C91F12E1
DE03F8E7
21D2ED22
C1E7F5FF
180200FA
ED0BD2F2
3DFF121F
C6030FFD
EE0A0503
00000000
00000000
F8071E11
CD11EFDE
E312F9E8
2DE9EC26
DCE6F6F7
22EE0207
F1F8DE07
29101E1A
D10E16E5
0006F1E9
00000000
00000000
ECEA1C0F
E00CE7E4
E91E1800
22F7EE1B
DAF5F1FD
28F5FAFC
1405D400
0E041216
DD081BDF
09FAF3FA
00000000
00000000
F2ED0B1F
EC15E9EB
F3150BFA
0FFAF405
0404E1F5
27F20D03
02E8F006
F7111E0F
F9E9110A
E605F6EF
00000000
00000000
1019FDD3
020D001F
F3F9FFFC
13E6F30E
F4C8E3D4
F8CAF925
DD2EEF0B
19081A0A
FF171DCC
062613F2
00000000
00000000
1922F809
BA28F51A
FEF601E7
1FFB0300
E5B8FBBE
18B1111F
DE2AE313
2FDF1F1C
E443FD02
E41CECE6
00000000
00000000
241EFF0C
B409F8FF
F7FAFBEF
25FE0706
D3D0FAEC
18CC180A
DC32EA08
30D61DF7
CE32E60C
FC0FEF12
00000000
00000000
1C290C05
B51BFDF7
0103FCE4
2CDCFE06
CACC00EA
1AC10CF9
D246D814
3EE01400
BE2CE306
F300F41B
00000000
00000000
2C1E08FD
B910F9F0
FAFEFEE6
31FA0807
DCCF00E3
0FD40AEF
CD37D425
30E211EC
BD2EECF6
F8020228
00000000
00000000
F42B13E6
C007FA0A
00040DE9
20EE01FC
E4D9F6F0
1BD518EF
002DC917
23E314E8
C0260C1F
040AEC28
00000000
00000000
EC1E10F8
BBFCEA07
F50010EB
2EE8F9E7
E9DCFFDF
27E30FF8
FE18C930
23E422D5
D32BF11C
0115FB31
00000000
00000000
DF0CFA14
E8F2F6F9
E8FF0FF4
24EDF2E9
0BD7F4F4
2BE518FE
DE14D51F
1C1319E1
ED1BFF08
E222E717
00000000
00000000
100EE3F0
ED230310
05F008FA
13DB0015
FBD4FBDB
FAE00C0D
F127F10E
07E32E0A
FF2ED8F6
F713F3F4
00000000
00000000
3518F4E9
BB29F215
1BF7FDE0
1AE619F2
ECBEFED9
13C0220C
CB27D31A
16DD2623
C72AE512
DA23E4FC
00000000
00000000
241DECF9
B521F605
0EF80EF4
21F7FCF0
E5CA0CE9
1BCF2002
CE2BD902
1BCF2A0C
D32BD808
E611DB13
00000000
00000000
181FEE03
A906F107
170601F2
26DE08D7
E3C90CD9
1FC31AEE
CF3EBD29
29E11FDC
C725F024
E812F829
00000000
00000000
1B2100EC
A206EB1B
110303F9
1AEB03E8
D6E40EEF
1BB821D6
EE3ACA2E
10CA1CB5
D32BF125
E90EE346
00000000
00000000
07290DFF
C20BFA27
100208ED
24EC0ECF
DCDDFAE0
17D617CA
EB1AC647
1BED29A7
B61CDA3D
ED0CF029
00000000
00000000
F92D07E6
BB09F035
F6F619F7
25F2FBC8
FDED08DD
1FCC1CE2
0D19C942
16E520A5
CD28F134
C214D436
00000000
00000000
D12901F7
F6F9FA2E
04E800E0
20F8E6C7
F0D708F3
25E716F6
F7FCDF41
1AFE30C9
CF1DF417
E018D72A
00000000
00000000
231FF823
D91F14E8
FFE5F2FF
05E8FD09
03D007FA
0AC30514
101CE4EF
EFE534ED
063AEAF5
F917D817
00000000
00000000
2615030B
CE27020E
07FBFFD8
0DE804FF
F6C002F2
1DB10C0A
0425DCEE
09D53D15
F323C716
C619CF05
00000000
00000000
1615F3F8
CE21FE04
110505EC
1DF60FE7
FBC60004
11C523F8
F926C506
13D22CF3
E734D815
C60AD302
00000000
00000000
1812F9F2
CA03F60D
1C1809FC
20E902CB
E7CF0501
1EC721D8
DD3BBC34
0BBD2BC8
CE19E237
CB0AE409
00000000
00000000
0A1DF7EA
C807FC27
19190AFB
22E808CA
EAE102EC
1EBE16D2
D930C13D
0CC929BC
BA13DE54
DF0AF202
00000000
00000000
0B3208E6
D0FEFA39
070C09FF
23F4F7BE
EEE30AEC
1DB114DE
031DBE41
11C32B99
B915E756
D11CE6FD
00000000
00000000
F8370AD2
C0F90141
02F303F1
23F400D1
ECE0FDE0
1FC318CE
170CBA49
17CE32BA
C622E145
D51AD708
00000000
00000000
E91EFEFA
F9080B3E
EBF3F6DD
21FEFDC8
DBE400F1
25F70CEF
1704DF3B
13E732BF
DE0BF92F
E91AE2FA
00000000
00000000
1E1B0413
E62521F1
01E6DE09
FEE0FCF9
F1E41CDE
01DDF5F4
0023D5F7
F8CA3DF9
1738D9FB
EE04E033
00000000
00000000
1E0FFF28
BC1A0605
080F03E2
07EBFDEF
EFD9130E
1CD30903
132ACFED
FECD3B0D
F424D701
E201D1F3
00000000
00000000
1A170315
C5090511
1B1B0AE7
FDE6F7E4
F4CC1D08
14DAFEE8
0724DAFD
FDDF33F1
F41BD924
CEFCD203
00000000
00000000
142000FA
B60CFF18
1B1E1200
17D907C6
F4C115FF
1DC704E3
0124C217
11CA2ABB
CC12C844
D109D002
00000000
00000000
012402E6
B800061D
0F1F1E00
1DDFFCC4
F0DC12EE
23D80EE8
1122BC34
0BD923CC
CA0FCB57
D7F7D5FA
00000000
00000000
0C2C0DDD
C4F7F826
FD0F0A06
1FDEFED7
EDE912E8
23CE04E8
170BC932
0DC32CC2
CB24DA4C
D30BD5EE
00000000
00000000
F02718C6
D2FD0932
FB08FAF7
1DF7FDD6
F6EB0EED
2DE20ECC
100CBA32
09B929DD
D419D85E
BF0FD6EC
00000000
00000000
CD1D01FE
D5070A25
DDFBF0D3
19F8F4CB
E7F315E5
30FAEEEF
0405DB2C
19D621E5
E813F842
F307FCF0
00000000
00000000
0F1C042A
EA2705FA
FCE7DD0D
FEDBE903
EEFF33F1
F704EB12
1B17F2D9
EBA934F2
2833E4E1
F6F3EB0E
00000000
00000000
14181124
E41211FD
FB0F03FB
FFDFE6EF
DBF423FC
0DDDED14
1618D8EC
FCC430FD
1120DD19
EF00D3E1
00000000
00000000
12160713
EC060A1B
091614E8
F9DDF5EE
F2D91DF6
07EEF7FB
2114D0FA
F8E02CF9
0315CB3B
E9FAD4DB
00000000
00000000
132400F5
B9FD0E1F
101723F7
08DCF9E1
F7D629F7
08D1F6DA
1C17C21C
09DC25E6
F615B644
D808CEED
00000000
00000000
131AFDCD
C8FB0629
11181A0B
0EE800E3
EBE62AE3
10E204E9
1D0EB72F
01D429CC
D111B74C
DE02D8DF
00000000
00000000
FF2808C5
C1ED1724
0D09110E
11F8E7D5
F9EA2EEF
1CE1F9EF
0E07C825
06E12ED9
DE10C546
D4FFC1E5
00000000
00000000
F9290ABD
BEF3FF2A
050910FF
1400FECD
F50228EC
1CE2EFE0
1602D925
0BBA2FEC
E014C24F
E303DEE6
00000000
00000000
CD1401C4
C6FF1026
CC0FF8E1
1E00E1E9
010223F2
3502DCEE
06F6F021
03CD2EF6
FC18E035
0B06F7F8
00000000
00000000
F5130722
EF2E09F5
F904EE1A
06EFE11C
E1F628E4
11F4E215
1AFDF8EB
F0AF34E6
271FD9EA
E5FEF815
00000000
00000000
15270517
DC0413F1
120C0705
03F5DB09
E7EB1AEE
11E2EE13
1006E8E8
F1BA3E11
FD24BA12
E6F6DFE2
00000000
00000000
3026FD1D
EA0F060E
08100DFB
FBDAE6F4
F1F626FE
0BEAFB03
240ACCFA
E8CE3F08
FC20C426
E0FCCFCF
00000000
00000000
17390705
D9EA0C1A
09111EE2
01E3F4E0
FEEB2BE7
0ADDF6E7
1DFDB431
02DB37FA
F325A743
D6FECDD8
00000000
00000000
162A05DE
BDEC1327
0F120FF6
0BE9FCDC
06F72DE2
06E3F2DC
1207B924
0FE230EE
E829A84D
D3FDE8DF
00000000
00000000
113A02C2
BEFA1A28
F80915F9
11FCF4DE
0B092CEA
0DDCF8F1
1BF8B528
0CCE2DF4
E521A53E
D7F8E5E9
00000000
00000000
FF250DB4
BDE81128
F4081407
0605E5F9
03022FD4
1EE3F9E2
1008CB2C
04B53CE3
0012954D
F304D3E5
00000000
00000000
EBFBFFBB
DF0F091C
E205DFF8
2015F6F3
F0FE2BEF
0F07DEF5
F0FCD61E
04B23D01
1608D938
08FDF5E4
00000000
00000000
0807061D
0DF118F5
ED04EC01
1100F1FD
E806FDEE
F907FD0E
F1F90803
F2F1230B
2A14DD08
F8F305E2
00000000
00000000
06280A1A
FCF600E4
070A0D08
12EEECF3
DBFD26EF
0602DD07
E0F8CFFF
D6E7441C
2B09B500
010AF3EB
00000000
00000000
1329FE2A
00E61202
FC0D11F0
02EEF4F0
F70F24FA
0EEFE412
01E5DDFC
D3EE3D18
1C20BD23
E702E6C2
00000000
00000000
221B07FA
D0D21410
FD031800
0BF4F1DD
020F25E6
00FEF8EF
1AF6D122
D3E42CFA
1218AF34
0009F2ED
00000000
00000000
282D0BDD
E3DE1228
F3011503
0DF0E2DC
E7021FF6
02FEE8F3
07F1C50A
02E639FF
E723AB2F
FF05FEF2
00000000
00000000
1F1A03C9
E8EF1240
FD0919FE
2201EBFA
FD0530E1
0BFBCFF0
E6E6D00C
F7DA40F1
EE2BC127
CEFEF3F6
00000000
00000000
0E1303BD
FEF01E34
E60103E2
2900E5EE
E40A1A03
18E5E001
DFF3E21E
F4F13CD9
FE1DC441
E70BF5F5
00000000
00000000
091CF5DB
F60F0F1C
E303F1FA
2909F30A
E9030D13
18E0D8EB
ECF70104
E7E92DFC
13E7DE18
EF082DE9
00000000
00000000
D307EF20
1D00F302
F3ECF510
22101A06
1B0117F3
0A0C0608
F309EFFB
07E81FFB
EFF9FBFE
C1F9E5D4
00000000
00000000
DC15F9C3
F501ED16
19D9FB1B
0515103C
FDE20FFC
FB18050C
01E90C14
091212E3
FFD4F0D8
EF06E2C0
00000000
00000000
DC29FBCD
FA090EFD
13F9F80E
FB260927
01DA0F08
0C1AE617
18D30C08
FBE91CD5
F2FDF0DE
FAF3F0D6
00000000
00000000
ED2406E2
20FA0C1B
FDEBEE15
F525150F
04DE14F6
0A17F00C
12C81B10
F3F5ECEB
DBFAE6C3
FAEE06DB
00000000
00000000
D10EFFC5
1A0F1605
04E3F807
FA331618
07E40DFB
1319FA04
00BCEE13
000DFCDC
E0F3E8E5
FCF6FBFF
00000000
00000000
D918F0C3
14F8102A
0DD80807
FD29161F
1AEB11F4
0508F80B
F7D9FD10
ED0E12E2
F3FF02EF
EEFBE8F1
00000000
00000000
E207FCCC
040AFF11
17DB0BFA
1519101B
FDECFC02
0C1A051E
F3DCF61A
EE0009D4
E6FA00DE
DAF9D4E5
00000000
00000000
F2112A08
1DFEF2F1
FCEDECFA
16030B0C
00000F22
0AFC0000
FFF4FF0C
00000E08
EE11FBDF
CAFDD7CB
00000000
00000000
9B0EE21B
FC06F3DD
09D90319
151B0CF8
11D613FC
0E170E03
1EE603FA
EA0CF402
02EE0CF8
FB03EAEE
00000000
00000000
9B1CD7D7
EE04FC1D
05E4FE1F
FF300F10
1AB61B11
1F1D0401
09D40AC3
FF0CF810
FEFE0BD7
FAFC0A03
00000000
00000000
9E25DCB4
FE0E1105
04DEFC23
071DFB0B
1FB11C1E
252D05FD
F1E612CE
EAF5EB14
F5F0E2D8
F7F513FE
00000000
00000000
BF16E2CF
05F12DE7
02E7F70B
0128EEFD
20BC0B22
2624F613
06EA23D5
EA01D71C
E408EEDF
E400151A
00000000
00000000
D204CBB4
E5F221FB
FCD8FB08
FD3008F5
32D5200B
2422F41A
0AD21703
F318D406
ED03FBE0
EAF90118
00000000
00000000
DF10EDB9
E0010FF8
04EB0910
00261703
25C323F0
1E23F227
00D6F505
E707E6F9
E7FFE9D0
EF050219
00000000
00000000
D418E2BD
E705F6FB
FCD70AF8
09311207
2AD127F2
12240B17
F7BEF608
F90BF017
F103F7DA
F4EDF920
00000000
00000000
DA1214A0
07FFD6FA
FDDD03F5
09231308
19E31510
0F110D19
E4D1F209
FA08E312
F4FF1BE6
FD05CB1F
00000000
00000000
C510EB18
E80CFAE1
0AEFF616
0F23020C
02B51801
1C1C00F0
FAC70DF5
091AF201
FCED15F5
FB08F6F2
00000000
00000000
C626E2E7
E60D0F0B
10F2131B
09221913
17A41222
1F0AE0F3
FFD200B4
0005E513
EAE808D4
F5080E10
00000000
00000000
C51DE6D0
F70738EB
02080012
08100108
15AB011B
3218E303
FFD520C1
E712B91E
F1FEF7ED
DDF70609
00000000
00000000
C318D6C5
EDFD3DEE
E8FC0B0F
102EFF09
1BB0FD2A
3513D203
FCBF23CA
EB13B41B
EDFDF4DC
CEF61906
00000000
00000000
E104E2C1
E3F733E7
F9F30601
0521FF06
13C00C1A
3828CC15
F8C82BE8
EC0BBE13
EF03F7EA
C0060E06
00000000
00000000
D714EAB0
D6030BEF
FFFC1405
02310C0D
24BB2104
251AFC17
F2C9EEFD
F508CD17
EA08F7E9
D4000AFA
00000000
00000000
DA2BF5BE
F50A0102
08FD0DF3
0227F603
2BBA2AFA
1C120212
DFB3ED03
0AE6DF13
EA0605EE
EFF9EB12
00000000
00000000
CE2914A7
F4FED9FC
03EC01F0
FC1F031A
28DC19F2
091D1A10
D3AD0108
1AF5F01B
04EF03E3
F911D123
00000000
00000000
CD08E606
F011FFDC
07F5F9FE
0E130A0C
01BB2217
1A21E10E
F2CD19D2
FF0FEAFD
FDE30BF2
F21310FD
00000000
00000000
D71DD0FC
D3151FF5
11EFEC0A
0707FB09
05B31F36
210AEDF2
FEE116B9
FC05DC11
0CF51CCD
DF0B0028
00000000
00000000
AF1ED3DC
DC1238EC
04FDEC08
1C1410FF
08A10E31
2D03E6F8
F3D210C5
EF03B61A
05F010E0
CB0D0714
00000000
00000000
C618D1DB
CD0D43F7
FDFCF500
140000FC
0AAF0C37
3A0AE206
ECC727D4
EB0A811E
0B0910E3
C7160004
00000000
00000000
CC0FE1B3
EE002BD4
FE0AFDF5
0C220908
08B71225
2D11E11E
09CD21F2
EEF8901E
F1060AFD
DB0F0C01
00000000
00000000
E314D7B1
C2060FCE
FCF919EC
0D140F14
0DB9161B
25F8E716
FDC512F3
FCDFC925
FE1300EC
D711FB18
00000000
00000000
F014DD98
C316EFEF
FDF204DD
1A0E0C0E
22A02C0E
1EF10F1A
D1BEF707
10E6E718
FE0E16E1
EB20F91B
00000000
00000000
011B08AC
F103EDF5
08E401EC
1215050A
1BD50802
0A1DFD06
DBABFF20
05F4FE18
DD170DEE
F417DC0B
00000000
00000000
C816F313
D213E2D9
F0EFF1F0
080E0E03
1BB42218
150CF101
04C710D9
0607E11A
1EE9081B
EC2A0CFD
00000000
00000000
A414D80E
D017FDD6
FFE7CDFB
1F0D0107
F6A8322C
23FDD3FA
0DD729CC
F6F3E60F
22F12FE2
E119FA29
00000000
00000000
BF1AE0FB
D11803D2
0801F1FD
25FE10F3
01B63239
26F2E302
0BCB17D7
F6EACD1F
1A0C21D4
BB1FED14
00000000
00000000
B50DE6F0
D41820C1
0806FBFF
23F919ED
01C52737
32CED915
11E516E6
DDEEBF10
0F090ACF
B721E308
00000000
00000000
B90ED8CF
D01C0FD9
0708F4F5
1FDC19FF
09BD1C37
30D3EF10
08D810E7
D9DAC31B
011018E7
D31EEF01
00000000
00000000
C810DEB7
C725FED6
08F210EC
1CE81505
13C22C22
23DFFA1D
01DBF9FD
F1D8BC22
000D11E6
CE1DEF04
00000000
00000000
C215E3AC
C220EDF8
0BE3FBE6
2C061105
19B42721
10E6FC1A
EDB8FF15
00D0E41C
060B26DC
E42DF201
00000000
00000000
F61BF5B7
D40EE4F8
07EEEAE2
14080607
09C5311A
03F304FC
E5BB1618
FEEFEB1F
060117E6
142DCE0C
00000000
00000000
D80EF216
CC1BF3D2
E9E1E8F5
03140905
05D32E20
05F6F1EE
04D821F2
25E7F002
31041F15
F628D8E9
00000000
00000000
A810D9FC
D01DDEBF
F5E8F109
1A000905
01B53A1E
14F8E5F3
18DB19DF
0AE0E008
2FFA2F05
EC23F41F
00000000
00000000
B913D8DC
CD1FF0C5
F1E1EF07
1FEB1401
0AC0302D
15D40610
17EA0FE3
FADBDC0C
1F081FF3
CB1FE810
00000000
00000000
A311D2E4
F41AF6E6
FD07FE03
24E11AE7
FBCC2D41
1BCB0112
1FF900EB
E9C6D40B
20081CEB
C125D7F6
00000000
00000000
B016E0D3
D021F1C5
FD05FE0A
20D017F8
04C3253B
1DC8F20F
26E30BF0
E7C8E60A
0A0D18F2
CC27E4F3
00000000
00000000
B90FD8C7
C820E5DF
F4E9FFED
24CE1AFE
0B9A2D25
13C5E807
0DF012FE
03D3F316
191323ED
EC2EE101
00000000
00000000
CD11F1CA
BE2EDFE1
F2DFECDA
28EF0D04
10B42C2A
FDD2FC13
02D01809
13D2E518
121F2DEB
FB27CEFD
00000000
00000000
F30F10AA
E61AE4FA
01E4F3F4
0BF902F9
0DE91436
01DCFA06
F4C41C04
E6F7F02B
0D061FDF
0D2ACD08
00000000
00000000
B408E0FA
CA2DD0D4
FCECEE00
FB1E1C05
03CA2A23
0BF508FF
F8BF3208
29FAD50B
53FD3920
FC25C2C7
00000000
00000000
BB1ADDEB
D42BCDD2
E6E200F4
130205FE
10D92B19
03DE00FB
18C52303
15FBD90F
46EC310C
D125CE06
00000000
00000000
AA0CDAD3
D823DDCB
E8FEF80C
21EA1405
0ED93520
11D40CF6
19DD0E03
F4C8E40F
35141A03
DB2AD4F7
00000000
00000000
BB11E0CD
E52DDBBD
E3110311
21C411F7
0ECD2F32
16CE050B
29E01708
DBB6DD08
300F1E01
CE2DDDEF
00000000
00000000
B10EE3B8
ED27D4E0
F3F805FA
26D01EF7
06C92B29
0FD8000D
1FD5F806
DFCCEE09
23291813
D72ED9DF
00000000
00000000
B210D1C6
DD29DACF
E4F2FEF9
1DDC10F6
03CE3129
11D4FCFB
0DE10DF7
FFC7F616
33111D1E
F234D3DC
00000000
00000000
B8FAE0DC
E52CC7D3
F0EF00E0
1CE30C0D
0CC63121
0AE9F6FD
07E41D07
EFDFF124
381A2D14
E32DBBF7
00000000
00000000
E709FED5
E51EFAD6
F8F0FAF3
06E707FD
25F01D2C
E9E5FDF7
09E217F7
F003F61C
2D0B28FF
FC23B7FC
00000000
00000000
F304F806
D710E9F4
041107FC
04091C17
01E90306
F8F7E602
F4DA11F3
0D09FCFB
4B00251A
FD12C7EF
00000000
00000000
CFFFE2F2
F21FBCE3
EC06040B
0E082209
FEE31400
05CCE3F4
1AE83918
06F9DEF5
3EF43423
E925CDEE
00000000
00000000
BD07EEE7
EB34C4EC
F103FD0D
0AE20CF0
07D82018
0FCC10F4
1CF2041B
F1DFF0F4
360A250B
D93DD8FE
00000000
00000000
D2F6EAEA
FA2ACDD9
EEEF0C0F
19DE0CEF
16E92830
03D50C06
190DFF12
03DBF8F4
25000D0A
D333D9D2
00000000
00000000
C8F5E1D8
FC37CFD2
F4FF1119
16D80EF3
03DE2D1D
08D706FB
19F20214
F7E4FD09
1E0A0E23
E230B8E9
00000000
00000000
E6FBEEF9
FE2FC4CB
F3FB0C02
1CEC08F5
02DB2224
01CAF300
12DE1700
F5D80B0B
21151E2D
DB39BAC9
00000000
00000000
FA02EAF9
FC27D3C5
0EF4FE01
FEE908F9
0BF81517
04EAF500
F6EC2001
E7E9EB00
40143138
E222C7E9
00000000
00000000
1D0208E9
E309D2DC
FFFB0600
11F40CF0
00F91419
F400F8F9
FE0410F7
E7F5ED1A
1F003522
F806C7EF
00000000
00000000
EB0D00E1
0DF8CDFC
0EF01414
1E0930F8
FBF801FD
EAE20A18
FF000411
FF0BDCF3
001CEE00
CF09E1E6
00000000
00000000
D32C1ED3
39F4D7F4
22E60DF2
04EA28F2
F6EB0D00
E8EB001E
04FC0430
0526D7EC
FAFFFEFC
D90ADCF0
00000000
00000000
E61726DE
22DCE202
EF051314
05E31DE0
0FDE04F3
EEF6E329
1D0A0620
0F2EE7F0
D218F7EF
F4E4EDED
00000000
00000000
F20F15E5
25EEE3ED
0202FBD0
EFDA07F7
0EE9FEE8
E9F9F740
261213FC
0440EBFD
C70B0801
F1F6090C
00000000
00000000
EAF1070A
18F6EEF4
E6E907E6
F6DF03F8
11D206E7
FFF6014F
222210F1
F33BFBEE
DE17FA02
F602EEFA
00000000
00000000
DCF0E6D1
15FEE8FA
03F61A10
07E30EF1
F7DFF2E3
FAF0123C
070A0D07
103B03F1
F313FAF7
F70501F8
00000000
00000000
E7E0DEC7
2214FB13
12FA0F0E
15E105D9
12CEE7F5
DDF8223C
F70D1218
F525EFF3
FC1FF9F8
EE14F7E3
00000000
00000000
0ED0DEE8
F51D1614
F9FE0803
0FED0FF4
1F0CF800
FF001A15
0D142324
F50BEBE8
EFFFBFE7
BE0001E5
00000000
00000000
F1291BFB
01E7DA1E
141212DC
FAE6FFBB
ED0C0FE4
01D51C26
13D30043
0212B1FA
E1FFFDFF
1007F80E
00000000
00000000
E741170F
FAEEEC03
11EE1AC9
F6E5EDCE
1AF628E0
DEE4062B
19EE1342
02529BED
E6F70009
07E40303
00000000
00000000
ED20030F
F1EBE5F6
000207C9
FDC4F5D7
12D8FAF2
EDE7F02A
1F2C2B38
FC4CEEDF
EBFE07FD
07061A18
00000000
00000000
06150308
F6DFECFA
04F3EBD2
D8C8E1DC
08C6F3F3
FAF2DF3C
2E3E3D23
ED4700E7
F404FCF0
0F0F2213
00000000
00000000
F5F9DA1F
E50EF7FB
FF00E8BD
EBDAE3EB
12B7E606
EEE7EE44
2235400E
F94E2BD8
F212F0FB
10F7310D
00000000
00000000
F2FCF107
00070106
F2F8EEC5
08C8F0D9
12C4FAF3
CFF01141
2C210B14
FC4920DC
FE0E02F3
021D241A
00000000
00000000
F9EED6F1
0E0AF80A
1701E8DD
E5D11BC2
10D8E2F0
DCD90238
1217FB19
FB321CE0
ED39F008
190C311D
00000000
00000000
F1CFC8F4
F4150513
070407EC
EDD71ED3
10DAD2FF
0011FC0E
1C0F0026
FB272DF5
DD1EFBF4
01FE1513
00000000
00000000
ED3810FB
F9F90729
07010AE7
F9E7F0C6
F80E10E8
F5CB0D12
23D80425
0C159BF9
EBF91D14
F7160407
00000000
00000000
E6461513
FCFF0622
0BD513DE
F2C0EBC9
FDF60DE5
FAE9F80D
13F70B24
0C6892E9
E5DD1F03
0E080120
00000000
00000000
E8220704
05F6011F
F6F8F6DA
F0CEEFD8
08C7FFF6
E3EAE014
24392E32
F138D1DE
07E01CF2
12051923
00000000
00000000
EE12FA1C
EBE9E504
ECF4FDC7
F1C3C9D6
18C3FA01
EAF4DC2D
30483321
F13A06EA
EA020208
1309380D
00000000
00000000
EEFBE51C
FCF5F4FD
F3F8ECD2
DABDDFE8
1FB7E8F6
E5EF0646
2F372416
EC3723E4
F51DEFD6
1A13361C
00000000
00000000
E3E2D903
0000F503
EFF9E6DB
E5C8FEE8
16BAEAF3
ECEB022B
1D282215
FC3719EC
FA34F2E8
15211F2D
00000000
00000000
F0E5F2FE
0A1AF904
12FAE4C3
F0BC04E2
0EC8D7F1
E5E00B30
0C0C142F
00202ED8
E83406EE
1B291526
00000000
00000000
E6D4E00D
00250707
FDFBE1ED
ECD70FED
08E2D3EA
0EEF0229
FF0E0407
131E20F6
0519F3EB
E911200F
00000000
00000000
F81B09EC
F9FD1721
FDEDFED0
09F203CF
F72303EB
EDC5151D
0DE70C17
1003A3F4
FD172E0A
07F6E71D
00000000
00000000
DA361811
E0192B19
0ED309D3
F5BBF1C7
17F907F1
EADEEF0C
10FC0E1F
05488AFC
F6F330F8
27EEEB12
00000000
00000000
D224F907
E5061A14
F8E109CF
E8C4E1DC
1DDEF4F7
E5ECE724
2A33291E
F743C8ED
04EF3BF1
32EA022C
00000000
00000000
D517EE06
D6F517F4
E1FC11E6
EEB5C5E5
1DC0EBFA
EBEEE621
313C2E23
E127E2EE
050018FD
4D03291C
00000000
00000000
D1F2FE1E
F014FAFF
D9FC0BE6
F4D1D2E4
2CB7DAF8
DFDBEB27
343C3312
DF28FEF3
F11D0DF0
490D330B
00000000
00000000
E3E00814
E931ED09
EFFEF1D5
00CEEED8
19B8E4EB
C6D40221
1423170D
EB2121F0
04290503
33242B2D
00000000
00000000
F7CEFC03
ED2F0713
0805E4CA
F1BF02E6
0ADFE5DC
D8D3081E
0105051D
012C1EF1
F035FBFD
39111930
00000000
00000000
EFCAFC02
DB1AFF0F
1314FBE5
03D917FA
FDD8BFE1
FCE8FE01
F901F40C
1424150B
F537FDE5
180C1D23
00000000
00000000
CD1004FF
EB141D07
1CF30EE6
EDFEFCD7
0C13DCE1
EBE5F603
0F040417
15EDC9FC
E7FE22FD
17E6E935
00000000
00000000
E7150908
E1242F18
10D9F5CE
FED0F1DF
0FFFE6F2
F6D2F6FF
0B070E28
083DAB0F
E01E2EFB
23EBFE1E
00000000
00000000
E129E40B
D21A2212
EBE211DC
F9BDE9F3
13F5DDFC
E8F3E1F4
1A131D1A
082FD6F5
F70234F2
39CFFF14
00000000
00000000
C911EF18
EB252F0B
D5F310E5
E6C4CFE4
26E7E7EE
CEE0DB12
351C1719
F73BE6E2
10F23DE6
4AEB131E
00000000
00000000
D506FF12
EB3B0B02
EAF911E5
D2D3DFE3
2BCDEAE8
CEDAE40F
34230E18
E80AFAF0
09041FE0
48090D26
00000000
00000000
E8F0021C
F43AEA10
0007FAE0
E5CAEEF4
0DCEE2DA
D9CEEF07
11070F00
030D11F5
F63B09EC
43111E29
00000000
00000000
F2DC0D04
F24AF019
1106F6DD
E0C500EC
01D6E0EC
E6CE07FE
FFFF0019
1C1B1B01
DF44FBE8
3F061927
00000000
00000000
ECD61106
0520040A
14180DE1
0ADD0AF8
15EBE3EA
09E9FBF6
EBFD0302
FB1318FC
B61CE0EC
181A0E23
00000000
00000000
EDFBEBFB
E2FD2B1B
18FCF5E0
F304FED4
0812D0EE
FDE810E9
FAF72513
1A21D10E
E1F61B03
0C100B16
00000000
00000000
F208F009
DC171FFE
24DFF1E0
F9F3F9EC
0EE4F904
F309F5E9
EE152A12
1B03C507
E60A23F0
13E2F91A
00000000
00000000
D914E719
CB152905
1104FEE2
EBE1E8E4
10EAE804
E3FFF7EF
150F2908
1222D4F1
05FD30FD
3FD9EA20
00000000
00000000
DA17F127
D6222608
00FB0EEB
DEDAEAEC
0AEDE9E9
DDD8EBF8
26171710
1819D9DD
F20A31D6
57DD0128
00000000
00000000
E5091131
DB540C0D
F80C0AF6
D3DEF2DE
10E1F5F4
CFD6E3FC
24F511FD
1D16F3EB
05F82FE8
33F0F52B
00000000
00000000
EA033320
F63DF30B
1F0B00D8
CAD2F5ED
0BE0FBE5
D1DFF901
0FD9F30A
0C0100F7
F81A0AE2
3206E93E
00000000
00000000
F3F83417
F12CFBFE
251708D4
E5D8EEE8
10F1E3D7
BFE620F8
FFF6EA15
0709040B
ED29EFF1
2AEDFE21
00000000
00000000
E4DB140B
0F19EAF8
26070DE8
04E10DF7
0C0DEDDD
EFF708EF
05FCEC0A
FC03110B
CD0BCF02
041D0021
00000000
00000000
0CFCE118
D40E2F14
24F8EDC9
EDFD05EC
0903D4E0
E9F7F9E7
F922220F
2800E00D
DDF21009
FB060816
00000000
00000000
0EFAE034
C5182C09
100BEBCF
F5F6EEEF
1300EDED
F2E504F8
FB24300D
1AF0DCFD
D8FA1508
0BF70706
00000000
00000000
F30BDD21
E3052CF7
15F3FDD2
E806F702
020ADFF0
E5E3F9F0
14342413
0CF2D1FB
F4FE21ED
28DC0324
00000000
00000000
0417ED25
CB071BF4
FE0603D1
EFEBE903
0105F0E8
00E6F4FA
0D141912
120DE5F4
F4F624DB
23E80236
00000000
00000000
03271124
EC170DFD
061AF6EA
EDDBEAE6
FF02EBF3
ECCA0508
16080CFD
0A04F2DC
EDF51FD7
12EFF942
00000000
00000000
F7253A1D
E902E1F7
162A0ED7
D8D8F2F0
0904F1EC
D8F51800
0DE7E71C
1B0203F5
000BFEDD
10E2CC29
00000000
00000000
F9285929
FDE8C316
0B4109C6
D1EAFDE8
1307EEE9
CAEF1CF3
1AF5FA08
1402110B
EAEDD7DB
17CEBF25
00000000
00000000
02012622
12DDDC0A
0C2918EE
DAFA0DF7
0FFADCF0
F8FC18E5
1BF20303
0A09FCFD
D8F5C80A
0711EE15
00000000
00000000
1E0DDBF5
DBF42918
07EFE6F5
FC0718F6
0B06CF06
02EEF1F2
F10A2CF9
20F9CBFF
F3F239E8
F311EE1A
00000000
00000000
1FEEC706
DA1F3B15
FF04F20C
F70D04F4
0F1EEFDF
05D6FFCD
F206280B
15E4D2F2
F7F52102
F50BF116
00000000
00000000
1C08DE15
D8142718
FC07FF21
FB00FAE3
0F06E5DD
0DF1E5E2
EC282805
16DAE3F9
F80021EB
F0EEF029
00000000
00000000
2918E627
E6161F0A
E907F609
F9F0FEDE
FEF4ECE4
04DEF8EB
F42A1E05
1B08EFE7
F9FD24D1
FEE2F24A
00000000
00000000
1A261514
EDF90305
F526FB0B
FBECF4E0
FEF5F805
0CE101CB
0D121614
09FEFEF3
02ED08C6
ECDFF242
00000000
00000000
17373615
03EBE015
F332F3F5
F4E6FCD8
FFECEBDE
060531FF
05E8FB0A
140B0CF6
F8FFEBDE
EAD6D43E
00000000
00000000
1432300F
00DABE1E
062D23FC
D80307E8
F90DF7D0
EC0727D3
08EEE810
0F090310
02E1D5E6
05C2DB36
00000000
00000000
1C113601
06D4E402
EC3B1116
F50402F9
0B0EF1FB
FFFA16ED
05EEE5F4
0811F9EC
D5E7DF03
00E9F920
00000000
00000000
EE01D606
0A221409
2BE1FFE8
131AFD17
09F8ED09
DB0615FA
E5022907
1CE6060E
ECF8E6FA
E704DBDD
00000000
00000000
B9E32CDB
EF25EEEB
31E9E9D7
05EF072B
0C05D9FE
FD3FFE05
F0EB00F1
10FB0E22
EFFEE7F1
EEEB240F
00000000
00000000
A60718D1
0107F4E8
28DEDAD0
EFDDFC35
0BF7CCFF
1C3306F9
F7070C07
0FEC271B
F6F1FFE1
DE0D0F22
00000000
00000000
C61E06EC
0CEEEDCD
40C7CACA
F3DE0A4A
EE09F7F3
2032E907
070D250C
F7ED3818
E305E8C1
DB190916
00000000
00000000
DC060B0C
0600E1CA
34DBB8B4
EBED1534
EAECE9F0
2635DD22
0614350A
CEDF3B04
F902E1DB
F416310E
00000000
00000000
E4FF12F8
1CF7EEDF
3CC7D9C3
E3EE0A2A
DDEEE9FD
1A39DF1F
0BFA2609
CEFD2907
DF05E9E8
011420E7
00000000
00000000
D1FD03F6
2B02ECE9
24E0F9E7
E5F60025
F2ECF700
291AF91A
14041418
D21117E9
DFEA0AF0
FBF701F0
00000000
00000000
CFFD19D1
050BDBF2
2FF9F401
E5050313
FEF7F708
1FF8F727
2608F302
EE0D12F3
D8F60DD9
EEFE08EF
00000000
00000000
0D1AF602
FEE9D8F4
18E2F5EB
31FA162D
F6F3D6FE
F10707F9
EBFE10E3
EFF12C0C
F043D701
FFFB07FC
00000000
00000000
E3F101E5
0717E6FB
2BACDEDD
17DF1126
EBF6EFD9
1225ED04
DE02FFE8
10033715
FF39E5EB
DD0B3141
00000000
00000000
EBED0AFA
0EEDE4F5
24C7E6C5
08D4FE31
E1F2E8E6
0F35E8FD
FCFB00FC
07FB2D0D
042F00D8
E72F2637
00000000
00000000
EB020BF6
18F0F0EF
31BDECD7
09C9E530
DF11DCE9
193FDC03
000D34FC
D2F33B1A
E420E6D6
F6081B25
00000000
00000000
EE120A0B
26E4EDE8
2FBBD8D1
F5D4DE24
CE00E9CE
1A4CD112
1E214302
AFEC361F
EC23E3D7
0B0B2E1C
00000000
00000000
EE101BFC
1ED6F7F1
2ABBDFC7
EFE7E523
DAE3DDDC
1D34CE13
1713341B
D700361A
DB1DFCE0
0D0D1D05
00000000
00000000
D0300408
1302F003
28C6F3CF
E4ECEC18
D5F3F8D7
231AE008
18FC1812
FD002C19
D62306E1
F8FD2614
00000000
00000000
CA28FECE
03EDEFE5
23E4FEED
FAFCE918
DCF515E2
1FF80D1E
22FDF014
FF0DF724
D32117C3
13F1061E
00000000
00000000
1501FF10
EB0CDA12
0CC7F0E8
24E31C11
EF10D4D8
FBFFF2F2
CDFB03F3
0FEB2DFE
F543FCF4
0BF80E26
00000000
00000000
FDE602FE
EC08FD23
0ED0EDF7
22E30E15
E5F1DCDE
1A31F0EF
D5DF02EF
110A2CF6
F339F7FC
010E142F
00000000
00000000
E2F3FCF9
EB03F41F
20B8E5ED
20CB080D
D0FADAE0
153AEBF0
EBE80EF0
F51B3002
001BE5DE
081A1928
00000000
00000000
D7FD0BF0
01FC0C0B
33C3E3E7
FCDBF017
D6FCD3EE
3030E004
0D1C2101
CAFC3525
0426E4D2
0E132D12
00000000
00000000
E0F806FD
14EA030B
2DC5DBE5
FAD9D11F
CD05D5D1
2140D80F
35072F0C
D5003F1F
EC24F1DB
000D2309
00000000
00000000
D1110BFA
0DF30F04
21C2E4E8
FAD7DB1E
D1E9D6DB
2634ECF9
1CFD341D
EB003912
D22DFCE1
17F81408
00000000
00000000
B00307F6
14FE1DF0
12C1E0D5
01DDCF1F
D6E0DFD3
152CE523
2208210A
11083517
D41F1DEE
F90C0612
00000000
00000000
BE1C11C3
16EB00F2
12DEFDF0
EDF5D729
DAEE15C1
1F05F836
24180AFF
0EFCE72C
E11A1BD5
07FCFBF0
00000000
00000000
0DECEA03
E10BF121
0BE5F8EB
28FB2005
F3E0C4D3
0002FAF0
DDF70EF1
F3023DD5
E934E918
240DFD33
00000000
00000000
F7DE05F9
C50C0737
12BBEDEA
31E313E9
CDFAD5CA
FA27F0F0
F1C5FE0E
F6032CC5
0948EA20
241B142D
00000000
00000000
0BF408EA
D20C1D2B
1EC9EFFA
1AC8F7E4
E20BD8D4
0627E7F7
01C30801
E20231F1
0B36D618
151D1A29
00000000
00000000
120216EC
DCF51B21
32C8E702
08D8EAE6
CA10DEE1
1C30E2FA
0ADC22FF
A8033E1C
0C36E6E2
1EFA0F24
00000000
00000000
02F312F1
F5E61F1E
28BFD5EC
00DAD1FA
C110CDE3
1B40DE0A
30EE220E
CF07481C
FE20FEC6
01FB111E
00000000
00000000
D80A10FA
FEF82C15
0CC5E4DC
0CDCCD09
D5FDE1D5
0831E70B
35DD1313
FF113B21
EF2C07D8
00F50213
00000000
00000000
BD1A00E5
FDEC2C0A
FED4E4D0
0FEBDF15
E8F6DCC7
1B2BE216
14D8FE06
1C062B23
D52622EA
13FE0E11
00000000
00000000
C81B0CC6
13F41CF2
04E804EA
12E1E217
C50DFAD6
29FBD81C
12E91209
08FCE02B
D1290EE2
08F4FA12
00000000
00000000
FDFEDE00
D9E6F228
17EC0FD5
15E710DB
E306E2CD
F1ED0FDA
E6E6FE0E
15FE21E4
F641E128
25270A27
00000000
00000000
04F404D8
C7EC1F3A
0FDCF7EC
23D213DD
ED1DC9B6
F50EECDD
DBC6FE21
DE0224D4
0A2DDB1F
322F1237
00000000
00000000
18F920DD
BBF01D31
21D4F101
11D9FBCF
EE1AC8C6
F328E2E4
11BAFB29
B1FC26EB
1B2FE620
32191625
00000000
00000000
0BF318DD
D4E62E3E
36B8E2EF
13EAE4E0
E718BFD5
FE31E5ED
FBB80C0A
BBFC2FF9
0930F702
0F0E1D25
00000000
00000000
F2050EE5
D1E43326
2CBCE5EF
05E8D1EE
EF26B7EB
0138E3EC
2CCF151B
D30D3C01
031A03D9
15000036
00000000
00000000
CDFF00CF
F7F7272C
05C1D9D5
0AEFE1F7
F224CAFD
FA27E603
33C411F8
0B0F2915
DE2318F1
25F5FC2A
00000000
00000000
C51AECE2
08EB260E
F3D2D5CB
15F4E60D
FB02E3DD
FB1AE501
12CB1C00
17EB3428
C7322401
2C0EF822
00000000
00000000
CA0EEED4
14F02904
FBE4F1D9
11E3F510
E418FAE0
08F5C319
0BFD11FB
0104F51E
D32D17F4
21011C12
00000000
00000000
051213DA
E2EA0229
06DE15C9
08F9FAF0
F90CD3D6
ECFB0ECF
F1EAED1A
0CFD17EE
FA12DE24
2A170A24
00000000
00000000
FE0725C6
C6F2073B
2DCEFFE3
0B0109DB
FE00CAC0
EA0705E0
E2C2D628
D1FD1FD7
0128DA2A
341D0331
00000000
00000000
11FE14D0
C0E41D38
35CCF1EA
1FF4F9DA
F820CECF
D71AF0D6
E2AFF228
BBF50DD9
2724E115
2C201D28
00000000
00000000
0BF81BCF
D9EE203D
25B1E2F0
FAEBE9D1
EC28C9D3
F439D8CD
FEAA0C1D
CA1F12DC
0C290613
3AF5152B
00000000
00000000
D0030EDF
FAF32C33
1BBFDBDA
F9F5E2DB
151CC2FB
FB38ECD8
03A21B1C
D3110FFA
F12902FA
2E0A0F30
00000000
00000000
D804E7DA
0FFA342A
01CBC7C7
F9F7F7F4
101EAFF4
F01DF0FA
08BA1204
E20C0D0B
D5201AF1
3FFC0C33
00000000
00000000
E00ADCE0
2B0B2910
E7C1CCCD
09EFFB1B
0C0EB2E6
F60CEEF5
F3D62FFE
0BF90613
C63213FB
31160520
00000000
00000000
DB14D7E5
19F91612
EDCEF5E1
08FC0409
030BD9F6
0A0EF312
EDEE16F1
FBFFEC1F
D82102E7
2EF81813
00000000
00000000
EF0E1DB7
0C061F3D
00FB0CDC
F50813EA
1BFBD9ED
DBE5FEE1
0307D71D
FBFC13EC
1401CF0E
0309FD30
00000000
00000000
E3F728B0
F9EC1D43
24F3FDDC
03090CED
1B02C4D0
DA0505D7
E2C8E32D
F6F70DC6
1C16D018
FD1D1B2F
00000000
00000000
FEFA16C8
E3E71D3A
2CCCD0F0
FA0EF3D4
080DC5E4
DC20F9D3
F3C3F616
CF110CCB
170EF71D
15FE2929
00000000
00000000
F6FB07BE
F9D92742
2CC2D8FA
0E03E9D6
111DCDDD
BD37E6D0
15CB0F15
BAFE09C8
1C191220
17EE1B29
00000000
00000000
E50000C1
0CF82B2D
0ECDD3D8
EBFEEFCB
1D20BCF4
E931EEC3
FFB11816
E40BFBE6
EB160E1F
3EFF163B
00000000
00000000
E712DDDA
04EF362C
02DFC5CB
FAFA0302
1324B9EE
F316F4E2
00CA23F9
E306E8F5
E70E0AFF
3BFB123C
00000000
00000000
E501DED4
13E92B13
09E7C0E2
0906151D
0C01BADA
DF0AF4EC
03CD27E6
F509F71D
D224F6DF
31F5263C
00000000
00000000
0D15EAED
1AEE2307
FFEEE3E5
10010906
0A0AC9FA
F8F8F010
FDF21EF3
F60AF401
D11A02DB
07061631
00000000
00000000
0C070FD8
10121A29
EFF611F7
F50626F6
1A0DE4F4
F200F3EA
EFF7DC17
FDFEF5F9
12EDDD0F
F2F10B0F
00000000
00000000
02061ABA
06F92240
07FBF5CC
FE0A0BEB
0113CFDE
E3F0FDD5
E2E9E625
FAE500D2
3DFBCE18
E2063542
00000000
00000000
0A121BDC
FAF51940
0AF5EBE7
FE1201DE
0A15D5E6
D609E7D8
F3C2F020
D8FE0AD8
36ECF70C
F104192C
00000000
00000000
F8080EDA
2ADD2D2E
F2FCECEC
FE13EFD5
1F19BBF0
E31CF0D9
E2D4121A
F20500DF
11EA121A
F7F8022E
00000000
00000000
0101E5CE
1FD73526
EDFBE8F2
07FD04DE
022ABAFA
D91AF6D2
FFEC2403
0801E5DF
22EB2B19
F1EA0941
00000000
00000000
17FCE5CB
EBDB2E2B
06EDDCFA
0613FAF9
0725CB0F
E60FECD8
F0CC2CE8
0521D9F9
FFE106DD
FFFF2039
00000000
00000000
2908C0E3
EA023912
0DEBD9F2
0D0C0A0F
2307CEF1
D5E5F0F9
04E429D9
00FDEC16
FA0705DD
DEFA202B
00000000
00000000
2BFEE407
D2ED200D
1C00ECF0
FD130F07
00FEE0EC
0BECEDFC
DB091EFC
0E04F6FA
F906F2F6
D2031815
00000000
00000000
FCE528E0
FAE70AC5
EEFCC817
032D1102
171A0D12
1007FB06
F801FC19
FF17F10F
F1D71AFA
F8DFCEDE
00000000
00000000
04E40CE9
07FAF2DF
E917CE0B
1309190B
06060307
F714EE12
E50EF808
FDFF0E05
03C11BF9
FFD8EFCF
00000000
00000000
11F414EC
F5F0DDE9
D41FE3FD
110D0913
050D1009
F910E910
F721F721
FFD417F8
0DE914DE
18D5EDDE
00000000
00000000
0FFE1807
F9D7D5E3
D011D3F9
0A1DFD1B
F8180B05
E01CEF09
1AEDF712
F9D914F5
10FA2CEB
22DAEEF8
00000000
00000000
F9F526F3
01D9D1E2
DB06DE08
0C24F305
1010030D
DB22EA0D
06F40D12
03DA0A15
07E438E5
23E4EAEE
00000000
00000000
00FD1DF4
FCF1D2E5
D627DF09
1A0A0210
F4002103
F115F20C
F0050704
18DEEB1A
09C321F3
15F8F6D9
00000000
00000000
E9FE0DD3
0B0EEBE6
E512D411
290B100A
0A04180D
FF14F713
E4080E09
F2E7EC15
10D7280D
09E0E6D7
00000000
00000000
FFFC0FD5
2109E4DD
05F8EE19
06210AF8
F31C1310
15FF070B
E9F81005
ECEAF51E
04FA06E8
FFCFE3E8
00000000
00000000
1FD109F8
ECECFDD9
CFF9D603
120E1C11
000D1407
0113F317
EDE5E014
F21607FB
07E619FF
0112D7AF
00000000
00000000
1BC50706
04E8E8DF
B2F1E108
160D0A12
F6090801
FF2DF709
E0E9F50C
DD1B13F7
17B521FF
1D26E7C9
00000000
00000000
0DDA1012
FCF6E7EF
D6EFD6F8
09180A20
E21404F8
ED1EEE14
EED9E41E
E7131EEF
2EC025D9
1715EAE9
00000000
00000000
1EFC1606
FCE3F3E6
CFF4D4FA
0C20F923
E5F90BF7
E22FE909
05C5E716
D70C2AEA
24C72BDB
1216EAEA
00000000
00000000
10FA0BFD
05E4E1E4
CFF1D5FC
18110C1A
DF141CFC
E52BE310
ED9CE408
F21E25FE
21D327E8
1C1AE6F3
00000000
00000000
18F60703
06EDF7E1
D6E6DA00
27240612
D22222F9
E623EF00
F4ADEA13
F1180E0C
28DA29EE
1311E9C5
00000000
00000000
08F415E8
F8ECE5F4
B6E9DB0D
2F180705
FB0627FC
E918F109
E5BDDF11
EF13F80A
1FD716FD
1214F4C8
00000000
00000000
10FC0106
030EDCCC
DFF9EB16
1813110E
E2031104
12090B11
00E50102
F3FDFE12
F0000FEB
13EDF0DD
00000000
00000000
16E50BEA
F202E8DC
F1E7E00F
050E2C11
DC030CFD
0E1BF606
DCF1EC1B
081A040C
06CE2006
110EEDB5
00000000
00000000
22D90A06
FDF8E6DA
D6F0D110
13041219
E807FFFF
E21EF10C
DDF5DCFC
E6181A03
1ABC25F5
1524EFCB
00000000
00000000
16E80917
05E9E1F0
CBF0E302
240F1B38
EA04061E
DD2BF3E1
F8C7E3F5
DB1B14D4
1CBE21D9
0E0BFBF5
00000000
00000000
26FFF929
F2E1DEE8
C4EFD5F1
1C1A1227
D40E1C15
E62BE3D8
1BC2D4DF
D91123EC
23CF27E9
0704FB12
00000000
00000000
1B0B08FF
F5EEE0E8
C4F4DCF3
1C210B16
E1071A13
DD1FF5EA
18B1D2F1
D6141C07
2CD01DEF
0C06F311
00000000
00000000
14F6FFE7
09DBD8E0
CBF0D509
1E1EFE14
D4081D08
E023F614
08ACE4F8
ED1C060B
18DB34FE
0413F5DD
00000000
00000000
1BF501F2
0DECE8E3
C2E6E80F
29130D0D
E01E1B02
EA1AFD0A
EBAFC6FD
E71FF723
25F21EFB
F80005C5
00000000
00000000
11E607EF
050BECE5
E9F3E513
091F05FE
EF0BFA0A
F2FE13FE
FAD4E8F4
FCFFF620
04FF2500
0812F1CE
00000000
00000000
2CD803F7
FF1ECCED
F2E5F012
0AFF0705
E20511F3
EA1A2909
D8EAE3F5
F12DFB20
12D71002
0902FEA8
00000000
00000000
2CB11308
03F1E0ED
D3EABF10
1A100214
E210F702
E92709F1
D3E6D6F3
D32B081C
1ED73806
050716B1
00000000
00000000
1EDA05F4
14DEE209
C9EFD5F8
1B1B1A1C
DB0A1112
CD26FAD9
FCE1C9ED
DA280B10
1FC62106
06F312F2
00000000
00000000
17FC03F5
09D2CC01
CEF0D4F3
24320937
D4191AE8
D928EBD7
EEB9C1C8
DA243005
2BCA2438
05E7110A
00000000
00000000
23F906F8
00DACDF5
C8ECD5E4
15240B30
EA212BF3
C521DBED
F498C3D6
F6291B0C
1EDB2724
F0DD0FF3
00000000
00000000
2EEAF0F4
0CC6DBE8
D2ECDEFC
0B1D0A11
E20C22EC
BF1DF71D
F9BCD7D9
E12A1130
1FDB1914
F3F416DB
00000000
00000000
36DF0DF3
08D0DAE5
D3E6CC10
0F18FF0A
BD1504ED
D8241110
FCC9DC05
E72FF01F
2CEC2EF7
F7EB12AF
00000000
00000000
2AF6FEF9
10FCE3F4
FCF3E606
FE1111FE
CA0A07F4
EE030901
EECDFFE1
F913FC3E
0FF7120B
FA1B00D3
00000000
00000000
34D2F70F
090FC80A
CCE3E510
0A09160D
CF0F0DE9
FD0C1EF3
C6F1D601
0729F323
0BE221E7
05ED18B1
00000000
00000000
22C9FDFA
0CFAE9FC
BAE0C90F
0A12090D
EA1302F3
DD2211ED
D9FAE508
DE2BF226
26D82404
03E221C4
00000000
00000000
14CFFDF0
14FADE37
D4E2C7E9
170B121F
CB1F00D3
E72011C5
EBECD404
D9280607
21BA1A2A
07EA2CEF
00000000
00000000
13E4FBE2
09F7B93D
D4F8BBCE
1323101C
D22103ED
F5190ACC
EAB9DBFF
E41EFB17
1BCC281D
FFDD2DFD
00000000
00000000
10F401D9
0EF7B03B
E0F6CAE3
1223092B
D01B16EE
F11E00D6
FEB9D3EF
E0200912
20D5282B
F8D429E4
00000000
00000000
25EFFCE6
0DE4C922
DAEACF02
0A0E0926
CE1C1DEB
E30EF3FB
00D6D8ED
E42D0B1A
21EC3D19
F3E329C6
00000000
00000000
23D302F1
0FEBC5E1
D1F9CE20
0D070503
BA200EEB
ED24FE0C
E8C4E10F
EC21EE3C
1FEC2DE8
FEF438C6
00000000
00000000
24F0F8FD
1A05D0EB
EDE3DF01
FB0B1704
BF1D0FEC
EAF40D08
F5DDEE12
FD21F02A
14F320F3
FA181FEC
00000000
00000000
2BCA010E
1013D4F5
C7E2F414
14002AF6
D62911EE
F2FB0301
D5EBCF07
101DEE1D
14F209ED
04F51ED0
00000000
00000000
18D5EAFE
1A05D016
CDE1DD17
0AFCFDEE
D82A12FA
EA0104E7
E9F5CFF0
E82E0424
25E02208
05FD31D4
00000000
00000000
0BCFDADC
15DDCD3B
DEFCE8E7
1004071C
B529FFE9
000B0DD1
F4DDE20E
E826F409
26CC310E
FCEA33F7
00000000
00000000
01F2F5D9
0F14A153
E206E1D0
0C02101F
C42EF4DD
030917B6
F2C6EF17
F420F518
18BD1E23
FCD346EF
00000000
00000000
02F1E3E7
190BA04C
E002DFF4
12090F0E
BD29F9D7
FD031FCC
EECAEA03
FB12F006
2DCD2D1C
F2D93BE2
00000000
00000000
19E3F6E9
20069325
D2EBD811
FD03120B
B31B16E5
040A02F1
E7D9E1ED
F61CE718
26F52C0B
00DF40DD
00000000
00000000
26E6EE02
2707A1F5
C4F6E40E
FB070305
B1221FE7
07121311
E1D7EFFA
E319DF32
1AF428E7
00E443C6
00000000
00000000
10EFF514
1F02B9EB
C9EBF707
021C2CFF
BA0CF8F5
00FBF6F7
F0E2E51D
09F81429
2C0303DB
0B0325EA
00000000
00000000
13E10014
22FCF0F4
D9D7E323
01021FF8
E2310905
00FBF5F7
D9E2FAF4
FC21FD24
16FCECDF
FA012ADC
00000000
00000000
11C00517
26FBD60E
C0F0F11C
F8F00504
E12407E3
0D0102F1
D3D3DDF2
E128EB24
230525FA
050F2DDC
00000000
00000000
0BD0F7EA
10FCC942
D3FCE7E3
08F0100E
BC1E0FE1
10FE17CF
D6D4F505
DD28D217
320C1219
070040F3
00000000
00000000
04EB0CF1
1E01A147
E61104E6
1201FF21
B72FF1CD
F90320BD
D1BFF0F9
DF0CCEFB
2BFF1D27
01EB4DF3
00000000
00000000
FDE8FFF1
1EFC9B46
E10D05FD
07FC0E06
C12901E6
07FE16C8
D0D1E0F2
E40AD10B
2C161F08
FFE040E6
00000000
00000000
15DE02FE
24EFA02E
C8090310
02FE150E
C02D03F4
151006E4
CAC1F3E8
F606C91D
330A21F4
F4F03DEA
00000000
00000000
14D1FE0C
34F6AFFB
C503EC11
F7081C04
D22308EB
291AFDEC
DCDDE8D8
F60BCF41
22F41CE4
F7DF3CCF
00000000
00000000
0EE5FF1F
2B0AE9E5
C8E6F109
FBFA1704
DB1EFBF6
020EF0F2
E0F80101
04F6F238
190A1CE3
091717E6
00000000
00000000
07F61A2D
2DFD01EE
DBEBFF07
F00115FF
E21DF2F8
EE030EFD
F8E3EFD1
0B1CF832
30F6EADC
F609FEDC
00000000
00000000
0DFE132E
1B19EE01
B3E402FB
00CD0DE8
0436FDD7
1DF134EF
F2D4FBEE
DB1FCD2B
35010504
FD0EEAF3
00000000
00000000
E6E11002
1EEDF829
A9EF0EF0
18E32FF2
E939FDDA
21F30AE9
F9E2F901
F621C70F
350D030A
0412EC00
00000000
00000000
ECDD0B03
30FAEE2D
C1051FD4
14E73306
CA56E7DB
17E826C8
E7BE0305
DB19BF06
3119EF2F
0608DAFF
00000000
00000000
F2DA0BFA
2BE5EC35
BE0615F4
20EE2301
CD41EBCA
08F017D0
E4D7F8FD
FE07CF0F
2E24F916
F403F009
00000000
00000000
FEF0182A
1F13EDF9
B50F17FB
0AE926E1
F22EE6EA
17EE16ED
D1D6ECF2
0010DB35
2816EB03
F6E8DCFA
00000000
00000000
04FD0B25
222CF3F6
B5FA0D04
F50918EF
D514F6FB
221520F2
E0D7EFDD
04F1CC43
37EE02F3
0BFCF1DF
00000000
00000000
081A1630
1422E6F4
CECE0807
EFFAF3F0
E708FD05
0E060CDD
FED016DA
1105F045
2308F9E8
F70FFEED
00000000
00000000
DCF3EE10
14FCFEE0
12011C0C
E70BF60A
EE032318
0508001E
090CF815
15F5F9B9
F9FFEFDD
EEF2E8D3
00000000
00000000
FEF5BD01
EEDF2AD3
12171017
F7F502FA
E8DF0E1B
0D130F0E
E909F80F
230BEEB2
F1EEE4E7
1A13EFF0
00000000
00000000
F5CCBE08
01F3F7DF
1635F810
F6001600
ECCAFD20
F8231306
F90A0512
2BEE0AC1
F5DD0DD1
F8FDF8F0
00000000
00000000
F6F6C706
E9D500E7
04361419
F1FF0413
EEDAF129
FE24FEF0
EDF40401
36E6F5BE
13D510F9
F9250CCF
00000000
00000000
1ADFE009
F1E6F8F5
073A1514
DE081006
F8C1EE32
0A3D0DF0
02A70501
220DF4BF
F7F40EE7
ECFEF4E6
00000000
00000000
2DE7C824
D1D7F908
13492E17
F20D0606
0CD9FC10
062DFAF4
F59F0C10
0830F2B3
F5DBDCDD
E1E91DED
00000000
00000000
2907D806
FAEF0BF3
1A290523
000C070A
00F90710
F421F907
EDAE0A11
FC0502B7
C8D2F9E9
EE00E7D3
00000000
00000000
1814DF0C
FAED0103
060A0212
1CF60012
F4092BEB
EA10F912
00F4041D
E8FB00D4
FBDFEFDE
E90EF2E4
00000000
00000000
D3E2FDFC
EDF00BFA
15171B14
010504FD
EDF41526
0011F204
0E06F618
0E09E3B8
06F4FEF9
06FBE7C7
00000000
00000000
D8DA04CE
DFD1FCE0
0A191020
DE161B03
F2DDE723
EF0EF509
1E0C2724
3BF5D69F
2FF7E402
0B06E0E2
00000000
00000000
E8F9FCEA
D7DC16CF
0C262D1E
F21028FB
F7D1C737
F92402FD
0E00230A
36F1D2AC
34D7CCE9
DC0DBFF8
00000000
00000000
EBE4F3F7
CEE327E1
143A2F26
E7132506
F0DEC82D
FF21F5F0
0EED3E18
35F2B7B8
1DDEB2C4
E206D2D8
00000000
00000000
0BE7EFE1
D3CF1BC6
134A2D15
E0121F14
02D7CD33
FC34F2EA
09AA3611
2FFFD7D1
05F5E3E8
DFF4C7DD
00000000
00000000
1205E8F7
DEC500D4
1D322724
E70D2306
08E9CB29
FB31EAF5
F29D2811
2B19DDB9
F0F208D8
E3EFD1F4
00000000
00000000
3D11F008
F1EAFAEB
14412625
FEFD25FD
0AF2D516
F227E206
E892160D
242BE0B5
C5C3FFE7
D3F2EFE0
00000000
00000000
2D2903FD
D6EAFAFD
14F00E1B
230B1D1C
05EB15F5
D71EE1F7
F1DBF10D
E5FDDCAC
FFF7FD07
E6EA09E3
00000000
00000000
E7D60BD8
10E706EC
10FF1218
E51209FF
FBFA0922
F10ADC0A
0F070319
0909E7D2
0FF60BE6
0812EFD7
00000000
00000000
D8D316E1
F4EB06F7
111C0714
DE121E0C
F8D8F024
F612EBF8
0F12130F
20F3E3BC
26F3D6E2
060AFAF4
00000000
00000000
E9E206D2
E9E114F8
0F1F1E09
E91C2B00
F9D4DB27
E915EA05
16061019
27FECDCF
15E0D7E7
0B0FEBDC
00000000
00000000
F3E2FBD6
E3E417C2
0C3C2F0E
E71A24FE
00C8D03C
ED1BEDED
15002720
24F5D4DA
0ED5C3C0
F117D0F0
00000000
00000000
05EAE9DF
ECBF1AC2
094C2A17
E51A3011
F7C3D133
F431ECEB
2CB6241B
2F03E0D1
01F4D8C3
E203C6DB
00000000
00000000
17FDF5E9
F0DC0CE9
08420F1B
E00B2811
0CEBE72B
F729E5EE
1C822713
2C17DAC0
D9F5EDD6
D4F8E9D4
00000000
00000000
342EF3E4
F9C908F0
054C170F
F60C240D
1AE5F322
F31BD7FE
00991420
230EEABD
B7D0EAE0
E107ECEB
00000000
00000000
393EE7FA
DCD82217
040D150F
16031311
FFEC0BF4
E702E507
F9E2E810
FAF0F2C7
F7F3FCF0
EB01F7D9
00000000
00000000
D9D825F0
FFF923F2
04F3FE12
EF181701
0900F418
FC05C6F5
06100812
100CDFF0
12FD02DF
06000ADA
00000000
00000000
DCCE1CE1
E9E9FFE4
1317170F
DF2320F9
0DE9F122
EF1DD40A
1211151E
18FCD3EA
1FF4DBE2
F6E408D6
00000000
00000000
DFD509D3
02EE06EC
19151F03
DD2B25FF
F6E7DA25
F318E0F5
201A1C2E
2902D2E3
1CDED7F5
E0EBFAF8
00000000
00000000
EAD509D4
06D40DE0
14232B02
E6262A05
01D8C721
E712E4DD
070C3532
24FAD1E3
13DCD1C9
ECF4D9FD
00000000
00000000
E6EBFCD2
0CEC09D7
013A2708
F42B3305
00D4DA23
EE1EECCB
1FB03A28
2BF0D4E4
E9ECD6D2
E50ADCFF
00000000
00000000
1C1106EA
14D00301
FA4F1505
EA0D321A
00F0D91F
E808E8DC
2FA11D16
32FADCD5
BDFADACF
DE01ECFC
00000000
00000000
382502F7
19E514E3
E946150D
E5FE2C18
04EBE41B
EDFFCBD6
09B91923
2DFECDD6
B7D6F0ED
F12103DB
00000000
00000000
443B0800
06DC1EE5
00090606
040E0D0F
09F00800
E102ECFB
EBE8EB23
FBF4F6EA
DFF1EBE3
E9F901F2
00000000
00000000
F1E50CFB
F6FA1707
14D6FF11
F6111AF9
0005F80A
EF08E0FD
0804FE19
0D14CB00
10F0F4D9
FE0316DC
00000000
00000000
DBC125D9
01FCEF0F
17FC0A11
E62015F7
F9F3EE10
FD16E009
0914101E
1FFCC9F9
17F8F8E6
CBE31ACE
00000000
00000000
DFCA16D4
15E5E11B
13021BFB
E8281EF7
01E7E11A
F518CD00
FA182123
130CE601
1EEFD7CC
E8EB22EB
00000000
00000000
EFDE15CF
1FE3D60E
001C21EE
E82C28FA
01CCDD12
F919ECF0
0EF82633
21FCD00A
F4FAC1E6
D3F505FF
00000000
00000000
E2E312D3
06E9D7F1
012A15FD
D9342B00
18EBD617
E3F5E7F7
33E22220
33FBCA03
DCE4C6E0
CEFC1E14
00000000
00000000
0D0713E0
14DBFDF0
EB2F0501
DB132307
0EF1E518
E705E1F7
48CF2419
21ECBEF3
CD06CED2
CC0217E7
00000000
00000000
27FC03E8
25D400E7
D930040C
EDFE260D
10E8F410
DC17E902
26D5130F
2AFFBEF1
C616D7EA
E8081CE6
00000000
00000000
2F1AFAFD
FCE607F5
000DF61D
0D0D1FFB
FFE6FAFA
E90FFD06
00DEF70B
F8E3DFFC
E614DACD
E0EF1CF7
00000000
00000000
E6D2FAE7
ECF7030A
15D8FD21
F52629F8
EF0E0312
0307F4F1
01FAFC11
1501CD17
F0090CD8
100F08D7
00000000
00000000
DDB417E3
0202E61F
19DE0B05
F12415F4
F8FF0412
0D26EDFB
FAEFFF17
1B1ED1FE
E9F9DBEA
DFE71DD6
00000000
00000000
D2CE21CC
2AF1F62E
0A011004
EE260EF5
F8F3E60D
0C0EDDF9
F9F70C21
3020D90B
F9F8D0EE
C9E929DE
00000000
00000000
D5F111D6
13F6DF1A
2A131CFE
DB2113F1
05E7F2FF
0203EFFB
1CF1FF1E
2602EA15
D6ECC8F5
BA032CDA
00000000
00000000
DCF31CE3
13EEEFF7
1E1A0AFE
D11B1BFA
07ECFA0D
EB01E401
43E51C13
28FCD810
CE03CCF2
C00714EC
00000000
00000000
0D0C0FEA
1BE401EC
E0240309
DA1412F9
F8EFFB07
F6F3F80B
41DBFF07
29ECE411
DE23D8D9
D20326ED
00000000
00000000
091E00E8
0CD5F3F4
E2260E1D
ED0607EE
16DE0CFA
D9E6FE10
33DF16F6
33E1AD0D
C917CEE6
E41A26F3
00000000
00000000
1017FFEB
FADD0A09
0B0DF526
F9110C05
0BD918F2
FCF2F4EE
0DE7FB13
F907F9EF
CB13DBBB
E806200C
00000000
00000000
F3C4E6F6
F4F40225
2DED071E
F31916CF
F1F9130E
0306F6FC
FCF3E315
1703E014
D62400B8
061320F3
00000000
00000000
F0CAFEE5
E004E332
33E40B1B
FA2516F9
F2F20307
2A0EECF3
E1DD010F
1C25C610
C212E8B9
D2EB2FE2
00000000
00000000
D5CD09C9
1FFDED2D
2D070806
EF1811EB
06D6FDF9
1705FBFF
F3E6E904
1928E219
C9FEE0F1
D9F72AE4
00000000
00000000
D0022BDD
1F05F725
2B070502
EE1410F8
FFE6EFF5
FBF0F5FC
17E6F906
2C35F31F
C3EED2E6
BEFA21FB
00000000
00000000
D20E2EE9
1F03E0FA
21040409
C9031CF5
02E211F2
E4EEE50D
3FDEF816
341FED12
BBFEB9EA
D00525E1
00000000
00000000
E6032BD7
05D5E3F5
F41F031B
DD1016F4
F5E1F2FE
F8F1F2F8
54DB0213
30F6ED10
E218CAE9
E61D30D7
00000000
00000000
EB0C08CC
23E1FC00
F53CFC1F
DC0215FC
02DD1413
FFFCEAF8
2DDB000D
1AC6C30D
E225D1CF
D30F26DD
00000000
00000000
3420E900
FADCF903
1209F913
F40B11F8
F5D90CF8
EDF6DCF3
06021020
04F0F005
DE0803AE
EB0B2AE8
00000000
00000000
EFE4E2F6
F313020B
26041F01
F50215F5
FAF8080B
03EFD5F4
F303FE19
2AEAF117
EC3008A8
F1F410F6
00000000
00000000
F7F0FFE3
E7FFE011
5706262E
0710F4F7
F6EAFBFC
18ECE1F9
CCCF0010
1438DB0D
C934FEA9
D6EA21F9
00000000
00000000
E7E804E9
1CFCE120
3D060F12
F00303E5
ED05F2F4
10F000FC
E5C20108
2939F630
B42FE8CD
CDF81CE6
00000000
00000000
FBD71CE5
1106E90A
3C370D0E
EFFD10FF
F8F706E6
E9E8FD00
14CC0018
2735F01F
B801F0E6
CFFD0CF2
00000000
00000000
E90C19EB
FFF6DDF7
252A1E11
E00DFA17
F2FBF3F1
F0F6FA04
14C903F3
43F9FD22
C4FEE0F5
E2F71FE6
00000000
00000000
F3F721F4
F60EE0FB
E3160E15
DC01160E
FAEDF5F2
0303E9FC
2CD907F4
30E3CC19
F72DE4C8
F51328EC
00000000
00000000
0A0204EE
370CE41B
0D311528
CA0213FE
DDCA1002
E6E8DB05
21E10A09
15D6BA03
E736FBB2
F60930D4
00000000
00000000
2E210912
F7FFF718
0A0F0D10
080B11FB
F7DA01F2
F1F6FB01
FFF5120E
FEE3D7FD
E026F6D8
F6E407FD
00000000
00000000
00000000
00060800
00000609
00000000
00000000
00000000
05000000
00020000
00040000
00000007
00000000
00000000
00040200
00000000
00000000
00000000
00000000
00000800
00000809
00000000
00000000
00000000
04000000
00000000
00030000
00000002
01000000
00000000
00000100
00000000
00000000
00000000
00000000
00000500
00000706
00000000
00000000
00000000
03000000
00000000
00010000
00000002
01000000
00000000
00000000
00000000
00000000
00000000
00000000
00000200
00000603
00000000
00000000
00000000
04000000
00000000
00010000
00000000
00000000
00000100
00000000
00000000
00000000
00000000
00030000
00000502
05000600
00000000
00000100
00000000
00010000
00000800
00010100
00000000
00000002
00000100
00000000
00030000
00000800
00000002
00050000
00030104
05000600
01000000
00000500
00000001
00000000
00040600
00000500
00000006
00000400
00010000
00060000
00040000
00000B00
00000000
00000000
00020000
00000705
00000000
00000000
00000000
05000000
00050000
00000000
00000003
00000200
00000000
00040000
00000000
00000003
00000000
00000400
00000A00
02000705
00030000
00000300
00000003
03000003
00000300
00050000
04000003
01000100
00010101
00000000
00000100
00000000
00000102
01010003
00040000
04010002
00000307
02000000
00000003
00000300
00030000
01000807
00000000
00000000
00000000
00060000
04060000
05000000
00000000
00000101
00080000
02000804
00000000
00000000
00000000
01000600
00000000
03000200
00040000
00000000
00000000
00080000
04000000
00010000
00000000
00000300
00010000
05000800
00000000
00000000
00000200
00010001
00000100
00000000
00030100
00010000
00000000
00000000
00060000
00000500
01000000
00000100
00000000
0A000500
00000003
00010000
02010300
00000002
00050000
00000600
00000300
00070000
00000200
02000000
00000000
01000600
01010002
00030000
00000100
0D000400
01000500
00010000
02000302
03000000
00060000
00000300
00000000
01050001
00000300
06000000
00000000
07000100
01000001
00090200
00000000
0B000400
08000501
00000000
00000004
00000001
01000700
00000700
00000100
00000000
00030000
00050000
02000100
0D000200
00000000
00040000
00020000
05000500
0B000400
00000000
00000000
00000000
00000700
00000100
00000000
00000000
00010000
00080000
03020000
0B000201
00000000
00000403
00000100
08000602
00000000
02000000
01000002
02030000
00010000
01000000
00020000
00000000
00010000
01010000
00090000
00000400
02010001
03060600
00000900
03000000
0100080B
00010000
01000208
00040602
00010301
07070A03
00000000
00000000
00030000
00010002
01050000
07000000
00030000
01090801
000D0000
06000200
03000A06
00000000
00000000
02000600
00000200
07000904
010B0000
00000000
00010006
00060001
06030000
0A070000
00000000
00000B00
00040000
06000000
01000307
00000000
01000801
06000001
00000000
00030503
00070D00
00010000
02060000
00000000
020B0007
07030400
01000000
00000600
00000000
08000000
09000006
00000000
02000302
01000000
08000000
00000400
00000700
00050001
00060000
00000000
02040307
09000600
00000000
00000300
00000000
04000100
03000200
00000000
02000401
03000000
02000100
00000300
00020100
00040004
00030100
05000000
00000000
04000600
00000004
00000000
00000100
09000300
00000702
00000000
03000107
00000000
03010200
00010500
00000000
00080001
00000000
00000000
03000000
07000000
02000000
000B0800
00000100
09000200
07000402
00000000
00000006
00000103
00020700
00000800
00000000
00020000
00000002
000A0000
07000400
09000000
00000000
00040700
00060000
0B000700
02020002
04010000
00000000
01000005
00020200
00000800
00020000
00000000
00000003
02080000
04090000
02000200
01000000
00000203
00070800
02000000
01010500
00000001
00000005
00020000
00000001
00070101
00000500
08010402
00000000
02000001
02000500
01000000
06030000
00030000
04040000
00000000
00000300
00000000
00000001
00000000
09020001
00020001
000B0700
03040000
02000500
00000001
02000000
05000000
01000300
00000000
04000000
06000000
05000809
00060000
00000403
02030000
01010405
00070B00
03010600
04060000
020A0000
00000000
00000006
0F000200
00000400
00000000
00000900
06000000
04000902
00000001
00000006
05000000
02080503
00010500
01000200
060A0200
00070000
00000000
00000003
0A000000
00000000
00000000
00000A00
07000300
00000B00
00000000
02000004
05000000
0B060400
00010600
00000600
000E0000
00000000
00000000
00000000
0B000000
01000000
00000000
00000300
08060300
00000A00
00000000
05000003
01000000
09010300
00030700
00000100
000F0000
00000000
00000000
00000100
0A000000
00000100
00090800
00000100
04020000
00000508
00000000
00000005
00000000
09010000
00040900
00000000
00060004
00070000
01000000
00000300
0A000100
00000000
00090700
00000000
00000300
01000005
04010000
00000000
00010000
05000200
00000800
00000000
00000000
00040204
02010000
02020200
0C000200
00000000
00000003
00071100
0E000002
00001100
00000007
00000000
08000000
0E040000
000E0000
00000E02
00020500
04000100
00000000
00000000
06000000
07000000
00000000
00000F00
0E050000
01000C00
00000001
0000000A
04020000
11070000
000D0100
00050A00
00070500
04000500
00000000
00000000
18000001
00000200
00000000
04000800
07080000
00000700
00000000
0000000B
07060001
08000501
000B0700
00060400
00060004
01060300
00000000
00000100
13000000
00000300
00000000
00000700
0A040000
00000500
00000000
00000009
00000008
07030602
00040900
00010200
00070101
00060000
00000000
00000000
11000003
00000000
00000000
00000C00
050B0300
00000B00
00000000
01000007
00000003
09050200
00020A00
02000200
00040008
00040100
00000000
00000200
10000005
00000000
00000000
00000600
010E0600
00000800
00000000
02000000
00000000
06000000
00060500
00000000
00000205
00020000
00000001
00000400
0A000002
00000000
00000000
00000200
00110000
00000400
00000000
05000000
00000000
05000000
00040000
00000000
00000308
00030000
00000000
00000800
0A000000
00000000
00020600
00000200
00100200
00000000
02000000
06000000
00000001
04000000
02000000
07000000
0000000D
00030400
00000002
00000900
06010000
02000000
05020000
00000800
09000900
02000700
00000000
03020004
00040101
00010000
00040101
06020405
02000800
00000005
00020003
0000000D
04030200
00000100
01000000
00000800
080D0800
00010600
00000000
00000007
00050004
00020000
00040300
02000000
00080B07
00000001
00010000
0000000A
0C000004
00000000
00050000
04000700
000C0B00
00000400
00000000
00000005
00000106
00000200
03080000
08000000
0700000B
00000106
00000000
03000300
0A020000
00030000
00000000
00000400
000A0900
00000700
00000000
0500000B
00010004
03000000
01080200
0E000006
00000200
000D0204
00000000
03000009
08020005
00000000
00000000
00000300
000E0000
00000700
00000000
02000008
00040300
09000000
000C0202
00000000
00000008
000B0300
00000000
01000100
0B000009
00000000
04000000
00000500
00180000
00000600
00000000
05000007
00000300
0B000000
03090500
00000000
0000050A
00050000
00000001
00000900
0D000000
00000000
00000000
00000600
001F0000
00000200
00060000
0A000000
00000600
06000000
02000000
00000000
00000410
00050000
00000000
00000D00
0A000000
00000000
03000700
00000000
00150300
00000000
02040000
0D000000
00000000
00000000
02000000
0A000001
0002000E
00000300
00000002
00000D00
00040000
05030000
01040000
02020000
00020100
01000000
01030600
01020404
000C0B00
00000004
03060A00
07010002
06000100
000B0006
00070704
0000001B
03050409
00000200
07000000
02000100
00020005
00000000
00000000
00000305
000C0001
00000003
00030C00
02050000
00000000
030B0306
00040400
00000013
02000007
00000200
00050401
02010300
00000500
03000700
00000002
00000004
00000501
00000200
00020300
02080000
08000000
0204000F
00000103
02000A00
000B0000
00000600
00000004
01000E00
00000500
07000B01
00020000
07000007
01070000
00000000
00070200
0C010007
0E000000
000B0010
00010003
00000008
07070400
00000000
03000000
00001400
000D0000
00000300
000C0000
00000001
000B0700
06000000
020B0300
01000000
00000000
00100000
00000000
00000000
11000000
00050000
00000000
00000800
001B0000
00000000
00030000
06000000
00000900
0A000000
01080000
00000000
00000209
000F0000
00000000
00000700
13050000
00070000
00000A00
00000000
001C0000
00000000
00050000
07000000
00000800
04040000
00000000
03020000
0000000B
00040200
00000000
00000C00
000E0000
00070000
06000600
00000000
00060200
00000800
00000004
06000000
00000000
00050000
01000000
0A000000
00000001
04000500
00000000
00000001
000E0000
00010000
00030001
06010002
00000000
00000000
00050104
00000202
00080300
00010101
00070400
01000000
06010000
07020303
00010900
0001000D
03090003
00010300
00000004
07010000
02040002
00000000
00000000
00000001
00050000
00000500
00050301
00010000
02000000
08000304
00000500
0000000B
02010006
00000100
00000005
02020100
08000002
01000200
00020200
00000102
00000002
00010500
01040002
00000000
02000003
04030300
00000201
00000700
01000000
00030500
01000009
07030D00
04050106
02000000
00120600
00000204
00000100
00060900
01020606
00010000
0B010009
00150000
00000206
00000000
05000000
00030A00
0300000D
00040D00
06150001
00070000
000E0A00
00050000
00020203
03030800
03000203
000A0000
050A000B
00130000
00000002
00000500
0D060000
00020208
06000208
000A0000
02190000
01090800
00050004
00020000
00000104
00020000
08000007
060B0000
020C0106
03000002
01000005
00000500
000D0000
00070000
00000605
000A0000
000B0000
02040800
01000003
00000000
00000000
00010000
01000003
08040000
05000000
04000201
00000000
00000000
000C0000
00040000
01000604
00030000
01000000
00000600
00000000
06000000
04030000
00000100
00000000
04000000
00000000
01030002
00000000
00020000
00080400
01070000
000002EA
0000027E
0000027E
0000027E
0000027E
0000027E
0000027E
0000027E
0000027E
0000027E
0000027E
00000368
0000033E
0000027E
0000027E
0000027E
0000027E
0000027E
0000027E
0000027E
0000027E
0000027E
0000027E
0000027E
0000027E
0000027E
0000027E
00000312
0000027E
0000027E
0000027E
0000027E
000002EA
