@00000000
17 01 10 00 13 01 01 00 EF 00 C0 38 01 A0 63 5F
F0 1A 1D 71 CA CA 33 89 18 03 A6 CC DA C2 2E 8B
36 8F 93 86 F8 FF D2 C6 D6 C4 62 DE 66 DC B3 04
08 03 3E 83 B2 8A 81 47 01 46 13 0C 00 F8 93 0C
F0 07 33 8A 06 01 B3 05 27 03 63 57 00 13 DE C0
BE 8E B3 8B 07 01 3E D0 2E 8E A2 CE CE C8 6A DA
6E D8 B6 83 32 CE D2 87 9A 85 3E 84 AE 87 36 86
F2 85 FD 59 01 43 33 0D DF 01 33 8A 13 41 B6 8D
FA 82 3E 8E 83 AF 0A 00 63 5B E0 08 63 59 10 09
B3 86 7E 41 76 D4 B3 07 6B 40 AE 8E 01 4F EA 85
4A CC 1A D2 56 D6 5A 8D 36 CA 36 C4 BE 8A 3E C6
7A C8 D2 86 26 89 13 8F 16 00 63 09 0F 0E A2 44
CE 87 AA 94 63 D4 06 0F 93 86 17 00 33 83 F4 00
33 8B FA 00 E9 C2 63 D0 07 0D 03 03 03 00 03 0B
1B 00 B6 87 33 03 63 03 9A 9F E3 9F C6 FC A2 47
C6 9A FA 86 C2 97 3E C4 E3 1F 7F FA 42 4F B2 47
D2 46 62 43 05 0F CA 84 CA 96 9A 97 E3 1E E7 F9
6A 8B 62 49 2E 8D 12 53 F6 85 B2 5A A2 5E 96 57
26 5F B3 06 6D 00 B3 87 F7 03 B3 D7 E7 41 06 5F
FA 97 63 D4 87 01 93 07 00 F8 63 D4 FC 00 93 07
F0 07 23 80 F6 00 05 03 05 06 85 09 E3 1C 68 F2
72 86 85 03 2E 8E EE 86 A2 87 16 8F B2 85 C2 9E
E3 95 83 F0 22 8A 72 46 82 57 76 44 C6 49 86 4B
52 5D C2 5D 2E 83 F2 85 05 06 91 0A A6 97 2E 9B
E3 15 C3 EC E6 44 56 49 36 4A A6 4A 16 4B 72 5C
E2 5C 25 61 82 80 B6 87 E3 18 D6 F2 A2 47 C6 9A
FA 86 C2 97 3E C4 E3 18 7F F0 89 BF CE 87 93 86
17 00 89 07 E3 0D D6 F2 E3 9B C7 FE A2 47 C6 9A
FA 86 C2 97 3E C4 E3 18 7F EE 0D BF 82 80 3D 43
2A 87 63 73 C3 02 93 77 F7 00 BD EF AD E5 93 76
06 FF 3D 8A BA 96 0C C3 4C C3 0C C7 4C C7 41 07
E3 6B D7 FE 11 E2 82 80 B3 06 C3 40 8A 06 97 02
00 00 96 96 67 80 A6 00 23 07 B7 00 A3 06 B7 00
23 06 B7 00 A3 05 B7 00 23 05 B7 00 A3 04 B7 00
23 04 B7 00 A3 03 B7 00 23 03 B7 00 A3 02 B7 00
23 02 B7 00 A3 01 B7 00 23 01 B7 00 A3 00 B7 00
23 00 B7 00 82 80 93 F5 F5 0F 93 96 85 00 D5 8D
93 96 05 01 D5 8D 61 B7 93 96 27 00 97 02 00 00
96 96 86 82 E7 80 86 FA 96 80 C1 17 1D 8F 3E 96
E3 74 C3 F8 A5 B7 33 67 B5 00 FD 53 0D 8B 79 E7
B7 87 7F 7F 93 87 F7 F7 10 41 94 41 B3 72 F6 00
33 63 F6 00 BE 92 B3 E2 62 00 63 97 72 0C 63 18
D6 06 50 41 D4 41 B3 72 F6 00 33 63 F6 00 BE 92
B3 E2 62 00 63 98 72 0A 63 1B D6 04 10 45 94 45
B3 72 F6 00 33 63 F6 00 BE 92 B3 E2 62 00 63 91
72 0A 63 1E D6 02 50 45 D4 45 B3 72 F6 00 33 63
F6 00 BE 92 B3 E2 62 00 63 9A 72 08 63 11 D6 02
10 49 94 49 B3 72 F6 00 33 63 F6 00 BE 92 B3 E2
62 00 63 93 72 08 51 05 D1 05 E3 0F D6 F6 13 17
06 01 93 97 06 01 63 1C F7 00 13 57 06 01 93 D7
06 01 33 05 F7 40 93 75 F5 0F 91 E9 82 80 41 83
C1 83 33 05 F7 40 93 75 F5 0F 91 E1 82 80 13 77
F7 0F 93 F7 F7 0F 33 05 F7 40 82 80 03 46 05 00
83 C6 05 00 05 05 85 05 63 13 D6 00 65 FA 33 05
D6 40 82 80 11 05 91 05 E3 12 D6 FE 01 45 82 80
21 05 A1 05 E3 1C D6 FC 01 45 82 80 31 05 B1 05
E3 16 D6 FC 01 45 82 80 41 05 C1 05 E3 10 D6 FC
01 45 82 80 79 71 F1 72 45 65 06 D6 22 D4 26 D2
4A D0 4E CE 52 CC 56 CA 5A C8 13 05 85 7A 16 91
E5 2A 04 08 11 66 81 45 26 85 11 3D 45 65 13 05
85 7D DD 22 93 07 70 09 31 66 13 06 86 7C 8D 48
3E C2 45 65 C1 47 3E C4 A6 86 93 05 06 04 46 87
13 05 85 9B 13 08 00 02 02 C0 15 31 49 65 13 05
85 80 35 69 49 6B 4D 2A 13 09 89 9B 13 0B 0B 83
01 44 81 49 91 4A 11 6A 03 86 04 00 83 06 09 00
63 05 D6 00 63 D0 3A 05 85 09 05 04 85 04 05 09
E3 14 44 FF 63 9C 09 02 49 65 A2 85 13 05 05 86
85 20 49 65 13 05 85 89 85 2A 91 62 16 91 B2 50
22 54 92 54 02 59 F2 49 62 4A D2 4A 42 4B 01 45
45 61 82 80 A2 85 5A 85 25 28 7D BF 49 65 22 86
CE 85 13 05 C5 8C 2D 20 C9 BF 39 71 2E 8E 0C 45
13 03 81 02 32 D4 36 D6 72 86 9A 86 06 CE 3A D8
3E DA 42 DC 46 DE 1A C6 65 22 F2 40 21 61 82 80
17 33 01 00 03 23 03 A4 39 71 32 D4 36 D6 2E D2
3A D8 3E DA 42 DC 46 DE 83 25 83 00 54 10 2A 86
1A 85 06 CE 36 C6 AD 2A F2 40 21 61 82 80 79 71
26 D2 AA 84 2E 85 22 D4 06 D6 2E 84 01 22 DC 58
13 08 15 00 97 15 01 00 93 85 85 42 05 46 14 08
09 47 22 C8 2A CA 42 C6 2E CC 32 CE 36 C2 3A C4
80 44 CD C7 7C 50 03 17 C4 00 93 F6 17 00 B1 CA
93 16 27 01 63 C4 06 06 F9 76 FD 16 09 66 F5 8F
51 8F 7C D0 23 16 E4 00 13 97 27 01 63 44 07 08
26 85 50 00 A2 85 EF 20 D0 54 33 37 A0 00 7C 50
33 07 E0 40 93 64 A7 00 85 8B 91 E7 83 57 C4 00
93 F7 07 20 95 CB B2 50 22 54 26 85 92 54 45 61
82 80 93 76 07 20 8D CA 93 16 27 01 E3 D6 06 FA
13 97 27 01 E3 5E 07 FA FD 54 C9 BF 13 97 27 01
E3 58 07 FA FD 54 C1 BF 28 4C 81 28 B2 50 22 54
26 85 92 54 45 61 82 80 28 4C 15 28 03 17 C4 00
7C 50 93 16 27 01 E3 C1 06 F8 BD B7 26 85 EF 20
B0 41 89 BF FD 54 49 BF AA 85 17 35 01 00 03 25
65 92 31 B7 82 80 82 80 82 80 82 80 82 80 82 80
05 45 82 80 05 45 82 80 82 80 82 80 93 77 35 00
2A 87 9D EF B7 86 7F 7F 93 86 F6 F7 FD 55 10 43
11 07 B3 77 D6 00 B6 97 D1 8F D5 8F E3 89 B7 FE
83 46 C7 FF B3 07 A7 40 8D CA 83 46 D7 FF 9D C2
03 45 E7 FF 33 35 A0 00 3E 95 79 15 82 80 F9 D2
83 47 07 00 05 07 93 76 37 00 F5 FB 09 8F 13 05
F7 FF 82 80 13 85 D7 FF 82 80 13 85 C7 FF 82 80
25 71 23 2E 11 18 23 2A 91 18 23 22 51 19 23 28
A1 17 B2 8A 2E 8D 36 CA AA 84 EF 30 50 51 1C 41
3E 85 3E DA A5 3F 2A D8 21 46 08 11 81 45 85 3E
89 C4 DC 58 99 E3 6F 10 60 67 03 27 4D 06 83 17
CD 00 93 76 17 00 63 8E 06 2A 93 96 27 01 E3 C9
06 72 F9 76 FD 16 09 66 75 8F D1 8F 23 22 ED 06
23 16 FD 00 93 17 27 01 63 D4 07 00 6F 20 C0 2C
83 17 CD 00 13 F7 87 00 63 04 07 1C 03 27 0D 01
63 00 07 1C 13 F7 A7 01 A9 46 63 09 D7 1C 7C 19
23 2C 81 18 23 28 21 19 23 26 31 19 23 26 B1 17
23 24 41 19 23 20 61 19 23 2E 71 17 23 2C 81 17
23 2A 91 17 02 DD 02 DB 3E D9 3E 84 02 CC 02 DC
02 D6 02 DE 82 C0 82 CA 82 C2 02 C8 17 29 01 00
13 09 09 24 93 0D 50 02 C1 49 56 C4 6A C6 A2 4A
03 2A 49 0E EF 30 B0 42 AA 86 18 11 56 86 2C 01
26 85 02 9A 63 0A 05 1A 63 41 05 1A AA 47 63 84
B7 01 AA 9A F1 BF A2 47 2A 8A 33 8B FA 40 63 93
FA 1A 93 87 1A 00 03 C3 1A 00 A3 0F 01 06 3E C4
7D 5B 01 4D 93 0A A0 05 17 1A 01 00 13 0A 4A 50
01 4C BE 8B 85 0B 93 07 03 FE 63 EC FA 02 8A 07
D2 97 9C 43 D2 97 82 87 13 07 03 FD 01 4C A5 46
93 17 2C 00 03 C3 0B 00 E2 97 86 07 33 0C F7 00
13 07 03 FD 85 0B E3 F5 E6 FE 93 07 03 FE E3 F8
FA FC 5E C4 E2 8E 63 02 03 16 85 4A 23 0E 61 0E
A3 0F 01 06 56 8C 02 D0 01 4B 02 D4 02 D2 01 4E
FC 19 6A 5A 93 7C 4D 08 D2 85 63 88 0C 48 03 47
F1 07 15 CF 5A 55 01 47 13 06 F1 07 05 0A 05 05
85 46 10 C0 54 C0 52 DD 2A DB 1D 46 21 04 63 47
A6 20 11 CF 5A 55 18 01 18 C0 09 0A 09 47 05 05
58 C0 52 DD 2A DB 1D 47 21 04 E3 4D A7 2C 13 07
00 08 E3 85 EC 18 33 0B 5B 41 63 4C 60 45 13 77
0D 10 63 13 07 50 1C C0 DA 57 56 9A 52 DD 85 07
23 22 54 01 1D 47 3E DB 63 43 F7 28 21 04 13 7F
4D 00 63 06 0F 00 B3 8A 8E 41 63 46 50 29 63 D3
8E 01 E2 8E C2 47 F6 97 3E C8 E3 1E 0A 1E 82 57
02 DB 89 C7 82 55 26 85 EF 50 60 27 60 19 45 B5
EA 85 26 85 EF 20 70 68 19 C1 6F 20 20 21 83 17
CD 00 A9 46 13 F7 A7 01 E3 1B D7 E2 03 17 ED 00
E3 47 07 E2 03 27 4D 06 05 8B 11 E7 93 F7 07 20
99 E3 6F 10 70 1B D2 46 56 86 EA 85 26 85 EF 20
40 29 83 20 C1 19 2A C8 42 45 83 24 41 19 83 2A
41 18 03 2D 01 17 1D 61 82 80 21 46 81 45 08 11
FD 38 05 45 AA 9A 2D BD A2 47 2A 8A 33 8B FA 40
63 85 FA 02 A2 47 5A 56 23 22 64 01 1C C0 EA 57
05 06 32 DB DA 97 3E DD 9D 47 21 04 63 C1 C7 02
C2 47 DA 97 3E C8 E3 1E 0A E2 EA 57 32 4D 99 C3
6F 10 B0 02 83 17 CD 00 02 DB 6F 00 F0 15 B2 45
10 19 26 85 EF 20 60 2C 19 C1 6F 10 10 6C 60 19
C1 BF 93 F6 07 20 63 82 06 22 93 96 27 01 E3 D2
06 D4 93 16 27 01 E3 DF 06 D4 6F 20 40 02 5E C4
93 77 8D 00 E2 8E E3 91 07 52 D2 47 9D 07 E1 9B
98 43 A1 07 3A DC 03 A7 C7 FF 3E CA 3A D6 97 27
01 00 93 87 27 D3 32 57 03 AA 07 00 83 AA 47 00
E2 5B 13 1C 17 00 93 55 1C 00 5E 85 52 86 D6 86
1A D2 76 D0 EF B0 70 18 82 5E 12 53 19 C1 6F 10
40 0A 5E 85 93 55 1C 00 52 86 D6 86 EF A0 10 1C
82 5E 12 53 63 44 A0 00 6F 10 A0 08 B2 55 5E 85
01 46 81 46 EF A0 90 1A 82 5E 12 53 13 7D FD F7
63 54 05 00 6F 10 90 35 93 06 70 04 03 47 F1 07
97 17 01 00 93 87 07 F2 63 D4 66 00 6F 10 00 6A
19 C3 6F 10 F0 5F 8D 4A 56 8C A9 A4 B2 45 10 19
26 85 F2 CE BE CC 9A C8 BA C6 F6 C4 EF 20 E0 1D
E3 1A 05 04 6A 5A 76 4E E6 47 46 43 36 47 A6 4E
60 19 C1 BB DA 5A E2 46 05 47 3A 9A BA 9A 13 0B
84 00 E3 54 D7 2E 05 47 58 C0 1C C0 52 DD 56 DB
1D 47 E3 4F 57 73 42 57 85 0A 56 DB 3A 9A 52 57
52 DD 21 0B 23 2C EB FE 42 57 23 2E EB FE 1D 47
E3 4F 57 6F 3E D4 62 55 E2 47 B2 55 01 46 81 46
76 D2 13 84 F7 FF EF A0 C0 7A 92 5E E3 0B 05 2C
A2 57 85 0A 22 9A 85 07 56 DB 52 DD 23 20 FB 00
23 22 8B 00 9D 47 E3 CD 57 29 21 0B F2 57 F2 56
18 09 3E 9A 93 87 1A 00 23 20 EB 00 52 DD 3E DB
23 22 DB 00 1D 47 13 04 8B 00 E3 52 F7 D8 B2 45
10 19 26 85 76 D2 EF 20 40 12 63 1D 05 78 6A 5A
92 5E 60 19 AD B3 41 4B DA 57 97 18 01 00 93 88
E8 2F 63 56 5B 05 9D 4C 76 8D 97 1B 01 00 93 8B
EB 2E 21 A0 C1 1A 63 5A 5B 03 41 0A 85 07 23 20
74 01 23 22 64 01 52 DD 3E DB 21 04 E3 D4 FC FE
B2 45 10 19 26 85 EF 20 40 0D 63 15 05 74 C1 1A
6A 5A DA 57 60 19 E3 4A 5B FD EA 8E DE 88 56 9A
85 07 52 DD 3E DB 23 20 14 01 23 22 54 01 1D 47
E3 57 F7 D0 B2 45 10 19 26 85 76 D2 EF 20 E0 09
63 1A 05 70 6A 5A 92 5E DD B9 03 25 8D 05 85 34
83 17 CD 00 03 27 4D 06 93 96 27 01 E3 C4 06 B2
09 BE 03 C3 0B 00 FD B6 03 C3 0B 00 13 6D 0D 02
D5 B6 5E C4 93 77 0D 02 E2 8E 63 95 07 54 D2 47
D2 46 13 77 0D 01 91 07 03 AA 06 00 19 C3 6F 10
B0 73 13 77 0D 04 19 E3 6F 10 80 32 42 0A 13 5A
0A 41 93 5A FA 41 3E CA 56 87 63 4C 07 4E 63 48
0B 34 B3 67 5A 01 13 7D FD F7 63 92 07 34 63 10
0B 34 83 48 F1 07 63 94 08 00 6F 10 E0 44 01 4C
01 4E 02 D0 81 4A 01 4B 9C 12 05 0C 63 14 0E 00
6F 10 30 71 6A 5A 5A 55 93 7C 4D 08 09 0C D2 85
2A 86 63 85 0C 6C 02 D4 02 D2 01 4E E3 85 08 BE
09 47 D9 B6 5E C4 93 07 30 04 E2 8E E3 05 F3 4E
93 77 0D 01 E3 91 07 4E D2 47 05 4C E2 8A 9C 43
13 0A C1 0F 23 0E F1 0E D2 47 A3 0F 01 06 91 07
3E CA D2 87 6A 5A 02 D0 02 D4 02 D2 93 7C 4D 08
01 4B 01 4E D2 85 E3 9C 0C B6 33 87 8E 41 E3 4F
E0 00 03 47 F1 07 E3 17 07 B6 33 0B 5B 41 E3 58
60 BB 5A 56 97 1C 01 00 93 8C 4C 15 63 D5 69 07
DA 8B 52 87 D6 8C 9D 48 BE 8A F6 C4 A2 87 72 8B
1A 8A 17 14 01 00 13 04 64 13 21 A0 C1 1B 63 DA
79 03 41 07 05 06 80 C3 23 A2 37 01 3A DD 32 DB
A1 07 E3 D5 C8 FE B2 45 10 19 26 85 EF 10 F0 72
63 12 05 5A C1 1B 6A 57 5A 56 7C 19 9D 48 E3 CA
79 FD A6 4E 52 83 3A 8A 22 87 5A 8E 3E 84 5E 8B
D6 87 E6 8A BA 8C 5A 9A 05 06 23 20 94 01 23 22
64 01 52 DD 32 DB 1D 47 21 04 E3 52 C7 B2 B2 45
10 19 26 85 F2 CC BE C8 9A C6 F6 C4 EF 10 F0 6D
63 1A 05 54 13 77 0D 10 6A 5A 66 4E C6 47 36 43
A6 4E 60 19 E3 01 07 B0 13 07 50 06 E3 5C 67 CE
62 55 B2 55 01 46 81 46 BE C6 F6 C4 F2 C8 EF A0
40 4E A6 4E B6 47 46 4E 63 14 05 60 DA 57 17 17
01 00 13 07 27 BF 18 C0 05 0A 05 47 85 07 58 C0
52 DD 3E DB 1D 47 21 04 63 54 F7 00 6F 00 F0 77
9A 47 62 47 E3 D4 E7 04 42 57 DA 57 21 04 3A 9A
52 57 85 07 52 DD 23 2C E4 FE 42 57 3E DB 23 2E
E4 FE 1D 47 E3 40 F7 24 E2 47 93 8A F7 FF E3 50
50 AB 41 4B DA 57 63 44 5B 01 6F 10 B0 41 52 87
D6 8C 9D 4B 17 1A 01 00 13 0A 4A 01 F6 8A 31 A0
C1 1C 63 44 9B 01 6F 10 80 03 41 07 85 07 23 20
44 01 23 22 64 01 3A DD 3E DB 21 04 E3 D2 FB FE
B2 45 10 19 26 85 EF 10 50 60 63 1D 05 46 6A 57
DA 57 60 19 F1 B7 D2 47 52 47 5E C4 9C 43 A3 0F
01 06 E2 8E 93 0B 47 00 E3 81 07 20 13 07 30 05
E3 0A E3 6E 13 7E 0D 01 E3 16 0E 6E 63 54 0B 00
6F 10 E0 32 3E 85 5A 86 81 45 72 D4 3E CA 62 D2
EF 20 F0 1B 2A D0 03 47 F1 07 D2 47 92 5E 22 5E
19 E1 6F 10 30 2A 82 56 B3 8A F6 40 13 C8 FA FF
13 58 F8 41 33 FC 0A 01 11 C3 05 0C 5E CA 01 4B
02 D4 02 D2 02 D0 13 03 30 07 A1 BA D2 47 03 AC
07 00 63 5B 0C 74 D2 47 33 0C 80 41 91 07 3E CA
03 C3 0B 00 13 6D 4D 00 F1 B8 5E C4 93 77 0D 02
E2 8E 13 6F 0D 01 B9 E7 D2 47 91 07 52 47 A3 0F
01 06 81 4A 03 2A 07 00 63 54 0B 00 6F 10 80 50
3E CA 13 7D FF F7 63 1E 0A 04 63 1C 0B 04 01 4E
83 48 F1 07 01 4B 01 4C 81 4A 9C 12 02 D0 E3 8F
08 D0 05 0C 21 BB 5E C4 93 77 0D 02 E2 8E 63 87
07 7C 6A 8F D2 47 A3 0F 01 06 9D 07 E1 9B 13 87
87 00 3A CA 03 AA 07 00 83 AA 47 00 E3 42 0B 02
13 7D FF F7 63 15 0B 00 B3 67 5A 01 CD DB E3 9F
0A 10 A5 47 E3 EC 47 11 13 0A 0A 03 A3 0F 41 15
5A 8C 63 56 60 7F 83 48 F1 07 01 4E 85 4A 93 07
F1 15 02 D0 69 BF 5E C4 93 77 0D 02 E2 8E 13 68
0D 01 63 84 07 72 D2 47 9D 07 E1 9B 13 87 87 00
3A CA D0 43 98 43 A3 0F 01 06 13 7D F8 BF 63 45
0B 3A 13 7D F8 B7 63 11 0B 3A B3 67 C7 00 63 9D
07 38 13 7C 18 00 63 0A 0C 4E 93 07 00 03 A3 0F
F1 14 E2 8A 02 D0 01 4B 02 D4 02 D2 01 4E 93 07
F1 15 6F F0 1F 83 93 07 B0 02 03 C3 0B 00 A3 0F
F1 06 6F F0 2F FC 03 C3 0B 00 93 07 80 06 E3 00
F3 04 13 6D 0D 04 6F F0 EF FA 5E C4 93 77 0D 02
E2 8E 63 93 07 6E D2 47 52 47 93 76 0D 01 91 07
18 43 99 C2 6F 10 90 32 93 76 0D 04 E3 87 06 70
42 07 41 83 3E CA 6A 88 01 46 B5 B7 52 47 5E C4
93 77 0D 02 11 07 63 90 07 66 93 77 0D 01 E3 9B
07 62 93 77 0D 04 99 C3 6F 10 20 12 13 7F 0D 20
E3 02 0F 62 D2 47 C2 46 3A CA 9C 43 23 80 D7 00
6F F0 EF EE A1 67 93 87 07 83 23 10 F1 08 D2 47
5E C4 A3 0F 01 06 98 43 E2 8E 93 86 47 00 01 46
63 43 0B 6E 13 7F FD F7 13 6D 2F 00 E3 1C 07 5C
E3 1A 0B 5C 36 CA 09 4E 13 03 80 07 83 48 F1 07
01 4B 01 4C 81 4A 9C 12 02 D0 95 B5 03 C3 0B 00
93 07 C0 06 63 04 F3 78 13 6D 0D 01 6F F0 8F EE
03 C3 0B 00 13 6D 8D 00 6F F0 CF ED 5E C4 93 77
0D 02 E2 8E 13 6F 0D 01 9D EF D2 47 91 07 52 47
3E CA 7A 8D 03 2A 07 00 93 5A FA 41 56 87 E3 58
07 B0 B3 37 40 01 B3 0A 50 41 B3 8A FA 40 93 07
D0 02 A3 0F F1 06 33 0A 40 41 E3 42 0B E4 13 7D
FD F7 35 BD 6A 8F D2 47 7A 8D 9D 07 E1 9B D8 43
93 86 87 00 03 AA 07 00 36 CA BA 8A F9 B4 26 85
EF 30 E0 26 5C 41 3E 85 BE C2 EF F0 2F CD AA 8C
26 85 E6 CA EF 30 A0 25 18 45 03 C3 0B 00 BA C0
63 8A 0C E4 63 08 07 E4 83 47 07 00 63 84 07 E4
13 6D 0D 40 6F F0 0F E4 03 C3 0B 00 13 6D 1D 00
6F F0 4F E3 83 47 F1 07 03 C3 0B 00 63 94 07 E2
93 07 00 02 A3 0F F1 06 6F F0 CF E1 03 C3 0B 00
13 6D 0D 08 6F F0 0F E1 03 C3 0B 00 93 07 A0 02
93 86 1B 00 63 14 F3 00 6F 10 B0 10 13 07 03 FD
25 46 01 4B 63 61 E6 02 93 17 2B 00 03 C3 06 00
DA 97 86 07 33 8B E7 00 13 07 03 FD 85 06 E3 75
E6 FE 63 40 0B 5E B6 8B 6F F0 EF DC B3 88 8E 41
63 5B 10 E7 C1 42 5A 56 97 1C 01 00 93 8C 0C C2
63 D5 12 07 BE C6 52 87 A2 87 D6 8C 9D 43 F6 8B
9A C4 46 84 17 1A 01 00 13 0A 4A C0 F2 8A 21 A0
41 14 63 DB 82 02 41 07 05 06 23 A0 47 01 23 A2
57 00 3A DD 32 DB A1 07 E3 D4 C3 FE B2 45 10 19
26 85 EF 10 90 1F 3D E5 C1 42 41 14 6A 57 5A 56
7C 19 9D 43 E3 C9 82 FC A2 88 26 43 3E 84 B6 47
56 8E DE 8E E6 8A D2 8C 3A 8A 46 9A 05 06 23 20
94 01 23 22 14 01 52 DD 32 DB 1D 47 21 04 63 54
C7 DE B2 45 10 19 26 85 F2 CC BE C8 9A C6 F6 C4
EF 10 B0 1A 05 E1 6A 5A A6 4E 36 43 C6 47 66 4E
60 19 6F F0 4F DC B2 45 10 19 26 85 EF 10 F0 18
63 0F 05 DE 82 52 32 4D 63 86 02 00 96 85 26 85
EF 40 F0 06 83 17 CD 00 03 27 4D 06 05 8B 09 E7
13 F7 07 20 63 0B 07 74 93 F7 07 04 99 C3 6F 10
80 4B 03 24 81 19 03 29 01 19 83 29 C1 18 03 2A
81 18 03 2B 01 18 83 2B C1 17 03 2C 81 17 83 2C
41 17 83 2D C1 16 83 20 C1 19 42 45 83 24 41 19
83 2A 41 18 03 2D 01 17 1D 61 82 80 33 87 8E 41
02 D4 02 D2 01 4E 63 4C E0 26 63 8E 08 D0 09 47
6F F0 8F CF B2 45 10 19 26 85 F2 CC BE C8 9A C6
F6 C4 EF 10 90 0F 3D F5 6A 5A 66 4E C6 47 36 43
A6 4E 60 19 6F F0 AF D0 9C 12 93 15 D6 01 93 76
77 00 0D 83 3E 85 2E 97 93 86 06 03 0D 82 B3 65
C7 00 A3 8F D7 FE FD 17 ED F1 93 86 06 FD 89 C6
13 77 1D 00 63 1A 07 3A 98 12 B3 0A F7 40 5A 8C
63 44 5B 31 02 D0 02 D4 02 D2 01 4E 6F F0 6F C7
1A 46 63 51 C0 28 62 47 72 8B 63 53 C7 01 3A 8B
63 50 60 03 5A 57 5A 9A 1C C0 05 07 23 22 64 01
52 DD 3A DB 9D 46 21 04 63 D4 E6 00 6F 10 20 21
13 47 FB FF 7D 87 33 7B EB 00 33 0B 6E 41 E3 4D
60 2D 13 77 0D 40 B3 8C C7 01 19 C3 6F 10 00 02
9A 4A 62 47 63 C6 EA 00 13 77 1D 00 E3 09 07 52
C2 56 5A 57 21 04 36 9A D2 56 05 07 52 DD 23 2C
D4 FE C2 56 3A DB 23 2E D4 FE 9D 46 63 D4 E6 00
6F 10 60 20 62 47 BA 97 33 8B 97 41 B3 0A 57 41
63 D3 6A 01 56 8B 63 51 60 03 DA 57 5A 9A 23 20
94 01 85 07 23 22 64 01 52 DD 3E DB 1D 47 21 04
63 54 F7 00 6F 10 60 21 93 47 FB FF FD 87 33 7B
FB 00 B3 8A 6A 41 63 54 50 C3 41 4B DA 57 63 44
5B 01 6F 10 20 5A 52 87 D6 8C 9D 4B 17 1A 01 00
13 0A CA 99 F6 8A 21 A0 C1 1C E3 52 9B 1D 41 07
85 07 23 20 44 01 23 22 64 01 3A DD 3E DB 21 04
E3 D4 FB FE B2 45 10 19 26 85 EF 10 00 79 E3 13
05 E0 6A 57 DA 57 60 19 C1 BF 81 4A 01 4B 02 D4
02 D2 01 4E 02 D0 9C 12 6F F0 AF B4 5A 56 41 4A
97 18 01 00 93 88 88 95 63 53 EA 06 BE 8B D6 CC
A2 87 9D 43 F6 C4 9A C6 3A 84 F2 C8 97 1A 01 00
93 8A CA 93 21 A0 41 14 63 5B 8A 02 C1 05 05 06
23 A0 57 01 23 A2 47 01 2E DD 32 DB A1 07 E3 D4
C3 FE B2 45 10 19 26 85 EF 10 20 72 E3 1C 05 D8
41 14 EA 55 5A 56 7C 19 9D 43 E3 49 8A FC D6 88
A6 4E 36 43 46 4E E6 4A 22 87 3E 84 DE 87 33 0A
B7 00 13 05 16 00 58 C0 52 DD 2A DB 23 20 14 01
1D 47 63 43 A7 4E 03 47 F1 07 21 04 63 1A 07 12
63 83 0C B0 81 4C 6F F0 0F AE B3 76 ED 00 63 9C
06 D0 1C C0 58 C0 52 DD 56 DB 9D 47 63 D8 57 D7
B2 45 10 19 26 85 76 D2 EF 10 20 6B E3 14 05 D2
6A 5A DA 5A 92 5E 13 0B C1 0B 6F F0 2F D5 89 4C
3D B7 62 47 85 47 63 D3 E7 D4 C5 47 97 1C 01 00
93 8C CC 86 E3 D3 E7 0E E2 8C C1 4B 9D 47 76 D2
17 1C 01 00 13 0C 8C 85 21 A0 41 14 E3 D3 8B 0C
41 0A 85 0A 23 20 8B 01 23 22 7B 01 52 DD 56 DB
21 0B E3 D4 57 FF B2 45 10 19 26 85 EF 10 E0 64
E3 12 05 CC 6A 5A DA 5A 13 0B C1 0B 9D 47 F1 B7
93 16 27 01 63 D8 06 8E 6F 10 20 1B 93 77 1D 00
63 8F 07 A6 6F F0 4F FB 91 07 03 C3 0B 00 3E CA
6F F0 4F 99 5A 57 97 06 01 00 93 86 A6 36 14 C0
05 0A 85 46 05 07 54 C0 52 DD 3A DB 9D 46 21 04
63 D4 E6 00 6F 00 30 76 62 47 51 8F E3 0E 07 28
42 57 DA 56 21 04 3A 9A 52 57 85 06 52 DD 23 2C
E4 FE 42 57 36 DB 23 2E E4 FE 1D 47 E3 40 D7 2A
63 54 06 00 6F 10 60 04 62 47 85 06 1C C0 3A 9A
52 DD 36 DB 58 C0 9D 47 63 D2 D7 A0 6F F0 2F C8
66 87 81 4C 6F F0 4F 99 56 8C 02 D0 02 D4 02 D2
01 4E 6F F0 0F 97 D2 47 C2 46 42 46 9C 43 FD 86
3A CA 90 C3 D4 C3 6F F0 8F 8A D2 47 91 07 52 47
01 46 3E CA 18 43 C5 B0 D2 47 88 10 1A D2 9C 43
62 D0 98 43 BA D0 D8 43 BA D2 98 47 BA D4 DC 47
BE D6 EF A0 30 61 D2 47 12 53 2E D6 91 07 3E CA
2A DC E2 8E 6F F0 AF AC 6A 88 71 B8 D2 47 D2 46
13 77 0D 01 91 07 94 42 19 C3 6F 10 40 43 13 77
0D 04 E3 0F 07 02 13 9A 06 01 A3 0F 01 06 13 5A
0A 01 81 4A E3 4E 0B 22 33 6E 4B 01 3E CA 13 7D
FD F7 E3 16 0E 82 9D BA 79 15 13 07 00 03 94 12
B3 8A A6 40 A3 8F E7 FE 5A 8C 63 53 5B 01 56 8C
AA 87 02 D0 02 D4 02 D2 01 4E 6F F0 8F 8B 83 48
F1 07 05 4C 01 4E 85 4A 93 07 F1 15 6F F0 7F 81
7A 8D 6F F0 CF FE 13 6D 2D 00 36 CA 09 4E 81 48
97 05 01 00 93 85 05 1E 13 03 80 07 9C 12 93 76
F7 00 AE 96 83 C6 06 00 11 83 FD 17 23 80 D7 00
93 16 C6 01 36 97 11 82 B3 66 C7 00 ED F2 98 12
B3 0A F7 40 5A 8C 63 53 5B F7 56 8C 02 D0 6F F0
0F F6 7D 5B B6 8B 6F E0 1F FF E2 8E 5E C4 97 05
01 00 93 85 65 1A 93 77 0D 02 63 8C 07 1A D2 47
9D 07 E1 9B 98 43 D0 43 93 86 87 00 93 77 1D 00
33 65 C7 00 99 C3 63 1B 05 26 A3 0F 01 06 63 40
0B 20 13 7D FD B7 63 18 0B 52 63 16 05 52 36 CA
01 4E 6F F0 EF EF E2 8E 5E C4 97 05 01 00 93 85
65 14 55 BF B2 45 10 19 26 85 76 D2 EF 10 E0 40
E3 12 05 A8 6A 5A 92 5E 60 19 6F F0 EF DA 03 C3
1B 00 13 6D 0D 20 85 0B 6F E0 DF F6 03 C3 1B 00
13 6D 0D 02 85 0B 6F E0 FF F5 99 47 5A 8C E3 EC
67 07 5E CA 02 D0 E2 8A 01 4B 02 D4 02 D2 01 4E
97 07 01 00 93 87 87 11 6F E0 BF F9 37 DC CC CC
B7 DC CC CC 13 0C DC CC 93 8C CC CC 13 78 0D 40
81 45 90 12 F6 8B 8D A0 06 47 03 47 07 00 93 06
17 F0 99 C2 63 02 B7 58 D2 88 56 85 3E 86 33 07
5A 01 B3 36 47 01 36 97 B3 36 87 03 13 DE 26 00
F1 9A F2 96 15 8F 33 07 EA 40 B3 36 EA 00 B3 86
DA 40 33 0F 97 03 B3 86 86 03 33 3E 87 03 FA 96
33 07 87 03 F2 96 13 9E F6 01 93 DA 16 00 05 83
33 0A EE 00 E3 09 05 54 33 07 5A 01 B3 36 47 01
BA 96 33 B5 86 03 85 05 93 07 F6 FF 93 58 25 00
71 99 46 95 89 8E B3 06 DA 40 33 35 DA 00 33 85
AA 40 B3 B8 86 03 33 05 85 03 B3 86 86 03 46 95
7E 05 85 82 AA 96 13 95 26 00 AA 96 86 06 B3 06
DA 40 93 86 06 03 A3 0F D6 FE E3 17 08 F4 D2 88
56 85 3E 86 B9 BF 21 46 81 45 28 11 1A D2 76 D0
EF E0 FF 8B D2 47 13 0A C1 0F 34 11 90 43 D2 85
26 85 EF 60 80 78 FD 57 82 5E 12 53 AA 8A 63 06
F5 08 13 48 F5 FF 13 58 F8 41 33 7C 05 01 6F F0
AF AF 52 47 93 77 0D 01 93 06 47 00 18 43 B1 EF
93 77 0D 04 B9 C7 42 07 41 83 01 46 81 B5 B2 45
10 19 26 85 3E D4 76 D2 EF 10 20 28 E3 1C 05 8E
6A 5A DA 5A A2 57 92 5E 13 0B C1 0B 6F F0 8F 8E
B2 45 10 19 26 85 3E D4 76 D2 EF 10 00 26 E3 1B
05 8C 6A 5A DA 5A A2 57 92 5E 13 0B C1 0B 6F F0
8F 8A 93 77 0D 20 63 98 07 76 01 46 C5 BB 13 7D
FD BF 36 CA 01 4E 81 48 51 B3 32 4D 83 17 CD 00
03 27 4D 06 93 E6 07 04 23 16 DD 00 05 8B E3 1C
07 56 93 F7 07 20 E3 98 07 56 03 25 8D 05 EF E0
DF BE 83 17 CD 00 4D B0 B2 45 10 19 26 85 F2 CC
BE C8 9A C6 F6 C4 EF 10 40 1F E3 15 05 86 03 47
F1 07 6A 5A A6 4E 36 43 C6 47 66 4E 63 0B 07 4A
66 87 5A 55 81 4C 60 19 6F E0 1F DC 93 07 00 03
A3 00 61 08 A3 0F 01 06 23 00 F1 08 E3 48 0B 14
13 7F FD B7 13 6D 2F 00 09 4E 83 48 F1 07 36 CA
F5 B9 62 57 B2 57 1A D2 3A 86 BE 86 3A 85 BE 85
76 D0 EF A0 90 0C 82 5E 12 53 E3 18 05 60 93 7A
F3 FD 93 07 10 04 63 92 FA 4C 93 07 00 03 23 00
F1 08 13 07 10 06 93 07 80 05 E3 00 E3 02 A3 00
F1 08 93 07 30 06 63 C6 67 7F B2 57 E3 C7 07 50
32 57 01 4A 02 D0 FC 19 62 55 3E DE BA 85 93 67
2D 00 50 01 1A D4 76 CC 3E D2 EF 20 D0 47 17 17
01 00 13 07 A7 BF 10 43 54 43 EF 90 10 19 01 46
81 46 AA 8A AE 8C EF 90 C0 75 E2 4E 22 53 F2 57
19 E1 05 47 3A C3 97 06 01 00 93 86 E6 E4 13 07
10 06 36 D4 63 17 E3 00 17 07 01 00 13 07 87 E2
3A D4 17 17 01 00 13 07 E7 BB 14 43 58 43 A2 C4
26 8D 56 84 E6 84 36 CC D2 8C 3A CE 22 5A 3E 8C
76 DE 9A C6 BE 8A 01 A8 01 46 81 46 EF 90 60 70
E3 0B 05 50 7D 1B 62 46 F2 46 22 85 A6 85 EF 90
D0 11 AE 84 2A 84 EF A0 10 02 AA 8B EF A0 D0 07
2A 86 AE 86 22 85 A6 85 EF 90 70 6A B3 06 7A 01
83 C6 06 00 56 86 2A 84 23 80 DA 00 85 0A AE 84
E3 1C 0B FA 97 16 01 00 93 86 46 B5 03 A8 06 00
83 A8 46 00 F2 5E 36 43 EA 84 C6 86 5E 8D B2 8B
42 86 F6 C8 1A DE 62 CC 66 8A 56 8C AE 8C AA 8A
EF 90 40 70 26 44 E2 47 72 53 C6 4E 63 49 A0 02
BE C4 97 17 01 00 93 87 67 B1 03 A8 07 00 83 A8
47 00 56 85 E6 85 42 86 C6 86 76 CC EF 90 60 66
E2 4E 72 53 A6 47 39 E1 93 76 1D 00 A1 C2 22 57
5E D5 83 46 FC FF 03 46 F7 00 62 87 63 1E D6 00
93 05 00 03 A3 0F B7 FE 2A 57 93 06 F7 FF 36 D5
83 46 F7 FF E3 88 C6 FE 13 86 16 00 93 05 90 03
13 76 F6 0F 63 84 B6 6C A3 0F C7 FE 9A 46 13 07
F3 00 23 08 E1 08 33 06 FC 40 13 87 F6 FF 3A C3
32 CC 63 40 07 68 93 06 B0 02 A3 08 D1 08 A5 46
63 D2 E6 68 13 08 F1 09 B7 D8 CC CC C2 85 93 88
D8 CC 13 0F 30 06 B3 36 17 03 3A 8E 2E 86 FD 15
8D 82 13 95 26 00 36 95 06 05 09 8F 13 07 07 03
A3 0F E6 FE 36 87 E3 40 CF FF 13 87 06 03 A3 8F
E5 FE 13 07 E6 FF E3 77 07 5B 13 05 21 09 AA 86
83 45 07 00 05 07 85 06 A3 8F B6 FE E3 1A 07 FF
2A 97 09 07 11 8F 14 09 15 8F 3A DE E2 46 72 56
05 47 B3 8A C6 00 E3 50 D7 2E 42 57 BA 9A 12 57
13 C8 FA FF 13 58 F8 41 13 7F F7 BF 33 FC 0A 01
13 6D 0F 10 13 7E 27 00 E3 06 0A 26 93 08 D0 02
A3 0F 11 07 01 4B 05 0C 6F E0 5F F1 26 85 EF 10
A0 4D 6F E0 9F 98 01 4E 89 BB B2 45 10 19 26 85
76 D2 EF 00 90 6F 63 17 05 D6 6A 5A 92 5E 60 19
6F F0 0F 87 28 11 21 46 81 45 1A D2 76 D0 3E C7
3E CA EF E0 CF CB D2 47 82 5E 12 53 63 49 0B 66
22 CA 01 4C 5A 84 81 4A 7D 5A F6 8C 1A D0 3E 8B
05 A0 34 11 EC 19 26 85 EF 60 20 37 E3 0B 45 23
B3 87 AA 00 63 4A F4 00 11 0C E3 8C 87 2A BE 8A
BA 47 E2 97 90 43 71 FE 52 44 02 53 E6 8E DA 87
E3 8B 0A 00 93 07 30 06 E3 DE 57 15 93 85 1A 00
26 85 1A D0 76 CA EF 40 A0 06 D2 4E 02 53 AA 87
E3 09 05 1E 2A D0 21 46 81 45 28 11 3E CA 1A D4
76 D2 EF E0 CF C3 D2 45 38 11 D6 86 70 01 26 85
EF 60 40 3C D2 47 92 5E 22 53 E3 98 AA 56 33 87
57 01 23 00 07 00 03 47 F1 07 13 C8 FA FF 13 58
F8 41 33 FC 0A 01 11 C3 05 0C 5E CA 01 4B 02 D4
02 D2 01 4E 6F E0 FF 9E 63 93 0A 3A 25 47 63 60
47 3B 98 12 2E CC B3 0A F7 40 DE 8E 5A 8C 63 4A
5B 29 83 48 F1 07 01 4E 02 D0 6F F0 4F 8D D6 8E
E6 8A D2 8C 3A 8A 56 9A 85 07 52 DD 3E DB 23 20
94 01 23 22 54 01 1D 47 63 44 F7 00 6F E0 1F A2
6F E0 FF C9 97 05 01 00 93 85 C5 AE 09 4E 13 03
80 07 21 B1 D2 47 C2 46 9C 43 94 C3 3A CA 6F E0
1F 8D 92 5E E2 87 66 8C BE 8C 22 9A 85 0A 52 DD
56 DB 23 20 9B 01 23 22 8B 00 9D 47 63 C4 57 01
6F E0 BF C3 6F F0 CF EC C1 46 5A 56 97 0C 01 00
93 8C CC F5 63 DA 66 1D 52 87 DA 8C 3E 8A B2 4B
A2 87 9D 4A F6 C4 17 04 01 00 13 04 24 F4 72 8B
21 A0 C1 1C 63 D3 96 1B 41 07 05 06 80 C3 D4 C3
3A DD 32 DB A1 07 E3 D6 CA FE 10 19 DE 85 26 85
EF 00 B0 53 E3 1F 05 0C 6A 57 5A 56 7C 19 C1 46
C9 BF 63 89 0C 22 5A 55 81 4C 60 19 6F E0 BF 92
13 77 0D 20 63 03 07 22 62 0A 13 5A 8A 41 93 5A
FA 41 3E CA 56 87 6F E0 5F CD 93 76 0D 20 63 89
06 22 13 77 F7 0F 3E CA 6A 88 01 46 6F F0 AF 85
13 7E 0D 20 A3 0F 01 06 63 1F 0E 1E 36 8A 81 4A
E3 44 0B 0C 3E CA 13 7D FD F7 63 04 0B 00 6F E0
5F FF 63 8D 06 92 6F E0 DF FE FD 57 93 6B 0D 10
63 0A FB 32 63 16 0B 00 93 87 9A FB E3 84 07 24
B2 57 01 4A BE 8C 63 D8 07 00 B7 0C 00 80 B3 CC
97 01 13 0A D0 02 93 07 60 04 63 9D FA 36 62 57
5C 01 8D 46 BA 85 66 86 5A 87 93 08 81 0A 13 08
C1 08 26 85 1A CC 76 D0 EF 20 10 19 83 46 05 00
13 07 00 03 82 5E 62 43 AA 87 33 0C 65 01 E3 8F
E6 00 1A 47 62 55 E6 85 01 46 81 46 3E D2 1A CC
76 D0 3A 9C EF 90 E0 27 82 5E 62 43 92 57 E3 08
05 02 2A 57 E3 78 87 33 13 06 00 03 93 06 17 00
36 D5 23 00 C7 00 2A 57 E3 6A 87 FF 1D 8F 93 06
70 04 3A CC 1A 4E 63 83 DA 34 13 07 60 04 63 95
EA 34 13 77 1D 00 33 67 67 01 E3 5E C0 25 E3 12
07 14 F2 8A 13 03 60 06 13 7F 0D 40 E3 17 0F 0A
13 C8 FA FF 13 58 F8 41 33 FC 0A 01 63 0A 0A 5E
13 07 D0 02 A3 0F E1 06 05 0C 5E 8D 02 D0 01 4B
02 D4 02 D2 6F E0 EF F9 02 D0 81 4A 02 D4 02 D2
01 4E 9C 12 01 4C 6F E0 CF F8 A6 4E 5A 8E 66 8B
A2 8C 3E 84 D2 87 3A 8A 5A 9A 05 06 23 20 94 01
23 22 64 01 52 DD 32 DB 1D 47 21 04 63 5B C7 B2
B2 45 10 19 26 85 F2 C8 BE C6 F6 C4 EF 00 F0 37
63 1A 05 9E 6A 5A 46 4E B6 47 A6 4E 60 19 6F F0
4F B1 56 8C BD B3 3E 8C 6F F0 AF F8 97 07 01 00
93 87 87 87 6F E0 DF 95 13 77 1D 00 19 E3 6F E0
0F FA 42 57 DA 56 3A 9A 52 57 85 06 52 DD 18 C0
42 57 36 DB 58 C0 1D 47 63 5C D7 50 B2 45 10 19
26 85 3E D4 76 D2 EF 00 50 32 63 1D 05 98 1A 46
6A 5A DA 56 A2 57 92 5E 60 19 6F F0 6F D4 62 47
BA 97 33 8B 97 41 B3 0A 57 41 63 DF 6A B1 56 8B
6F F0 8F B1 60 19 6F E0 0F F2 93 5A FA 41 3E CA
56 87 6F E0 9F AB 13 FA F6 0F 81 4A 63 56 0B DC
3E CA 6F E0 DF DF 13 77 F7 0F 01 46 6F F0 0F E8
3E CA 6A 88 01 46 6F E0 1F E3 D2 47 C2 46 3A CA
9C 43 23 90 D7 00 6F E0 8F DD 26 85 10 19 EA 85
EF 00 B0 2A 19 E1 6F E0 EF FC 6F F0 AF 92 3E 85
72 D2 62 D0 3E CA EF E0 6F C7 03 47 F1 07 13 48
F5 FF 13 58 F8 41 D2 47 82 5E 12 5E AA 8A 33 7C
05 01 19 E3 6F E0 9F CE 05 0C 6F E0 3F CE 56 47
96 45 42 D2 B3 86 E7 40 3A 86 36 85 1A CC 36 D0
EF 10 80 6D 33 07 5A 01 B3 37 47 01 37 D6 CC CC
13 06 D6 CC 3E 97 B3 35 C7 02 37 D5 CC CC 13 05
C5 CC 86 47 86 46 62 43 83 C7 17 00 12 58 B3 37
F0 00 93 D8 25 00 F1 99 C6 95 0D 8F 33 07 EA 40
B3 35 EA 00 B3 85 BA 40 33 05 A7 02 B6 97 82 56
BE C0 93 87 F6 FF B3 85 C5 02 AA 95 33 35 C7 02
33 07 C7 02 AA 95 13 95 F5 01 93 DA 15 00 85 45
05 83 33 0A E5 00 33 07 5A 01 33 35 47 01 2A 97
33 35 C7 02 93 58 25 00 71 99 46 95 09 8F 33 07
EA 40 33 35 EA 00 33 85 AA 40 B3 38 C7 02 33 05
C5 02 33 07 C7 02 33 06 15 01 7E 06 05 83 32 97
13 16 27 00 32 97 06 07 33 07 EA 40 13 07 07 03
A3 8F E6 FE 6F F0 4F DF 03 25 8D 05 EF E0 EF B6
6F E0 6F E4 B2 57 63 C5 07 76 B2 5C 01 4A 19 4B
DD B1 93 05 1B 00 26 85 1A CC 76 D0 EF 30 50 36
82 5E 62 43 AA 87 63 0A 05 F2 32 57 63 45 07 6C
32 57 2A D0 01 4A 6F F0 3F 80 93 07 80 07 6F F0
0F FE 13 07 D0 02 A3 08 E1 08 61 56 05 47 15 8F
E3 C2 C6 98 93 06 21 09 13 07 07 03 23 80 E6 00
98 12 99 8E 13 87 16 0D 3A DE C9 BA A2 56 03 C6
A6 00 1D BA 62 56 93 87 BA FB 93 B7 17 00 DA 97
3E 87 B2 85 3E CC 66 86 5C 01 93 08 81 0A 13 08
C1 08 89 46 26 85 1A D2 76 D0 EF 20 E0 60 13 07
70 04 82 5E 12 53 AA 87 63 9D EA 78 13 77 1D 00
63 16 07 32 2A 57 1A 4E 1D 8F 3A CC 13 27 DE FF
19 E3 63 54 CB 03 79 13 13 07 FE FF 23 08 61 08
3A C3 63 4F 07 4C 93 06 B0 02 A3 08 D1 08 A5 46
63 D2 E6 4E 6A D2 02 D0 F5 B0 62 47 63 40 EE 38
13 77 1D 00 F2 8A 01 C7 42 57 B3 0A EE 00 13 7F
0D 40 63 04 0F 00 63 40 C0 55 13 C8 FA FF 13 58
F8 41 33 FC 0A 01 13 03 70 06 49 B9 13 7F FD BF
13 6D 2F 00 36 CA 09 4E 81 48 6F F0 2F BB 38 11
81 46 70 01 81 45 26 85 3E D2 1A D0 76 CA EF 50
70 5C 7D 57 D2 4E 02 53 92 57 AA 8A 63 03 E5 3C
3E C7 7D B2 3E CA 7A 8D 6F E0 BF B5 12 57 A2 56
55 8F 63 07 07 70 62 47 EA C8 E2 CC D2 85 92 5B
66 8A 22 5D 56 4C 86 4C 33 83 E7 00 22 86 9D 46
41 47 97 0A 01 00 93 8A 6A 9E F6 C4 BE C6 1A 84
63 47 A0 07 FD 1C FD 1B DA 57 16 45 E2 95 85 07
08 C2 23 22 86 01 2E DD 3E DB 21 06 63 C1 F6 0C
03 C5 0C 00 33 0B 44 41 22 88 63 53 65 01 2A 8B
63 50 60 03 5A 55 DA 95 2E DD 05 05 23 20 46 01
23 22 66 01 2A DB 63 CB A6 0C 03 C5 0C 00 21 06
93 4F FB FF 93 DF FF 41 B3 77 FB 01 33 0B F5 40
63 48 60 03 2A 9A E3 4D 70 F9 63 54 A0 01 7D 1D
61 BF A6 4E B6 47 46 4D 66 4C E6 C0 32 84 D2 8C
2E 8A 63 64 98 01 6F E0 BF F2 C2 8C 6F E0 5F F2
5A 55 97 0F 01 00 93 8F 6F 94 63 53 67 07 A2 87
42 D2 5A 84 7E D4 3E 8B 21 A0 41 14 63 55 87 04
C1 05 05 05 23 20 56 01 58 C2 2E DD 2A DB 21 06
E3 D5 A6 FE B2 45 10 19 26 85 05 2F 19 C1 6F E0
7F DA EA 55 5A 55 70 19 41 47 9D 46 F9 B7 B2 45
10 19 26 85 19 2F 19 C1 6F E0 DF D8 EA 55 70 19
41 47 9D 46 35 B7 12 58 A2 5F DA 87 22 8B 3E 84
DA 95 05 05 2E DD 2A DB 23 20 F6 01 23 22 66 01
63 C8 A6 0A 03 C5 0C 00 21 06 A9 B7 B2 45 10 19
26 85 42 D2 D9 2D 19 C1 6F E0 DF D4 03 C5 0C 00
EA 55 12 58 70 19 41 47 9D 46 19 BF 93 07 D0 02
A3 0F F1 06 02 D0 93 07 70 04 02 D4 02 D2 8D 4A
01 4B 01 4E 63 D4 67 0C 97 F7 00 00 93 87 C7 3B
11 4C 6F E0 0F A7 B2 45 10 19 26 85 3E D4 76 D2
69 25 19 C1 6F E0 1F D0 1A 46 6A 5A A2 57 92 5E
60 19 6F F0 6F 88 03 48 F1 07 5E CA 01 4B 33 3C
00 01 02 D4 02 D2 01 4E 02 D0 6F E0 8F A3 B2 45
10 19 26 85 F2 C8 BE C6 F6 C4 81 2D 19 C1 6F E0
7F CC 6A 5A 46 4E B6 47 A6 4E 60 19 6F E0 5F DD
B2 45 10 19 26 85 42 D2 0D 2D 19 C1 6F E0 9F CA
03 C5 0C 00 EA 55 12 58 70 19 41 47 9D 46 59 B5
21 04 6F F0 6F 85 B2 45 10 19 26 85 3E D4 76 D2
29 25 19 C1 6F E0 1F C8 9A 4A 6A 5A A2 57 92 5E
60 19 6F E0 3F DE 25 47 63 68 17 AB 6F F0 6F FE
03 47 F1 07 E3 0B 07 A0 05 0C 01 BC 97 F7 00 00
93 87 47 2F 11 4C 6F E0 CF 9A B2 45 10 19 26 85
76 D2 E1 23 19 C1 6F E0 FF C3 9A 4A E2 47 6A 5A
92 5E 60 19 B3 8A 57 41 6F E0 1F DD 62 55 E6 85
01 46 81 46 3E D4 1A D2 76 D0 EF 80 90 3D 82 5E
12 53 A2 57 09 C9 E2 46 2A 57 33 8C D7 00 E3 6D
87 95 1D 8F 3A CC 1A 4E 55 B9 41 57 B3 0B C0 40
97 FC 00 00 93 8C 8C 75 63 53 E6 08 DE 8C C1 4A
BE 8B 1D 4B D2 87 76 D2 17 FA 00 00 13 0A 0A 74
21 A0 C1 1C 63 DF 9A 05 C1 07 85 06 23 20 44 01
23 22 54 01 3E DD 36 DB 21 04 E3 54 DB FE B2 45
10 19 26 85 1D 2B 19 C1 6F E0 DF BA EA 57 DA 56
60 19 C1 BF 02 D0 FC 19 6F F0 EF EB 62 47 C2 56
13 03 70 06 B3 0A D7 00 E3 40 C0 93 B3 86 CA 41
93 8A 16 00 13 C8 FA FF 13 58 F8 41 33 FC 0A 01
31 BA 92 5E 52 87 3E 8A DE 87 E6 8B BA 8C 5E 9A
85 06 52 DD 36 DB 23 20 94 01 23 22 74 01 1D 47
E3 50 D7 EC B2 45 10 19 26 85 3E D4 76 D2 F1 21
19 C1 6F E0 3F B4 6A 5A DA 56 A2 57 92 5E 60 19
6F E0 9F EF 83 48 F1 07 01 4B 63 84 08 00 6F E0
4F F9 6F E0 AF CA 03 24 81 19 03 29 01 19 83 29
C1 18 03 2A 81 18 03 2B 01 18 83 2B C1 17 03 2C
81 17 83 2C 41 17 83 2D C1 16 FD 57 3E C8 6F E0
9F B4 32 4D 81 42 83 57 CD 00 93 E7 07 04 23 16
FD 00 6F E0 7F AE 12 57 05 8B 63 02 07 D2 6F F0
CF D1 82 52 5E 8D 6F E0 3F AD 37 07 00 80 3D 8F
13 0A D0 02 02 D0 FC 19 6F F0 0F AF 62 55 E6 85
01 46 81 46 3E D2 1A CC 76 D0 EF 80 90 26 82 5E
62 43 92 57 63 14 05 26 1A 4E 33 08 CC 01 33 07
F8 40 3A CC 6F F0 7F 80 3E CA 6F E0 8F F3 33 07
FC 40 1A 4E 3A CC 6F F0 CF FF 32 4D 6F E0 9F A8
02 D0 8D 4A 01 4B 02 D4 02 D2 01 4E 11 4C 6F D0
5F FC A2 8A 02 53 52 44 E6 8E DA 87 6F F0 4F D5
13 07 D0 02 A3 08 E1 08 E1 56 05 47 33 07 C7 41
E3 42 DE B2 93 06 00 03 23 09 D1 08 6A D2 02 D0
93 06 31 09 51 B4 EA 84 13 0D FB FF E2 87 F2 5E
26 44 36 43 56 8C 66 8A 56 9B D6 86 13 06 00 03
63 4E 0D BA 85 06 A3 8F C6 FE E3 1D DB FE 33 07
AC 01 13 0C 17 00 6F F0 6F BA B2 57 B7 0F 00 80
13 7D FD F7 33 FE F7 01 63 05 0E 16 93 07 D0 02
A3 0F F1 06 02 D0 93 07 70 04 02 D4 02 D2 8D 4A
01 4B 01 4E 63 D2 67 1A 97 F7 00 00 93 87 47 07
11 4C 6F D0 1F F2 13 03 70 06 06 47 03 47 07 00
13 06 17 F0 63 00 06 24 63 5E C7 23 86 46 01 45
81 45 01 A8 85 05 85 06 13 06 17 F0 05 CA 63 57
C7 03 33 0E EE 40 03 C7 16 00 6D F7 03 C7 06 00
05 05 DD B7 5E CA 39 CF 13 0C 1B 00 DA 8A 02 D4
01 4B 02 D2 13 03 30 07 6F D0 BF EC B6 C0 D6 46
33 87 A5 00 2E D2 33 07 D7 02 2A D4 BA 9A 13 C8
FA FF 13 58 F8 41 33 FC 0A 01 63 0C 0A 0E 13 07
D0 02 A3 0F E1 06 05 0C 5E 8D 02 D0 01 4B 6F D0
5F E9 42 57 B3 06 CB 01 13 03 60 06 B3 8A E6 00
6F F0 8F EB DA 8A 5A 8C 02 D4 02 D2 01 4B 13 03
30 07 6F D0 1F E7 B2 56 37 07 00 80 2A D0 35 8F
13 0A D0 02 6F F0 4F 93 05 8B E3 10 07 E0 83 57
CD 00 93 F7 07 20 E3 9A 07 DE 03 25 8D 05 EF D0
DF C4 E5 B3 B2 57 01 4A BE 8C 63 D8 07 00 B7 0C
00 80 B3 CC 97 01 13 0A D0 02 62 57 5C 01 66 86
BA 85 93 08 81 0A 13 08 C1 08 05 47 89 46 26 85
1A D2 76 D0 05 4B EF 10 30 75 82 5E 12 53 AA 87
5A CC A9 B2 97 FC 00 00 93 8C 4C 40 6F F0 AF C3
B7 0C 00 80 B3 CC 97 01 13 0A D0 02 19 4B 6F F0
8F D7 93 06 70 04 03 47 F1 07 97 F7 00 00 93 87
E7 F1 63 D6 66 00 97 F7 00 00 93 87 67 F1 63 16
07 10 8D 4A 56 8C 01 4B 02 D4 02 D2 02 D0 6F D0
5F DB 03 47 F1 07 49 C3 05 0C 5E 8D 02 D0 01 4B
6F D0 3F DA 09 47 3A DE 6F F0 4F A7 05 47 33 07
67 41 3A C3 6F F0 0F D6 97 F7 00 00 93 87 07 ED
11 4C 6F D0 1F D8 19 E7 05 4C E2 8A 13 03 60 06
6F F0 CF DB 42 57 13 03 60 06 93 06 17 00 B3 8A
66 01 13 C8 FA FF 13 58 F8 41 33 FC 0A 01 6F F0
EF D9 D2 47 03 AB 07 00 91 07 63 53 0B 00 7D 5B
03 C3 1B 00 3E CA B6 8B 6F D0 DF CD 83 27 4D 06
85 8B E3 9C 07 CC E1 BD 5E 8D 02 D0 01 4B 6F D0
5F D2 2A D4 62 55 E6 85 01 46 81 46 1A D2 76 D0
EF 80 20 77 82 5E 12 53 A2 57 15 C1 E2 46 2A 57
33 8C D7 00 63 6A 87 CF 1D 8F 1A 4E 3A CC A9 B8
62 47 33 88 E7 00 71 BA 6A 8F 6F E0 4F DC 1A 4E
6F F0 9F 84 1D 8F 1A 4E 3A CC 6F F0 0F CF 6A 8F
6F E0 CF BA 01 47 02 D4 02 D2 09 BD 6A 88 6F E0
1F B7 02 D4 02 D2 6F D0 DF CB 01 4B 02 D4 02 D2
02 D0 8D 4A 11 4C 6F D0 DF CA 32 4D 82 52 83 57
CD 00 93 E7 07 04 23 16 FD 00 6F E0 EF F3 2A 87
17 05 01 00 03 25 05 3A B2 86 2E 86 BA 85 6F D0
3F AF 83 D7 C5 00 03 AE 45 06 03 D3 E5 00 83 A8
C5 01 03 A8 45 02 13 01 01 B7 13 07 00 40 F5 9B
23 24 81 48 23 20 21 49 2E 84 2A 89 0C 01 88 18
23 26 11 48 23 22 91 48 36 C6 B2 84 23 12 F1 02
F2 DE 23 13 61 02 46 DA 42 DE 2E CC 2E D4 3A D0
3A D6 02 D8 EF D0 3F A2 B2 46 26 86 2C 08 4A 85
EF D0 1F A9 AA 84 63 5C 05 02 83 57 41 02 93 F7
07 04 99 C7 83 57 C4 00 93 E7 07 04 23 16 F4 00
46 55 EF D0 9F 9F 83 20 C1 48 03 24 81 48 03 29
01 48 26 85 83 24 41 48 13 01 01 49 82 80 2C 08
4A 85 D9 22 79 D1 FD 54 C9 B7 18 46 09 E7 01 45
23 22 06 00 82 80 01 11 06 CE 32 C6 9D 2D B2 47
F2 40 23 A4 07 00 23 A2 07 00 05 61 82 80 03 97
C5 00 01 11 22 CC 4E C6 06 CE 93 77 87 00 2E 84
AA 89 F1 E7 85 67 93 87 07 80 D4 41 D9 8F 23 96
F5 00 63 5B D0 10 03 28 84 02 63 04 08 0A 26 CA
93 16 37 01 83 A4 09 00 23 A0 09 00 63 C5 06 10
4C 4C 01 46 85 46 4E 85 02 98 FD 57 2A 86 63 03
F5 12 83 17 C4 00 03 28 84 02 91 8B 99 C7 58 40
1C 58 19 8E 99 C3 5C 5C 1D 8E 4C 4C 81 46 4E 85
02 98 7D 57 83 17 C4 00 63 19 E5 0C 83 A6 09 00
75 47 63 64 D7 10 37 07 40 20 05 07 33 57 D7 00
05 8B 65 CF 14 48 7D 77 13 07 F7 7F 7D 8F 23 16
E4 00 23 22 04 00 14 C0 13 97 37 01 63 55 07 00
83 A7 09 00 CD CB 0C 58 23 A0 99 00 D5 C9 93 07
04 04 63 85 F5 00 4E 85 EF 20 70 60 D2 44 23 28
04 02 F2 40 62 44 B2 49 01 45 05 61 82 80 4A C8
03 A9 05 01 63 0F 09 04 26 CA 84 41 0D 8B 23 A0
25 01 B3 84 24 41 81 47 11 E3 DC 49 1C C4 63 46
90 00 3D A8 2A 99 63 5D 90 02 5C 50 4C 4C A6 86
4A 86 4E 85 82 97 89 8C E3 46 A0 FE 83 57 C4 00
42 49 93 E7 07 04 F2 40 23 16 F4 00 62 44 D2 44
B2 49 7D 55 05 61 82 80 D4 5D E3 46 D0 EE 51 BF
D2 44 42 49 79 B7 30 48 09 BF 14 48 7D 77 13 07
F7 7F 7D 8F 23 16 E4 00 23 22 04 00 14 C0 13 97
37 01 E3 5A 07 F4 0C 58 28 C8 23 A0 99 00 A1 F9
D2 44 85 B7 83 A7 09 00 E3 8D 07 EC 13 87 37 FE
01 CB A9 17 91 C7 83 57 C4 00 93 E7 07 04 61 BF
23 A0 99 00 D2 44 35 BF 01 11 06 CE 2A 87 19 C1
5C 59 A9 CF 83 96 C5 00 81 47 85 C6 FC 51 85 8B
81 E7 93 F6 06 20 95 C2 3A 85 2E C4 89 35 A2 45
AA 87 F8 51 05 8B 11 E7 03 D7 C5 00 13 77 07 20
09 CF F2 40 3E 85 05 61 82 80 A8 4D 3A C6 2E C4
EF D0 EF FC 32 47 A2 45 C1 BF 2A C4 A8 4D EF D0
CF FC A2 47 F2 40 3E 85 05 61 82 80 2E C6 2A C4
65 26 B2 45 22 47 79 BF 3D C9 17 07 01 00 03 27
67 0B 01 11 06 CE AA 85 19 C3 5C 5B 85 CF 83 96
C5 00 81 47 85 C6 FC 51 85 8B 81 E7 93 F6 06 20
8D CA 3A 85 2E C4 E1 33 A2 45 AA 87 F8 51 05 8B
11 E7 03 D7 C5 00 13 77 07 20 05 C7 F2 40 3E 85
05 61 82 80 2A C6 3A 85 3A C4 B9 26 B2 45 22 47
7D BF A8 4D 3A C6 2E C4 EF D0 6F F4 32 47 A2 45
C9 B7 2A C4 A8 4D EF D0 4F F4 A2 47 C1 BF 17 06
01 00 13 06 A6 9B 97 05 00 00 93 85 25 F1 17 05
01 00 13 05 A5 86 21 A7 17 06 01 00 13 06 06 9A
97 55 00 00 93 85 45 2E 17 05 01 00 13 05 05 85
FD A5 4C 41 41 11 22 C4 06 C6 97 07 01 00 93 87
67 01 2A 84 63 84 F5 00 EF 50 C0 2B 0C 44 97 07
01 00 93 87 A7 06 63 85 F5 00 22 85 EF 50 80 2A
4C 44 97 07 01 00 93 87 E7 0B 63 88 F5 00 22 85
22 44 B2 40 41 01 6F 50 E0 28 B2 40 22 44 41 01
82 80 FC 51 85 8B 91 E7 83 D7 C5 00 93 F7 07 20
99 C3 01 45 82 80 A8 4D 41 11 06 C6 EF D0 2F E9
B2 40 01 45 41 01 82 80 FC 51 85 8B 91 E7 83 D7
C5 00 93 F7 07 20 99 C3 01 45 82 80 A8 4D 41 11
06 C6 EF D0 8F E7 B2 40 01 45 41 01 82 80 01 11
97 07 00 00 93 87 87 F4 06 CE 22 CC 26 CA 17 04
01 00 13 04 24 F7 4A C8 4E C6 52 C4 21 46 81 45
17 07 01 00 23 20 F7 2A 17 05 01 00 13 05 45 FB
91 47 5C C4 23 20 04 00 23 22 04 00 23 24 04 00
23 22 04 06 23 28 04 00 23 2A 04 00 23 2C 04 00
EF D0 EF A1 17 0A 00 00 13 0A CA 66 97 09 00 00
93 89 09 6A 17 09 00 00 13 09 C9 6E 97 04 00 00
93 84 64 72 17 05 01 00 13 05 45 F6 23 20 44 03
23 22 34 03 23 24 24 03 44 D4 40 CC EF D0 AF DC
C1 67 A5 07 21 46 81 45 17 05 01 00 13 05 C5 FA
7C D8 23 24 04 06 23 26 04 06 23 28 04 06 23 26
04 0C 23 2C 04 06 23 2E 04 06 23 20 04 08 EF D0
0F 9B 97 07 01 00 93 87 67 F2 17 05 01 00 13 05
65 F7 23 22 F4 08 23 24 44 09 23 26 34 09 23 28
24 09 23 2A 94 08 EF D0 0F D7 B7 07 02 00 C9 07
21 46 81 45 17 05 01 00 13 05 85 FB 23 2E F4 0C
23 28 04 0C 23 2A 04 0C 23 2C 04 0C 23 2A 04 12
23 20 04 0E 23 22 04 0E 23 24 04 0E EF D0 2F 95
97 07 01 00 93 87 07 F3 23 28 44 0F 23 2A 34 0F
23 2C 24 0F 23 2E 94 0E 23 26 F4 0E 62 44 F2 40
D2 44 42 49 B2 49 22 4A 17 05 01 00 13 05 05 F6
05 61 6F D0 4F D0 01 11 26 CA AA 84 17 05 01 00
13 05 05 16 06 CE 22 CC EF D0 6F CF 97 07 01 00
83 A7 47 15 E9 C7 17 F8 00 00 13 08 28 77 FD 56
83 27 48 00 FD 17 63 CC 07 06 03 24 88 00 29 A0
13 04 84 06 63 85 D7 06 03 17 C4 00 FD 17 6D FB
C1 77 85 07 5C C4 13 05 84 05 23 22 04 06 EF D0
8F CA 17 05 01 00 13 05 A5 10 EF D0 0F CB 13 05
C4 05 23 20 04 00 23 24 04 00 23 22 04 00 23 28
04 00 23 2A 04 00 23 2C 04 00 21 46 81 45 EF D0
0F 89 23 28 04 02 23 2A 04 02 23 22 04 04 23 24
04 04 F2 40 22 85 62 44 D2 44 05 61 82 80 03 24
08 00 19 C0 22 88 AD BF 93 05 C0 1A 26 85 42 C6
EF 20 10 47 32 48 2A 84 0D C5 91 47 5C C1 31 05
23 20 04 00 08 C4 13 06 00 1A 81 45 42 C6 EF D0
0F 84 32 48 FD 56 23 20 88 00 22 88 91 B7 C1 33
1D BF 23 20 08 00 17 05 01 00 13 05 65 07 EF D0
CF C1 B1 47 9C C0 71 BF 41 11 22 C4 2A 84 17 05
01 00 13 05 E5 05 06 C6 EF D0 6F BF 5C 58 99 EB
97 07 01 00 83 A7 07 05 17 07 00 00 13 07 A7 CE
58 D8 91 CB 22 44 B2 40 17 05 01 00 13 05 45 03
41 01 6F D0 8F BD A5 33 22 44 B2 40 17 05 01 00
13 05 05 02 41 01 6F D0 4F BC 17 05 01 00 13 05
25 01 6F D0 CF BA 17 05 01 00 13 05 65 00 6F D0
CF BA 41 11 17 05 01 00 13 05 85 FF 06 C6 EF D0
0F B9 B2 40 17 F6 00 00 13 06 46 61 97 05 00 00
93 85 65 CD 01 45 41 01 9D A6 41 11 17 F6 00 00
13 06 C6 5F 97 05 00 00 93 85 45 CE 01 45 06 C6
B9 26 B2 40 17 05 01 00 13 05 85 FB 41 01 6F D0
CF B5 1C 46 63 87 07 18 83 96 C5 00 39 71 22 DC
52 D4 56 D2 06 DE 93 F7 86 00 2E 84 AA 8A 32 8A
B5 C7 9C 49 A5 C7 26 DA 4A D8 4E D6 5A D0 93 F7
26 00 83 24 0A 00 BD CB 37 0B 00 80 13 0B 0B C0
81 49 01 49 4E 86 56 85 63 0F 09 12 CA 86 63 76
2B 01 B7 06 00 80 93 86 06 C0 5C 50 4C 4C 82 97
63 54 A0 2C 83 27 8A 00 AA 99 33 09 A9 40 89 8F
23 24 FA 00 E1 FB D2 54 42 59 B2 59 02 5B 01 45
F2 50 62 54 22 5A 92 5A 21 61 82 80 A2 85 56 85
ED 2E 63 1E 05 1A 83 16 C4 00 26 DA 4A D8 4E D6
5A D0 93 F7 26 00 83 24 0A 00 D9 F7 5E CE 62 CC
93 F7 16 00 ED E3 1C 40 37 07 00 80 13 0C F7 FF
01 4B 81 49 63 8B 09 0A 13 F7 06 20 03 29 84 00
3E 85 63 00 07 18 CA 8B 63 E6 29 1F 13 F7 06 48
25 CB 50 48 0C 48 13 17 16 00 32 97 13 59 F7 01
B3 8B B7 40 3A 99 93 87 1B 00 13 59 19 40 CE 97
4A 86 63 74 F9 00 3E 89 3E 86 93 F6 06 40 63 82
06 1E B2 85 56 85 EF 20 B0 25 63 0A 05 20 0C 48
5E 86 2A C6 EF 10 40 23 83 57 C4 00 32 47 93 F7
F7 B7 93 E7 07 08 23 16 F4 00 B3 07 79 41 33 05
77 01 23 2A 24 01 18 C8 08 C0 1C C4 4E 89 CE 8B
DA 85 5E 86 EF 10 A0 12 18 44 1C 40 33 07 27 41
18 C4 03 27 8A 00 DE 97 1C C0 33 07 37 41 23 24
EA 00 63 08 07 1A 83 16 C4 00 03 AB 04 00 83 A9
44 00 A1 04 81 B7 83 A9 04 00 03 A9 44 00 A1 04
55 BD 01 45 82 80 01 4B 81 4B 01 45 01 4C 63 0E
0B 04 25 C5 DE 87 DA 89 63 F3 67 01 BE 89 54 48
03 29 84 00 08 40 1C 48 36 99 63 F4 A7 00 63 40
39 07 63 CB D9 10 5C 50 4C 4C 62 86 56 85 82 97
2A 89 63 52 A0 06 B3 8B 2B 41 05 45 63 87 0B 0E
83 27 8A 00 B3 87 27 41 23 24 FA 00 63 8B 07 12
33 0B 2B 41 4A 9C E3 16 0B FA 03 AB 44 00 A6 87
A1 04 E3 0C 0B FE 03 AC 07 00 5A 86 A9 45 62 85
BD 26 63 04 05 10 05 05 B3 0B 85 41 61 B7 E2 85
4A 86 EF 10 C0 05 1C 40 A2 85 56 85 CA 97 1C C0
EF F0 9F 90 4D D1 83 17 C4 00 F2 4B 62 4C D2 54
42 59 B2 59 02 5B 93 E7 07 04 23 16 F4 00 7D 55
05 BD 18 48 63 62 F7 04 58 48 63 EF E9 02 CE 86
63 73 3C 01 E2 86 33 E7 E6 02 5C 50 4C 4C 5A 86
56 85 99 8E 82 97 E3 50 A0 FC 2A 89 83 27 8A 00
B3 89 29 41 B3 87 27 41 23 24 FA 00 D9 CB 83 16
C4 00 1C 40 4A 9B 3D B5 63 F3 29 01 4E 89 3E 85
4A 86 DA 85 EF 00 B0 7D 1C 40 18 44 CA 97 33 07
27 41 1C C0 18 C4 79 F3 A2 85 56 85 EF F0 DF 87
55 DD 95 BF 4E 89 CE 8B 61 B5 A2 85 56 85 EF F0
BF 86 E3 07 05 F0 85 B7 4E 86 E2 85 EF 00 30 7A
18 44 1C 40 4E 89 33 07 37 41 CE 97 18 C4 1C C0
DD B5 56 85 EF 40 E0 1F 2A 87 E3 10 05 E4 0C 48
56 85 EF 20 C0 56 83 57 C4 00 31 47 F2 4B 62 4C
23 A0 EA 00 93 F7 F7 F7 1D B7 93 07 1B 00 BE 8B
59 B5 F2 4B 62 4C 81 BB 83 17 C4 00 09 BF B1 47
23 A0 FA 00 F2 4B 83 17 C4 00 62 4C 09 B7 79 71
4A D0 4E CE 52 CC 56 CA 5A C8 5E C6 06 D6 22 D4
26 D2 B2 8A 2A 8B AE 8B 01 4A 85 49 7D 59 83 A4
4A 00 FD 14 63 C6 04 02 03 A4 8A 00 83 57 C4 00
63 FB F9 00 83 17 E4 00 A2 85 5A 85 63 85 27 01
82 9B 33 6A AA 00 FD 14 13 04 84 06 E3 90 24 FF
83 AA 0A 00 E3 95 0A FC B2 50 22 54 92 54 02 59
F2 49 D2 4A 42 4B B2 4B 52 85 62 4A 45 61 82 80
41 11 22 C4 2E 84 83 95 E5 00 06 C6 EF 00 70 64
63 49 05 00 3C 48 B2 40 AA 97 3C C8 22 44 41 01
82 80 83 57 C4 00 7D 77 7D 17 F9 8F B2 40 23 16
F4 00 22 44 41 01 82 80 01 45 82 80 83 97 C5 00
01 11 36 83 06 CE 93 F6 07 10 2E 87 B2 88 2A 88
99 EE FD 76 FD 16 F2 40 F5 8F 83 15 E7 00 23 16
F7 00 9A 86 46 86 42 85 05 61 6F 00 70 62 83 95
E5 00 32 C4 89 46 01 46 1A C6 3A C0 2A C2 EF 00
70 59 02 47 32 43 A2 48 83 17 C7 00 12 48 D1 B7
41 11 22 C4 2E 84 83 95 E5 00 06 C6 EF 00 90 57
7D 57 83 17 C4 00 63 0B E5 00 05 67 D9 8F B2 40
28 C8 23 16 F4 00 22 44 41 01 82 80 13 07 05 80
13 07 07 80 F9 8F B2 40 23 16 F4 00 22 44 41 01
82 80 83 95 E5 00 6F 00 D0 47 17 F7 00 00 03 27
67 7D 01 11 06 CE 2A 86 AE 87 19 C3 54 5B E1 C2
03 97 C7 00 93 76 87 00 9D C2 94 4B 8D CE 03 97
C7 00 13 76 17 00 39 CA D0 4B 23 A4 07 00 01 45
33 06 C0 40 90 CF B9 CA F2 40 05 61 82 80 93 76
07 01 D1 CE 93 76 47 00 B9 EA 94 4B 13 67 87 00
23 96 E7 00 E9 F6 D8 47 93 05 00 20 13 77 07 28
E3 0F B7 FA 32 85 BE 85 3E C4 EF 40 F0 31 A2 47
03 97 C7 00 94 4B 13 76 17 00 5D F6 13 76 27 00
81 45 11 E2 CC 4B 8C C7 01 45 DD F6 93 76 07 08
C5 D6 13 67 07 04 23 96 E7 00 7D 55 71 BF 8C 5B
85 C1 93 86 07 04 63 8B D5 00 32 85 3E C6 32 C4
EF 20 E0 32 B2 47 22 46 03 97 C7 00 23 A8 07 02
94 4B 13 77 B7 FD 23 A2 07 00 94 C3 41 B7 2A C4
3A 85 2E C6 EF F0 5F 9E B2 47 22 46 15 BF A5 46
13 67 07 04 14 C2 23 96 E7 00 7D 55 B1 B7 93 77
35 00 13 F7 F5 0F 99 CB 35 C6 83 47 05 00 7D 16
63 81 E7 06 05 05 93 77 35 00 FD F7 0D 48 63 70
C8 04 93 F5 F5 0F 93 97 85 00 BE 95 93 97 05 01
37 03 FF FE B7 88 80 80 BE 95 13 03 F3 EF 93 88
08 08 1C 41 AD 8F B3 86 67 00 93 C7 F7 FF F5 8F
B3 F7 17 01 91 E7 71 16 11 05 E3 64 C8 FE 19 CA
2A 96 21 A0 05 05 63 07 C5 00 83 47 05 00 E3 9B
E7 FE 82 80 01 45 82 80 B3 E7 A5 00 8D 8B 81 E7
93 37 46 00 95 CB 2A 87 11 A8 83 C6 F5 FF 13 08
F6 FF A3 8F D7 FE 81 CA 3E 87 42 86 85 05 93 07
17 00 65 F6 82 80 32 97 63 03 08 04 85 07 A3 8F
07 FE E3 9D E7 FE 82 80 37 03 FF FE B7 88 80 80
13 03 F3 EF 93 88 08 08 2A 87 0D 4E 94 41 B3 87
66 00 13 C8 F6 FF B3 F7 07 01 B3 F7 17 01 DD FF
71 16 14 C3 11 07 91 05 E3 62 CE FE 45 BF 82 80
41 11 26 C2 97 F5 00 00 93 85 85 07 17 F5 00 00
13 05 85 F6 97 F4 00 00 93 84 84 08 22 C4 4A C0
06 C6 26 84 EF 00 D0 5A 17 F9 00 00 13 09 49 11
A2 85 17 F5 00 00 13 05 A5 04 EF C0 DF 95 13 04
04 02 09 ED E3 16 24 FF B2 40 22 44 92 44 02 49
17 F5 00 00 13 05 45 F2 41 01 82 80 97 E5 00 00
93 85 85 00 17 F5 00 00 13 05 05 F1 EF 40 70 32
A6 85 17 F5 00 00 13 05 25 F0 93 84 04 02 EF 40
50 31 E3 9D 24 FD C9 B7 59 71 A2 D4 13 94 55 00
2A 94 CA D0 CE CE 2A 89 AE 89 32 85 A2 85 A6 D2
86 D6 B2 84 EF C0 3F 8F 09 E9 B6 50 22 85 26 54
96 54 06 59 F6 49 65 61 82 80 97 E5 00 00 93 85
E5 FA 26 85 D2 CC D6 CA EF C0 FF 8C 63 09 05 14
97 E5 00 00 93 85 05 FA 26 85 EF C0 DF 8B 63 04
05 12 83 C7 04 00 13 07 30 04 63 82 E7 14 93 87
F7 F9 93 F7 F7 0F 65 47 63 6C F7 0E 83 C7 14 00
93 87 F7 F9 93 F7 F7 0F 63 64 F7 0E 83 C7 24 00
93 86 F7 F9 93 F6 F6 0F 63 7D D7 14 13 87 24 00
93 06 F0 05 63 8C D7 14 93 06 E0 02 63 82 D7 52
93 F7 F7 0B D5 EF 13 0A 01 02 52 85 97 E5 00 00
93 85 05 F4 3A C2 DA C8 DE C6 EF 00 70 48 12 47
83 46 07 00 93 07 00 04 63 88 F6 52 81 4A 81 4B
01 4B 83 47 01 02 13 07 40 03 93 87 F7 FB 93 F7
F7 0F 63 6D F7 06 17 E7 00 00 13 07 27 39 8A 07
BA 97 9C 43 BA 97 82 87 83 47 11 02 13 07 00 05
93 F7 F7 0D 63 9C E7 04 09 46 97 E5 00 00 93 85
25 F5 52 85 D5 33 6C 08 13 05 21 02 29 46 EF 40
E0 37 F2 47 83 C7 07 00 95 EB 93 07 40 3A 63 0F
F5 1C 63 C8 A7 52 93 07 A0 36 63 C1 A7 02 93 07
10 35 63 DA A7 52 B7 17 01 01 13 05 E5 CA 93 87
57 1A B3 D7 A7 00 85 8B 63 90 07 18 46 4B B6 4B
01 44 B6 50 22 85 26 54 66 4A D6 4A 96 54 06 59
F6 49 65 61 82 80 13 0A 01 02 52 85 97 E5 00 00
93 85 85 E6 DA C8 DE C6 EF 00 90 3B 81 B7 97 E5
00 00 93 85 25 E5 26 85 EF 00 90 3A 55 B5 83 C7
14 00 05 47 93 87 37 FD 93 F7 F7 0F E3 6A F7 FA
13 0A 01 02 93 85 24 00 52 85 DA C8 DE C6 EF 00
30 38 52 85 93 05 00 04 EF 40 50 1A 19 C1 23 00
05 00 52 85 EF C0 9F A8 93 87 24 00 33 87 A7 00
C5 B5 83 C7 34 00 13 87 34 00 5D B5 83 47 17 00
E5 46 93 87 F7 FB 93 F7 F7 0F E3 E3 F6 F6 83 47
27 00 93 87 F7 FB 93 F7 F7 0F E3 EB F6 F4 83 47
37 00 0D 07 51 B5 97 E5 00 00 93 85 25 E0 52 85
EF 40 D0 08 09 C9 97 E5 00 00 93 85 A5 DF 52 85
EF 40 D0 07 05 F5 97 E5 00 00 93 85 25 DE 52 85
EF 00 10 30 97 36 00 00 93 86 26 8C 17 46 00 00
13 06 E6 2A 19 47 89 47 63 8A F9 30 99 47 63 97
F9 00 D2 85 13 05 A9 14 EF 00 90 2D A6 85 22 85
EF 00 10 2D 2A 84 B6 50 22 85 26 54 66 4A D6 4A
46 4B B6 4B 96 54 06 59 F6 49 65 61 82 80 0D 46
97 E5 00 00 93 85 85 E1 52 85 EF 40 D0 1E E3 1F
05 EA 03 45 31 02 18 08 97 E5 00 00 93 85 45 E0
13 05 35 FD 13 35 15 00 93 07 05 03 33 85 E7 00
0D 15 EF C0 4F E4 E3 1B 05 E8 97 E5 00 00 93 85
65 DE 52 85 EF 00 D0 26 97 26 00 00 93 86 E6 7E
17 46 00 00 13 06 A6 1F 05 47 B5 B7 97 E5 00 00
93 85 05 D5 52 85 EF 40 60 7B E3 11 05 E6 97 E5
00 00 93 85 E5 D3 52 85 EF 00 90 23 97 36 00 00
93 86 66 A6 17 46 00 00 13 06 06 2B 09 47 25 BF
97 E5 00 00 93 85 85 D7 52 85 EF 40 20 78 E3 17
05 E2 97 E5 00 00 93 85 E5 D6 52 85 EF 00 50 20
61 BF 11 46 97 E5 00 00 93 85 C5 D1 52 85 EF 40
90 13 E3 15 05 E0 83 47 41 02 93 06 D0 02 58 10
63 96 D7 00 83 47 51 02 13 07 51 02 93 F7 F7 0D
93 06 20 05 63 89 D7 2C 83 47 07 00 13 07 50 05
93 F7 F7 0D 63 88 E7 2C 13 07 40 05 E3 98 E7 DC
97 E5 00 00 93 85 85 CE 52 85 EF 00 70 1A 2D BF
97 E5 00 00 93 85 85 C8 52 85 EF 40 20 70 E3 17
05 DA 97 E5 00 00 93 85 65 C7 52 85 EF 00 50 18
97 36 00 00 93 86 A6 C4 17 46 00 00 13 06 46 2E
21 47 51 B5 0D 46 97 E5 00 00 93 85 E5 C6 52 85
EF 40 70 0A E3 1C 05 D6 83 47 31 02 18 08 11 46
93 87 37 FD 93 B7 17 00 93 87 07 03 BA 97 8D 17
97 E5 00 00 93 85 85 C4 3E 85 3E C2 EF 40 B0 07
E3 16 05 D4 92 47 29 46 6C 08 03 C5 47 00 13 05
35 FD 13 35 15 00 3E 95 11 05 EF 40 20 07 13 07
F5 FF 13 37 07 01 E3 03 07 D2 13 07 45 FF E3 0F
07 D0 72 47 03 47 07 00 E3 1A 07 D0 2A C2 97 E5
00 00 93 85 25 C0 52 85 EF 00 90 0E 92 47 29 47
13 06 91 02 63 58 F7 00 13 07 10 03 A3 04 E1 02
13 06 A1 02 37 67 66 66 13 07 77 66 33 97 E7 02
93 D6 F7 41 A3 00 06 00 09 87 15 8F 93 16 27 00
36 97 06 07 99 8F 93 87 07 03 23 00 F6 00 2D BD
97 E5 00 00 93 85 45 B4 52 85 EF 40 20 60 E3 17
05 CA 97 E5 00 00 93 85 25 B3 52 85 EF 00 50 08
21 BD 21 46 97 E5 00 00 93 85 C5 BB 52 85 EF 40
80 7B E3 15 05 C8 03 45 81 02 18 08 97 E5 00 00
93 85 05 BB 13 05 35 FD 13 35 15 00 93 07 05 03
33 85 E7 00 21 15 EF 40 60 5B E3 11 05 C6 97 E5
00 00 93 85 25 B9 52 85 EF 00 90 03 F1 B3 0D 46
97 E5 00 00 93 85 C5 B1 52 85 EF 40 C0 76 E3 1F
05 C2 03 45 31 02 18 08 97 E5 00 00 93 85 85 B0
13 05 35 FD 13 35 15 00 93 07 05 03 33 85 E7 00
0D 15 EF 40 A0 56 E3 1B 05 C0 97 E5 00 00 93 85
A5 AE 52 85 EF 00 C0 7E 97 36 00 00 93 86 26 92
17 46 00 00 13 06 A6 0C 0D 47 F5 B1 D2 85 13 05
A9 12 36 C6 32 C4 3A C2 EF 00 80 7C 12 47 22 46
B2 46 23 04 E9 12 23 20 C9 0E 23 22 D9 0E D2 85
4A 85 EF 40 40 28 63 90 0A 02 93 96 FB 01 93 D7
F6 01 91 EB 12 47 7D 17 19 C7 83 47 01 02 93 87
B7 FA B3 3A F0 00 63 1D 0B 02 23 24 59 0F 7D B1
93 0A 17 00 13 0A 01 02 D6 85 52 85 DA C8 DE C6
EF 00 00 77 52 85 93 05 00 04 EF 40 20 59 19 C1
23 00 05 00 52 85 EF C0 6F E7 33 87 AA 00 C9 BC
FD 57 23 24 F9 0E 9D B9 E2 C4 13 0C 17 00 62 85
97 E5 00 00 93 85 85 9F EF C0 EF AF AA 8B 81 4A
05 4B 19 E1 26 4C 75 BC 97 E5 00 00 93 85 C5 9E
62 85 EF C0 4F AE AA 8A 01 4B 85 4B 65 D5 62 85
97 E5 00 00 93 85 05 9E EF C0 EF AC 93 3A 15 00
26 4C 81 4B 79 B4 97 E5 00 00 93 85 25 A2 52 85
C5 2D 59 B1 97 E5 00 00 93 85 C5 A1 52 85 CD 25
A5 B9 93 07 50 46 E3 09 F5 C6 13 05 E5 B1 A1 47
E3 F4 A7 C6 E5 B4 93 07 10 2E E3 0F F5 C4 63 CB
A7 00 93 07 50 1B E3 09 F5 C4 93 07 00 2D E3 17
F5 AC 99 B1 93 07 70 30 E3 12 F5 AC 35 B9 41 11
26 C2 AE 84 97 E5 00 00 93 85 45 A1 22 C4 06 C6
2A 84 EF 10 10 5B 01 C5 83 47 05 00 9D EF 93 97
24 00 17 E7 00 00 13 07 67 FF BA 97 8C 43 22 85
EF 10 30 59 01 C5 83 47 05 00 85 E3 22 85 97 E5
00 00 93 85 25 9E EF 10 D0 57 01 C5 83 47 05 00
89 E7 17 F5 00 00 13 05 65 A4 B2 40 22 44 92 44
41 01 82 80 39 71 5E CE 06 DE 22 DC 4A D8 99 47
AA 8B 63 E5 B7 12 56 D2 5A D0 B2 8A 2E 8B 63 0E
06 1A 52 D4 17 F9 00 00 13 09 89 8C 17 FA 00 00
13 0A CA 07 26 DA 4E D6 52 84 CA 84 97 F9 00 00
93 89 C9 12 A6 85 22 85 13 04 04 02 D5 2B 93 84
04 02 E3 19 34 FF 83 C7 0A 00 C1 EB 63 1E 0B 18
97 F4 00 00 93 84 84 04 05 44 FD 4A 1D 4B A2 85
5E 85 35 37 AA 89 EF C0 6F CE AA 87 CE 85 26 85
63 E9 FA 0A 05 04 6D 2B 93 84 04 02 E3 11 64 FF
17 FB 00 00 13 0B 8B F3 DA 89 97 F4 00 00 93 84
E4 00 05 44 9D 4A CA 85 4E 85 59 2B 26 86 A2 85
17 F5 00 00 13 05 C5 81 EF F0 1F 84 63 03 05 16
05 04 93 89 09 02 13 09 09 02 93 84 04 02 E3 1C
54 FD 62 54 D2 54 B2 59 22 5A 92 5A 02 5B F2 50
42 59 F2 4B 21 61 6F F0 AF F8 63 04 0B 06 56 85
EF C0 CF C6 FD 47 63 EE A7 02 93 17 5B 00 17 F7
00 00 13 07 A7 F8 33 04 F7 00 D6 85 22 85 0D 2B
22 86 DA 85 17 E5 00 00 13 05 85 7B EF F0 CF FD
2A 84 EF F0 EF F4 D2 54 B2 59 22 5A 92 5A 02 5B
11 A8 D2 54 B2 59 22 5A 92 5A 02 5B 59 49 23 A0
2B 01 01 44 F2 50 22 85 62 54 42 59 F2 4B 21 61
82 80 93 05 F0 02 56 85 EF 40 40 31 AA 87 63 03
05 12 03 47 15 00 13 06 F0 02 BA 86 63 17 C7 00
03 C7 27 00 85 07 E3 0D D7 FE 45 DF 17 F4 00 00
13 04 C4 F2 05 4B 93 04 F0 02 33 86 57 41 7D 47
E3 41 C7 FA 05 06 D6 85 22 85 3E C6 EF 40 E0 3B
B2 47 05 0B 03 C7 07 00 63 17 97 00 03 C7 17 00
85 07 E3 0D 97 FE 63 09 07 0E 3E 87 83 46 17 00
05 07 13 86 16 FD 91 C2 75 FA 9D 46 13 04 04 02
E3 00 DB EC BE 8A BA 87 4D BF 17 E4 00 00 13 04
A4 60 D1 CD 13 94 55 00 97 E7 00 00 93 87 47 6E
92 5A 02 5B 3E 94 B9 B7 DA 85 5E 85 4D 33 AA 84
EF C0 CF B5 FD 47 E3 E6 A7 F2 93 17 5B 00 17 F7
00 00 13 07 A7 E7 33 04 F7 00 A6 85 22 85 0D 21
C5 BD 85 44 03 A9 0B 00 63 1A 94 00 99 A0 85 04
13 0A 0A 02 13 0B 0B 02 63 8D 84 02 DA 85 52 85
01 21 52 86 A6 85 17 E5 00 00 13 05 65 68 EF F0
AF EA 71 FD 97 D5 00 00 93 85 C5 68 52 85 CD 26
52 86 A6 85 17 E5 00 00 13 05 85 66 EF F0 CF E8
7D BF D2 54 B2 59 22 5A 92 5A 02 5B C9 B5 92 5A
02 5B C9 B5 56 85 EF C0 6F AD FD 47 E3 E3 A7 EA
17 F4 00 00 13 04 84 E1 22 85 D6 85 13 04 04 02
45 26 E3 1B 34 FF ED B3 13 14 5B 00 17 F7 00 00
13 07 C7 DD 9D 47 3A 94 E3 0C FB DC 93 05 04 FE
22 85 13 04 04 02 AD 2E E3 1A 34 FF D1 B3 17 E5
00 00 03 45 65 72 82 80 AA 87 17 F5 00 00 03 25
65 B8 2E 86 BE 85 39 BB 13 05 05 0F 82 80 17 E5
00 00 13 05 E5 6C 82 80 17 E5 00 00 13 05 45 6C
82 80 41 11 22 C4 2A 84 2E 85 97 F7 00 00 23 A7
07 EA 06 C6 EF 50 F0 50 FD 57 63 06 F5 00 B2 40
22 44 41 01 82 80 97 F7 00 00 83 A7 27 E9 E5 DB
B2 40 1C C0 22 44 41 01 82 80 97 F7 00 00 83 A7
67 B2 63 80 A7 08 6C 41 01 11 26 CA 06 CE 22 CC
AA 84 8D C9 4A C8 4E C6 01 49 93 09 00 08 B3 87
25 01 80 43 01 C8 A2 85 00 40 26 85 EF 10 20 70
7D F8 EC 40 11 09 E3 14 39 FF 26 85 EF 10 20 6F
42 49 B2 49 8C 5C 81 C5 26 85 EF 10 40 6E A0 40
19 C4 A2 85 00 40 26 85 EF 10 60 6D 7D F8 EC 44
81 C5 26 85 EF 10 A0 6C DC 58 99 C7 62 44 F2 40
26 85 D2 44 05 61 82 87 F2 40 62 44 D2 44 05 61
82 80 82 80 AE 87 41 11 22 C4 B2 85 2A 84 36 86
3E 85 06 C6 97 F7 00 00 23 A2 07 DE EF 50 90 50
FD 57 63 06 F5 00 B2 40 22 44 41 01 82 80 97 F7
00 00 83 A7 A7 DC E5 DB B2 40 1C C0 22 44 41 01
82 80 AE 87 41 11 22 C4 B2 85 2A 84 36 86 3E 85
06 C6 97 F7 00 00 23 A3 07 DA EF 50 50 4F FD 57
63 06 F5 00 B2 40 22 44 41 01 82 80 97 F7 00 00
83 A7 C7 D8 E5 DB B2 40 1C C0 22 44 41 01 82 80
AE 87 41 11 22 C4 B2 85 2A 84 36 86 3E 85 06 C6
97 F7 00 00 23 A4 07 D6 EF 50 50 53 FD 57 63 06
F5 00 B2 40 22 44 41 01 82 80 97 F7 00 00 83 A7
E7 D4 E5 DB B2 40 1C C0 22 44 41 01 82 80 63 F1
A5 02 B3 87 C5 00 63 7D F5 00 05 CE 2A 96 03 C7
F7 FF 7D 16 FD 17 23 00 E6 00 E3 1A C5 FE 82 80
BD 47 63 E1 C7 02 AA 87 93 06 F6 FF 5D C2 85 06
BE 96 03 C7 05 00 85 07 85 05 A3 8F E7 FE E3 9A
D7 FE 82 80 B3 67 B5 00 8D 8B AE 88 BD EF 93 57
46 00 13 98 47 00 2A 98 FD 17 2A 87 94 41 C1 05
41 07 23 28 D7 FE 83 A6 45 FF 23 2A D7 FE 83 A6
85 FF 23 2C D7 FE 83 A6 C5 FF 23 2E D7 FE E3 1F
07 FD 92 07 33 87 17 01 93 05 07 01 AA 97 13 78
C6 00 C1 07 2E 8E 93 76 F6 00 63 0D 08 02 F1 16
F1 9A 36 97 51 07 33 08 15 41 03 A3 05 00 B3 88
05 01 91 05 23 A0 68 00 E3 99 E5 FE 13 87 46 00
B3 05 C7 01 BA 97 0D 8A 85 B7 93 06 F6 FF AA 87
B9 BF 82 80 36 86 89 BF B3 C7 A5 00 8D 8B B3 08
C5 00 B1 E7 13 36 46 00 39 E2 93 77 35 00 2A 87
CD E7 13 F6 C8 FF B3 06 E6 40 93 07 00 02 63 C4
D7 04 AE 86 BA 87 63 71 C7 02 03 A8 06 00 91 07
91 06 23 AE 07 FF E3 EA C7 FE 7D 16 19 8E 71 9A
91 05 11 07 B2 95 32 97 63 66 17 01 82 80 2A 87
E3 7E 15 FF 83 C7 05 00 05 07 85 05 A3 0F F7 FE
E3 9A E8 FE 82 80 94 41 83 A2 45 00 83 AF 85 00
03 AF C5 00 83 AE 05 01 03 AE 45 01 03 A3 85 01
03 A8 C5 01 14 C3 94 51 13 07 47 02 23 20 57 FE
23 2E D7 FE 23 22 F7 FF B3 06 E6 40 23 24 E7 FF
23 26 D7 FF 23 28 C7 FF 23 2A 67 FE 23 2C 07 FF
93 85 45 02 E3 C9 D7 FA AD B7 83 C6 05 00 05 07
93 77 37 00 A3 0F D7 FE 85 05 A1 D7 83 C6 05 00
05 07 93 77 37 00 A3 0F D7 FE 85 05 F9 FF 15 BF
B3 67 B5 00 8D 8B B9 EF 98 41 B7 86 7F 7F 93 86
F6 F7 33 78 D7 00 36 98 33 68 E8 00 33 68 D8 00
FD 57 2A 86 63 1D F8 00 91 05 18 C2 98 41 11 06
B3 77 D7 00 B6 97 D9 8F D5 8F E3 87 07 FF 83 C7
05 00 03 C7 15 00 83 C6 25 00 23 00 F6 00 99 C7
A3 00 E6 00 01 C7 23 01 D6 00 91 E2 82 80 A3 01
06 00 82 80 AA 87 03 C7 05 00 85 07 85 05 A3 8F
E7 FE 75 FB 82 80 37 08 00 80 7D 18 23 20 06 00
B3 76 B8 00 B7 08 F0 7F AE 87 2A 87 63 F9 16 07
B3 E8 A6 00 63 85 08 06 01 11 13 DE 45 01 06 CE
13 7E FE 7F B2 88 2E 83 01 46 63 16 0E 02 97 E7
00 00 93 87 27 F6 90 43 D4 43 46 C6 EF 60 F0 4D
37 07 00 80 B2 48 13 08 F7 FF B3 76 B8 00 2E 83
2A 87 13 06 A0 FC D1 86 B7 07 10 80 F2 40 FD 17
93 86 26 C0 33 73 F3 00 B2 96 B7 07 E0 3F B3 67
F3 00 23 A0 D8 00 3A 85 BE 85 05 61 82 80 3A 85
BE 85 82 80 03 A8 05 01 1C 49 63 C5 07 15 7D 18
93 12 28 00 13 86 45 01 33 03 56 00 13 0E 45 01
83 27 03 00 F2 92 03 A7 02 00 79 71 85 07 06 D6
22 D4 B3 58 F7 02 63 69 F7 08 B2 8F 72 8F 01 44
01 47 83 A7 0F 00 83 23 0F 00 11 0F 93 9E 07 01
93 DE 0E 01 C1 83 93 96 03 01 C1 82 93 D3 03 01
91 0F B3 8E 1E 03 B3 87 17 03 A2 9E 13 94 0E 01
41 80 93 DE 0E 01 81 8E BA 96 13 D7 06 41 C2 06
C1 82 F6 97 93 9E 07 01 93 DE 0E 01 13 D4 07 01
B3 07 D7 41 9E 97 13 97 07 01 55 8F 23 2E EF FE
13 D7 07 41 E3 7F F3 F9 83 A7 02 00 91 EF F1 12
63 66 5E 00 01 A8 7D 18 63 76 5E 00 83 A7 02 00
F1 12 F5 DB 23 28 05 01 46 C6 72 CE 1A CC 32 CA
42 C8 2A 84 EF 20 30 1C B2 48 63 48 05 06 72 4E
62 43 52 46 42 48 85 08 72 85 81 47 14 41 0C 42
11 05 13 97 06 01 93 9E 05 01 93 DE 0E 01 41 83
33 07 D7 41 3E 97 93 57 07 41 C1 81 C1 82 8D 8F
B6 97 42 07 93 96 07 01 41 83 55 8F 11 06 23 2E
E5 FE C1 87 E3 74 C3 FC 93 17 28 00 F2 97 98 43
09 EF F1 17 63 66 FE 00 39 A0 7D 18 63 75 FE 00
98 43 F1 17 7D DB 23 28 04 01 B2 50 22 54 46 85
45 61 82 80 01 45 82 80 03 23 85 03 31 71 22 DD
26 DB 4A D9 5A D1 5E CF 62 CD 6A C9 06 DF 4E D7
3A C8 3E C6 2E D2 2A 84 2E 8B B2 84 B6 8B 42 89
46 8D 32 8C 63 0F 03 00 58 5D 85 47 9A 85 B3 97
E7 00 23 22 E3 00 23 24 F3 00 EF 20 C0 1E 23 2C
04 02 A6 89 01 47 63 D7 04 00 86 04 13 DC 14 00
E2 89 05 47 B7 07 F0 7F 23 20 E9 00 33 F7 F9 00
63 08 F7 26 5A 85 E2 85 01 46 81 46 52 D5 5A D0
5A 8A 62 CE EF 60 F0 09 0D ED 32 47 85 47 1C C3
63 08 0D 00 97 D7 00 00 93 87 D7 FA 23 20 FD 00
2A 5A 17 D9 00 00 13 09 E9 F9 FA 50 6A 54 DA 54
BA 59 0A 5B FA 4B 6A 4C 4A 4D 4A 85 4A 59 29 61
82 80 DA 85 62 86 B8 18 F4 18 22 85 6E C7 56 D3
66 CB 13 D9 49 01 EF 20 90 35 AA 84 E6 5D 63 19
09 22 76 59 93 07 00 02 6E 99 13 07 29 43 63 DE
E7 42 93 07 00 04 99 8F 13 05 29 41 B3 99 F9 00
33 55 AB 00 33 E5 A9 00 EF 70 90 23 B7 07 10 FE
7D 19 2A 8A AE 97 85 4C BE 85 97 E7 00 00 93 87
E7 CA 90 43 D4 43 52 85 EF 60 70 7C 97 E7 00 00
93 87 47 CA 90 43 D4 43 EF 60 30 21 97 E7 00 00
93 87 C7 C9 90 43 D4 43 EF 50 90 04 2A 8A 4A 85
AE 8A EF 70 70 16 97 E7 00 00 93 87 A7 C8 90 43
D4 43 EF 60 90 1E 2A 86 AE 86 52 85 D6 85 EF 50
30 02 2A 8A AE 8A EF 70 10 0E AA 89 01 46 81 46
52 85 D6 85 EF 60 90 0E 63 5D 05 00 4E 85 EF 70
B0 12 52 86 D6 86 EF 60 C0 78 33 35 A0 00 B3 89
A9 40 33 89 2D 41 D9 47 13 0A F9 FF 63 E9 37 19
17 D8 00 00 13 08 88 75 93 97 39 00 C2 97 02 55
F2 45 90 43 D4 43 EF 60 70 0A 63 44 05 36 E3 5F
20 43 4E 9A 4E D6 02 DC 02 CC 02 D4 A5 47 63 E2
77 19 95 47 63 D5 77 33 F1 1B 11 47 E3 8B EB 56
63 83 FB 52 89 47 81 4A E3 87 FB 3E 8D 4B 82 C0
C2 47 CE 97 93 8C 17 00 BE C4 66 86 63 43 90 01
05 46 DD 46 05 47 91 47 63 C4 C6 00 6F 00 50 6A
86 07 93 86 47 01 BA 85 05 07 E3 7B D6 FE 4C DC
22 85 EF 10 F0 79 2A 89 E3 04 05 5C 08 DC 93 B7
FC 00 63 82 07 74 63 80 0A 74 63 5B 30 79 93 F7
F9 00 17 D8 00 00 13 08 68 6B 8E 07 93 DA 49 40
C2 97 93 F6 0A 01 03 A8 07 00 D8 43 E3 81 06 06
97 D7 00 00 93 87 07 67 90 53 D4 53 02 55 F2 45
BA C6 42 D8 EF 60 C0 00 0D 47 3A DE 42 58 36 47
93 FA FA 00 2A 83 AE 87 63 8F 0A 4A 26 D8 A2 C6
97 D4 00 00 93 84 04 64 56 84 9A C8 F2 5A BE 8D
BA 85 19 A0 05 84 A1 04 13 77 14 00 11 E7 05 84
A1 04 13 77 14 00 7D D7 90 40 D4 40 42 85 05 84
EF 60 B0 07 85 0A 2A 88 63 09 04 46 A1 04 D5 B7
B2 46 93 97 C9 00 09 67 B1 83 13 07 F7 70 B3 E7
67 01 98 C2 85 CB 17 D9 00 00 13 09 69 E9 E3 06
0D DA 97 D7 00 00 93 87 D7 E8 23 20 FD 00 71 BB
F2 47 37 07 F0 3F 13 09 19 C0 B2 07 B1 83 D9 8F
81 4C DD BB 17 D9 00 00 13 09 C9 E5 97 D7 00 00
93 87 C7 E5 E3 0B 0D D6 23 20 FD 00 BD B3 85 47
3E DC 02 CC 63 4B 0A 1A 63 D0 09 1C E2 47 02 D6
B3 87 37 41 3E CC B3 07 30 41 3E D4 A5 47 E3 F2
77 E9 81 4B 23 2E 04 02 81 45 22 85 EF 10 50 66
2A 89 E3 07 05 48 23 2C 24 03 93 A7 F9 00 76 57
99 C3 63 5B 07 1A 63 97 0C 36 E6 57 13 07 60 03
FD 5C 1D 8F E2 47 3A 9A E6 C4 3E 97 A2 57 02 C8
3E CE 85 45 22 85 3A D0 EF 20 80 17 E2 47 02 57
AA 8A E3 82 07 2E E3 50 40 2F E2 46 B6 87 63 53
DA 00 D2 87 E2 46 1D 8F 33 0A FA 40 9D 8E A2 57
36 CC 95 CF F2 47 E3 80 07 3A 3E 86 D6 85 22 85
3A D0 EF 20 20 37 26 86 AA 85 AA 8A 22 85 EF 20
00 1B A6 85 AA 84 22 85 EF 10 F0 63 22 57 F2 47
F2 46 33 06 F7 40 BA 87 02 57 E3 97 D7 30 85 45
22 85 3A D0 EF 20 C0 10 B2 57 2A CE 02 57 E3 91
07 28 85 47 63 CB 77 6B 92 56 63 98 06 6A 93 16
CC 00 63 94 06 6A 93 56 4C 01 93 F6 F6 7F 63 8E
06 68 3E D6 05 07 05 0A 3E D4 D2 97 FD 8B 63 87
07 58 ED 46 63 CA F6 7A F1 46 B3 87 F6 40 E2 46
3E 97 3E 9A BE 96 36 CC 63 47 E0 1A 63 58 40 01
F2 45 52 86 22 85 EF 20 60 3C 2A CE 93 A7 3B 00
13 CA 17 00 E2 57 63 9F 07 18 63 40 90 29 63 0E
0A 26 63 92 0C 5C F2 45 81 46 15 46 22 85 EF 10
B0 5A AA 85 2A CE 26 85 EF 20 E0 49 63 55 A0 5A
93 07 10 03 13 8A 19 00 23 00 F9 00 93 0B 19 00
F2 45 22 85 05 0A EF 10 10 57 63 86 0A 00 D6 85
22 85 EF 10 50 56 A6 85 22 85 EF 10 D0 55 B2 47
23 80 0B 00 23 A0 47 01 63 0C 0D 24 2A 5A 9A 5A
DA 4C BA 4D 23 20 7D 01 4D BE 85 47 B3 87 27 41
3E CC 01 4A E3 C4 09 E4 4E 9A 4E D6 F9 B1 11 47
E3 86 EB 24 63 85 FB 20 89 47 E3 85 FB 0C 8D 47
82 C0 85 4A E3 8E FB CC 35 BD 99 8F 33 15 FB 00
E1 BE FD 19 02 DC 31 B5 97 D7 00 00 93 87 07 3D
13 97 39 00 BA 97 03 AB 07 00 83 AB 47 00 FD 5C
93 0A 19 00 82 5D 72 4A 5A 86 DE 86 6E 85 D2 85
EF 50 10 53 EF 70 20 4F 2A 8C EF 70 E0 54 5A 86
DE 86 EF 60 80 5D AE 86 2A 86 D2 85 6E 85 EF 60
10 37 93 07 0C 03 23 00 F9 00 05 4A D6 8D 2A 87
97 E6 00 00 93 86 06 86 E3 83 4C 23 9C 42 03 A8
46 00 33 0A 5A 41 3E C8 42 CA E6 8A 22 CC AE 87
89 A0 5A 86 DE 86 62 85 E6 85 EF 50 70 4D EF 70
80 49 2A 84 EF 70 40 4F 5A 86 DE 86 EF 60 E0 57
AE 86 2A 86 E6 85 62 85 EF 60 70 31 85 0D 93 07
04 03 A3 8F FD FE B3 86 4D 01 2A 87 AE 87 E3 86
56 1D 42 46 D2 46 3A 85 BE 85 EF 60 00 55 01 46
81 46 2A 8C AE 8C EF 60 C0 31 45 F5 62 44 13 8A
19 00 EE 8B C9 B5 A6 85 3A 86 22 85 EF 20 00 22
AA 84 A9 B5 F2 45 26 85 EF 20 E0 31 E3 5F 05 E4
A6 85 81 46 29 46 22 85 EF 10 10 41 A6 47 13 8C
F9 FF AA 84 93 A7 17 00 33 7A FA 00 A2 57 63 96
07 5C E3 18 0A 24 A6 4C 4E 8A E2 89 F2 4B 05 4B
09 A8 A6 85 81 46 29 46 22 85 EF 10 F0 3D 05 0B
AA 84 DE 85 26 85 EF F0 FF 83 13 0C 05 03 B3 07
69 01 A3 8F 87 FF E3 4E 9B FD 01 4B 63 54 90 01
13 8B FC FF 93 07 19 00 3E 9B 81 46 A6 85 05 46
22 85 36 C8 EF 20 80 19 F2 45 AA 84 EF 20 A0 29
C2 46 63 59 A0 06 13 07 90 03 19 A0 E3 08 69 09
83 47 FB FF DA 8B 7D 1B E3 8A E7 FE 85 07 23 00
FB 00 F2 45 22 85 36 C8 EF 10 F0 35 E3 8D 0A DE
C2 46 E3 86 06 DE E3 84 56 DF B6 85 22 85 EF 10
90 34 F1 BB E2 47 13 07 37 43 3A 9A 3E 97 A2 57
FD 5C E6 C4 3E CE 02 C8 69 B9 A2 57 63 92 07 52
13 8A 19 00 A1 B7 85 47 81 4A BE C0 D5 B4 85 4A
D6 C0 F9 BC 09 E5 13 7C 1C 00 E3 16 0C F8 13 07
00 03 DA 8B 83 47 FB FF 7D 1B E3 8C E7 FE 51 BF
2A 5A 9A 5A DA 4C BA 4D 8D B2 C2 54 36 44 46 43
56 DE EE 87 2E 87 42 86 1A 85 BA 86 BE 85 EF 50
30 33 2A D8 AE 8A E2 57 89 CF 97 D6 00 00 93 86
E6 67 90 42 42 55 D4 42 D6 85 EF 60 20 2F 63 40
05 6A 72 55 EF 70 40 33 42 56 D6 86 EF 60 E0 3B
97 D7 00 00 93 87 87 66 90 43 D4 43 EF 50 40 1F
B7 08 C0 FC 2A 87 AE 98 63 8B 0C 18 CE C6 66 DE
F2 57 17 D8 00 00 13 08 68 15 C2 D2 8E 07 C2 97
03 A8 C7 FF 42 55 83 A7 87 FF D6 85 C6 D0 BE C8
C2 CA BA CE EF 70 20 28 AA CC EF 70 E0 2D 2A 86
42 55 AE 86 D6 85 EF 60 90 10 E6 47 93 0D 19 00
AA 8A 93 88 07 03 86 47 17 D8 00 00 13 08 08 11
63 8C 07 2E AE CC 97 D5 00 00 93 85 25 5B 46 46
D6 46 88 41 CC 41 C2 C0 46 D8 EF 50 70 27 76 46
86 56 EF 60 D0 0C 66 47 C2 58 56 86 BA 86 23 00
19 01 3A D8 AA C8 AE CC EF 60 C0 15 42 57 17 D8
00 00 13 08 A8 0C 63 4A A0 72 97 D6 00 00 93 86
E6 59 90 42 D4 42 CE CE D2 D0 C6 49 DE D2 E2 D4
DA C8 66 4A 56 8B 32 D8 F2 5A 36 DA E6 C0 81 4B
C2 D6 3A 8C A5 A0 85 0B 63 D4 5B 1F 97 DC 00 00
93 8C 4C 57 03 A6 0C 00 83 A6 4C 00 4E 85 D2 85
EF 60 A0 2B 03 A6 0C 00 83 A6 4C 00 AA 89 2E 8A
5A 85 E2 85 EF 60 60 2A 2A 8C AE 8C EF 70 A0 1A
2A 8B EF 70 60 20 2A 86 AE 86 62 85 E6 85 EF 60
10 03 93 07 0B 03 4E 86 D2 86 23 80 FD 00 85 0D
2A 8B 2E 8C EF 60 80 19 63 41 05 6A 42 55 D2 55
5A 86 E2 86 EF 60 B0 00 4E 86 D2 86 EF 60 00 18
E3 53 05 F8 93 06 90 03 19 A0 63 88 2D 67 EE 8B
03 C7 FD FF FD 1D E3 0A D7 FE 05 07 23 80 ED 00
B6 47 13 8A 17 00 C1 B6 72 55 EF 70 E0 19 42 56
D6 86 EF 60 80 22 97 D7 00 00 93 87 27 4D 90 43
D4 43 EF 50 E0 05 B7 08 C0 FC 2A 87 AE 98 97 D7
00 00 93 87 27 4C 42 55 90 43 D4 43 D6 85 C6 C6
3A DE EF 60 C0 79 72 57 B6 48 2A D8 3A 86 C6 86
2E DA BA C8 46 DE EF 60 E0 02 63 4A A0 16 F2 58
46 46 42 55 D2 55 B7 07 00 80 B3 C6 F8 00 EF 60
E0 0E 63 4D 05 12 F6 57 63 C9 07 00 93 A7 F9 00
17 D8 00 00 13 08 88 F7 F5 E3 86 47 63 9A 07 52
E2 47 63 89 07 3E 63 07 0A 3E 62 47 BA 87 63 53
EA 00 D2 87 62 47 33 0A FA 40 1D 8F A2 57 63 94
07 4E 85 45 22 85 3A CC EF 10 90 35 B2 57 2A CE
62 47 63 94 07 62 81 4A 85 47 85 BC F1 47 41 B4
63 8C 09 48 B3 0A 30 41 93 F7 FA 00 17 D8 00 00
13 08 C8 F1 8E 07 C2 97 90 43 D4 43 02 55 F2 45
EF 60 A0 14 93 D7 4A 40 2A D8 AE 8A 63 86 07 6A
09 47 26 D8 DA 8A 3A DE 22 8B 97 D4 00 00 93 84
64 EC BE 8D 3A 84 21 A0 93 DD 1D 40 A1 04 13 F7
1D 00 19 E7 93 DD 1D 40 A1 04 13 F7 1D 00 6D D7
90 40 D4 40 93 DD 1D 40 05 04 EF 60 00 10 63 8C
0D 42 A1 04 DD B7 C2 47 CA 8B 13 CA F7 FF 8D B4
F6 57 86 4C F6 49 06 5A 96 5B 26 5C 36 58 46 4B
63 C0 07 46 93 A7 F9 00 63 8C 07 44 93 97 39 00
C2 97 03 AB 07 00 83 AB 47 00 C2 47 E3 D2 07 AC
E3 40 90 AD 63 94 0C 02 97 D7 00 00 93 87 87 36
90 43 D4 43 5A 85 DE 85 EF 60 20 0A 2A 86 AE 86
02 55 F2 45 EF 50 90 7B 63 43 A0 02 81 45 22 85
EF 10 60 77 C2 47 CA 8B 33 0A F0 40 29 B4 89 46
02 53 F2 47 36 DE 6F F0 2F FC 3E D4 BD B2 93 07
10 03 23 00 F9 00 81 45 22 85 93 0B 19 00 EF 10
80 74 13 8A 29 00 C5 B2 46 46 D6 46 AE D2 76 45
86 55 C2 CC 46 D8 EF 60 40 04 C2 58 F2 57 AA C0
23 00 19 01 AE C2 05 46 66 48 16 57 EE 88 97 D6
00 00 93 86 26 2D 63 88 C7 06 90 42 D4 42 E6 C8
EE CC B3 0C F9 00 CA D0 56 85 32 D8 DA 8A 36 DA
CE CE A6 8D 46 89 C2 D2 BA 85 22 8B 42 56 D2 56
05 09 EF 50 90 7F AE 84 2A 84 EF 60 D0 6F 93 09
05 03 EF 60 70 75 2A 86 AE 86 22 85 A6 85 EF 60
00 58 A3 0F 39 FF E3 9B 2C FD EE 84 E6 4D F2 57
C6 4C F6 49 06 59 16 58 93 88 FD FF 5A 84 2E 87
56 8B BE 98 AA 8A 17 D3 00 00 13 03 23 22 03 26
03 00 83 26 43 00 06 45 96 45 3A DE C2 C8 46 D8
EF 40 10 5E F2 56 56 86 EF 50 50 6B 63 45 05 3C
17 D3 00 00 13 03 83 1F 06 46 96 46 03 25 03 00
83 25 43 00 EF 60 A0 51 F2 56 56 86 EF 50 90 5B
C2 58 46 48 63 46 A0 44 76 57 E3 4B 07 DA 13 A7
F9 00 E3 07 07 DA 13 97 39 00 3A 98 03 2B 08 00
83 2B 48 00 EE 8A B9 B2 F1 46 E3 8F D7 84 93 06
C0 03 B3 87 F6 40 6F F0 9F 84 D6 85 81 46 29 46
22 85 EF 10 60 62 AA 8A A6 4C E2 89 E3 13 0A 86
E2 47 63 58 F0 00 D6 85 3E 86 22 85 EF 10 10 40
AA 8A B2 57 D6 8D 63 92 07 34 12 57 72 4A 93 07
F9 FF 05 8B 4E D0 4A D2 CA 89 3A CC 33 89 97 01
6A D4 5A D6 D2 85 26 85 EF F0 CF A4 2A 8C D6 85
26 85 EF 10 50 4D D2 85 AA 8C 6E 86 22 85 EF 10
30 50 58 45 13 0B 0C 03 AA 85 2D E3 2A C8 26 85
EF 10 70 4B C2 45 2A 8D 22 85 EF 10 C0 59 B3 66
7D 01 DD EA E2 47 63 8F 07 3C 63 C7 0C 3C 23 80
69 01 93 8C 19 00 63 02 39 37 A6 85 81 46 29 46
22 85 EF 10 60 58 AA 84 D6 85 81 46 29 46 22 85
63 8E BA 07 EF 10 40 57 EE 85 AA 8A 81 46 22 85
29 46 EF 10 60 56 AA 8D E6 89 AD BF 22 85 62 CC
12 59 22 5D 4E 8A 5A 8C 82 59 32 5B 66 C8 EF 10
80 53 C2 47 63 C9 07 00 C2 47 13 77 1B 00 B3 E7
77 01 D9 8F B5 E3 A6 85 05 46 22 85 EF 10 10 32
F2 45 AA 84 EF 10 30 42 63 51 A0 38 93 07 90 03
63 0E FC 30 E2 47 13 8C 17 03 D6 86 23 00 8A 01
93 0B 1A 00 EE 8A 13 8A 19 00 61 B2 EF 10 C0 4F
AA 8A AA 8D E6 89 39 B7 63 C6 0C 30 E2 47 B3 EC
7C 01 B3 EC 97 01 63 8F 0C 2E E3 52 A0 F5 4E 8A
12 59 82 59 22 5D 5A 8C 93 07 90 03 63 08 FC 2C
05 0C 23 00 8A 01 D6 86 93 0B 1A 00 EE 8A 13 8A
19 00 81 B2 A2 57 63 99 07 10 85 45 22 85 EF 10
20 78 B2 57 2A CE 62 47 81 4A E3 87 07 C2 32 56
F2 45 22 85 3A D0 EF 10 F0 19 85 47 2A CE 02 D6
02 57 63 D4 77 17 F2 47 3A D0 72 47 9C 4B 8A 07
BA 97 88 4B EF 10 C0 63 93 07 00 02 02 57 89 8F
6F F0 AF E6 85 4A 82 C0 C2 47 63 58 F0 00 C2 47
BE C4 3E 86 BE 8C 6F F0 CF C1 85 47 BE C4 23 2E
04 02 BE 8C 3E C8 81 45 6F F0 8F C2 85 47 B3 87
27 41 3E CC 4E 8A 4E D6 02 DC 6F F0 0F BC E3 8D
0C AE A6 47 E3 51 F0 B6 97 D6 00 00 93 86 86 FC
90 42 42 55 D4 42 93 87 F9 FF D6 85 BE C6 EF 50
D0 50 72 57 AA 8D AE 8A 13 05 17 00 6E D8 EF 60
B0 46 6E 86 D6 86 EF 50 50 4F 97 D7 00 00 93 87
E7 F9 90 43 D4 43 EF 40 B0 32 A6 47 B7 08 C0 FC
2A 87 AE 98 3E DE 2D BA 82 57 F2 4A 3E D8 89 47
3E DE 6F F0 5F 8E C2 54 22 DE 2A D8 5A 84 56 8B
AE 8A 6F F0 5F 8D A2 57 63 8B 07 D6 6F F0 8F D3
85 47 3E D4 29 B7 3A CC 22 56 A6 85 22 85 EF 10
70 0A AA 84 85 45 22 85 EF 10 80 66 B2 57 2A CE
63 92 07 18 62 47 02 D4 81 4A 85 47 6F F0 EF D7
A2 57 13 86 FC FF 63 D7 C7 20 A2 57 32 57 85 45
B3 07 F6 40 BA 97 22 85 32 CE 3E D6 EF 10 40 63
E2 47 72 46 66 9A AA 8A 66 87 99 CF E2 47 E2 46
33 87 97 01 D2 87 63 D3 46 01 B6 87 E2 46 1D 8F
33 0A FA 40 9D 8E 36 CC A6 85 22 85 3A CE EF 10
70 03 72 47 AA 84 6F F0 8F CE 92 56 E3 9D 06 E8
93 16 CC 00 E3 99 06 E8 93 56 4C 01 93 F6 F6 7F
E3 83 06 E8 05 07 05 0A 3E D6 B5 BD 93 07 10 03
13 8A 29 00 23 00 F9 00 6F F0 AF F7 85 4A D6 C0
61 B5 85 47 81 4A BE C0 41 B5 B6 47 13 07 10 03
85 07 BE C6 61 BA 22 56 45 B7 B6 47 EE 8B 13 8A
17 00 6F F0 4F D5 C2 5D B5 B2 83 A5 4A 00 22 85
EF 10 00 24 2A 8A 63 0A 05 12 03 A6 0A 01 93 85
CA 00 31 05 09 06 0A 06 EF E0 1F D2 D2 85 22 85
05 46 EF 10 B0 08 AA 8D 49 B9 22 8C 62 44 3A 86
AE 86 3A 85 EF 40 D0 1C 5A 86 DE 86 2A C8 2E CA
13 8A 19 00 EF 50 10 1C 63 4C A0 00 42 45 D2 45
5A 86 DE 86 EF 50 F0 13 11 E5 13 77 1C 00 19 C3
CE C6 09 B2 EE 8B 6F F0 0F CE 3A CC 81 4A 45 BB
97 C6 00 00 93 86 06 19 01 46 93 05 F0 1A 17 C5
00 00 13 05 65 19 EF 20 10 67 82 59 5A 8C D6 86
12 59 22 5D 66 8B EE 8A 13 8A 19 00 6F F0 0F E7
13 07 00 03 83 C7 F8 FF C6 8B FD 18 E3 8C E7 FE
6F F0 1F 8D 62 47 02 D4 81 4A 95 B3 93 07 90 03
D6 86 23 00 FA 00 13 0B 1A 00 EE 8A 13 8A 19 00
6F F0 6F E5 62 CC 6A 87 4E 8A 12 59 82 59 22 5D
5A 8C E3 42 E0 CA D1 B1 4E 8A 12 59 82 59 22 5D
5A 8C 65 B9 93 07 90 03 4E 8A 62 87 82 59 12 59
22 5D 5A 8C E3 0C FB FA E3 51 90 CB 13 0C 17 03
69 B9 A6 4C E2 89 6F F0 CF BE E3 18 05 C8 93 77
1C 00 E3 9D 07 C6 51 B1 89 47 3E DE 6F F0 AF EA
23 2E 04 02 81 45 6F F0 AF 96 97 C6 00 00 93 86
66 0C 01 46 93 05 F0 2E 17 C5 00 00 13 05 C5 0C
EF 20 70 5A 91 8F 3E CE 63 D9 0C 00 E2 47 3E 87
B3 87 97 41 3E CC 6F F0 CF AA E2 47 66 9A 33 87
97 01 6F F0 0F AA 01 11 22 CC 26 CA 4A C8 4E C6
2E 84 06 CE 2A 89 97 D9 00 00 93 89 29 0B EF 10
A0 09 83 A7 89 00 05 67 C4 43 F1 98 93 87 F4 7F
93 87 07 7F 33 84 87 40 31 80 7D 14 32 04 63 4B
E4 00 81 45 4A 85 EF 20 F0 4F 83 A7 89 00 A6 97
63 0D F5 00 4A 85 EF 10 E0 06 F2 40 62 44 D2 44
42 49 B2 49 01 45 05 61 82 80 B3 05 80 40 4A 85
EF 20 50 4D FD 57 63 0C F5 02 03 A7 89 00 97 D7
00 00 83 A7 A7 75 81 8C 93 E4 14 00 44 C3 4A 85
81 8F 17 D7 00 00 23 23 F7 74 EF 10 A0 02 F2 40
62 44 D2 44 42 49 B2 49 05 45 05 61 82 80 81 45
4A 85 EF 20 30 49 03 A7 89 00 BD 46 B3 07 E5 40
E3 DA F6 F8 97 D6 00 00 83 A6 06 41 93 E7 17 00
5C C3 15 8D 97 D7 00 00 23 A2 A7 70 A5 BF F5 C1
01 11 22 CC 2E C6 2A 84 06 CE EF 00 F0 7C B2 45
97 D8 00 00 93 88 88 FD 03 A8 88 00 03 A5 C5 FF
13 87 85 FF 93 77 E5 FF 33 06 F7 00 54 42 13 73
15 00 F1 9A 63 02 C8 12 54 C2 33 08 D6 00 03 28
48 00 13 78 18 00 63 19 03 06 03 A3 85 FF 17 D5
00 00 13 05 25 FA 33 07 67 40 0C 47 9A 97 63 80
A5 0E 03 23 C7 00 23 A6 65 00 23 24 B3 00 63 03
08 12 93 E6 17 00 54 C3 1C C2 93 06 F0 1F 63 EC
F6 06 93 F6 87 FF A1 06 83 A5 48 00 C6 96 90 42
13 D5 57 00 85 47 B3 97 A7 00 CD 8F 93 85 86 FF
10 C7 4C C7 23 A2 F8 00 98 C2 58 C6 22 85 62 44
F2 40 05 61 6F 00 10 73 63 16 08 02 B6 97 17 D5
00 00 13 05 25 F3 14 46 13 E8 17 00 B3 05 F7 00
63 8E A6 0E 50 46 D0 C6 14 C6 23 22 07 01 9C C1
69 BF 82 80 13 65 15 00 23 AE A5 FE 1C C2 93 06
F0 1F E3 F8 F6 F8 93 D6 97 00 11 46 63 6E D6 08
93 D6 67 00 93 85 96 03 8E 05 13 86 86 03 C6 95
94 41 E1 15 63 96 D5 00 E1 A0 94 46 63 86 D5 00
D0 42 71 9A E3 EB C7 FE CC 46 4C C7 14 C7 22 85
62 44 F2 40 98 C5 D8 C6 05 61 6F 00 B0 6A 63 1C
08 06 4C 46 10 46 BE 96 93 E7 16 00 4C C6 90 C5
5C C3 36 97 14 C3 99 BF BE 96 63 1A 03 00 83 A7
85 FF 1D 8F 10 47 BE 96 5C 47 5C C6 90 C7 13 E6
16 00 97 D7 00 00 83 A7 67 28 50 C3 23 A4 E8 00
E3 E6 F6 F2 97 D5 00 00 83 A5 05 5D 22 85 EF F0
9F D9 29 BF B6 97 05 BF 51 46 63 73 D6 02 13 06
40 05 63 69 D6 04 93 D6 C7 00 93 85 F6 06 8E 05
13 86 E6 06 A9 BF 93 E6 17 00 54 C3 1C C2 FD B5
93 85 C6 05 8E 05 13 86 B6 05 91 B7 23 AA E8 00
23 A8 E8 00 48 C7 08 C7 23 22 07 01 9C C1 F9 B5
03 A5 48 00 09 86 85 47 B3 97 C7 00 C9 8F 23 A2
F8 00 25 BF 13 06 40 15 63 6A D6 00 93 D6 F7 00
93 85 86 07 8E 05 13 86 76 07 11 B7 13 06 40 55
63 6A D6 00 93 D6 27 01 93 85 D6 07 8E 05 13 86
C6 07 F5 B5 93 05 80 3F 13 06 E0 07 CD B5 79 71
52 CC 17 DA 00 00 13 0A AA 1C 26 D2 4A D0 56 CA
5A C8 06 D6 2E 89 32 8B AA 8A EF 20 B0 34 83 24
0A 00 A9 C8 4E CE 83 47 09 00 D1 CB 13 87 37 FC
4A 86 51 C7 83 47 16 00 05 06 13 87 37 FC 91 C3
75 FB 93 09 D0 03 63 8A 37 07 88 40 3D C5 22 D4
33 04 26 41 22 86 CA 85 EF 20 F0 0E 19 E5 9C 40
A2 97 03 C7 07 00 63 03 37 03 C8 40 91 04 7D F1
22 54 F2 49 56 85 EF 20 B0 2F B2 50 92 54 02 59
62 4A D2 4A 42 4B 01 45 45 61 82 80 03 27 0A 00
56 85 3E C6 99 8C 89 84 23 20 9B 00 EF 20 50 2D
B2 47 22 54 B2 50 F2 49 92 54 02 59 62 4A D2 4A
42 4B 13 85 17 00 45 61 82 80 F2 49 65 BF 4A 86
49 B7 01 11 70 00 06 CE 1D 3F F2 40 05 61 82 80
39 71 22 DC 06 DE 93 87 B5 00 59 47 2A 84 63 61
F7 06 C1 46 63 E7 B6 04 EF 00 10 4C C1 46 61 47
89 48 17 D8 00 00 13 08 68 CC 42 97 5C 43 13 06
87 FF 63 8E C7 32 D8 43 D0 47 8C 47 71 9B 3E 97
54 43 D0 C5 3E C6 0C C6 93 E6 16 00 22 85 54 C3
EF 00 50 49 B2 47 F2 50 62 54 13 85 87 00 21 61
82 80 B1 47 1C C0 01 45 F2 50 62 54 21 61 82 80
93 F6 87 FF E3 C7 07 FE E3 E5 B6 FE 36 C6 EF 00
B0 45 B2 46 93 07 70 1F 63 FD D7 38 93 D7 96 00
63 8E 07 10 11 47 63 61 F7 32 93 D7 66 00 93 88
97 03 13 8E 87 03 13 95 38 00 17 D8 00 00 13 08
E8 C3 42 95 5C 41 61 15 63 01 F5 02 3D 43 39 A0
CC 47 63 53 06 28 63 0A B5 00 AE 87 D8 43 71 9B
33 06 D7 40 E3 56 C3 FE F2 88 83 27 08 01 97 DE
00 00 93 8E 2E C1 63 8A D7 23 D8 43 BD 45 71 9B
33 06 D7 40 63 C9 C5 34 23 2A D8 01 23 28 D8 01
63 56 06 32 13 06 F0 1F 03 23 48 00 63 66 E6 26
13 76 87 FF 21 06 42 96 0C 42 13 55 57 00 05 47
33 17 A7 00 33 63 E3 00 13 07 86 FF 8C C7 D8 C7
23 22 68 00 1C C2 DC C5 93 D7 28 40 05 45 33 15
F5 00 63 6C A3 06 B3 77 65 00 89 EF 06 05 93 F8
C8 FF B3 77 65 00 91 08 91 E7 06 05 B3 77 65 00
91 08 E5 DF 3D 4E 13 9F 38 00 42 9F 7A 83 03 27
C3 00 C6 8F 63 02 E3 26 50 43 BA 87 58 47 71 9A
B3 05 D6 40 63 42 BE 26 E3 C6 05 FE 3E 96 54 42
8C 47 22 85 93 E6 16 00 54 C2 D8 C5 0C C7 3E C6
EF 00 50 34 B2 47 13 85 87 00 7D BD 13 05 00 20
93 08 00 04 13 0E F0 03 CD BD 83 27 88 00 D8 43
13 73 C7 FF 33 06 D3 40 63 66 D3 00 13 27 06 01
63 08 07 14 97 D5 00 00 83 A5 05 28 17 D6 00 00
03 26 86 F1 7D 57 B6 95 63 08 E6 30 05 67 3D 07
BA 95 7D 77 F9 8D 22 85 42 CE 3E CC 36 CA 1A C8
2E C6 EF 20 20 76 7D 57 B2 45 42 43 D2 46 E2 47
72 48 2A 8E 17 DF 00 00 13 0F 0F EE 63 08 E5 26
33 87 67 00 63 62 E5 26 97 DE 00 00 93 8E 0E 1D
03 A6 0E 00 2E 96 23 A0 CE 00 63 0C A7 34 83 28
0F 00 7D 55 63 82 A8 36 33 07 EE 40 32 97 23 A0
EE 00 13 7F 7E 00 63 0C 0F 2A 13 7E 8E FF 85 68
21 0E A1 08 33 06 BE 00 B3 85 E8 41 91 8D D2 05
D1 81 22 85 76 D6 42 D4 3E D2 36 D0 1A CE 72 CC
7A CA 32 C8 2E C6 EF 20 E0 6D 2A 87 7D 55 B2 45
42 46 52 4F 62 4E 72 43 82 56 92 57 22 58 B2 5E
63 04 A7 34 03 A6 0E 00 33 07 C7 41 2E 97 13 67
17 00 23 24 C8 01 2E 96 23 22 EE 00 23 A0 CE 00
63 87 07 03 3D 45 63 74 65 2E CC 43 13 07 43 FF
61 9B 85 89 D9 8D CC C3 95 48 B3 85 E7 00 23 A2
15 01 23 A4 15 01 63 66 E5 30 03 27 4E 00 97 D7
00 00 83 A7 27 16 63 F6 C7 00 97 D7 00 00 23 AB
C7 14 97 D7 00 00 83 A7 A7 14 63 F6 C7 00 97 D7
00 00 23 AF C7 12 F2 87 AD AA 03 23 48 00 29 BD
13 E7 16 00 D8 C3 BE 96 13 66 16 00 23 24 D8 00
22 85 D0 C2 3E C6 EF 00 F0 1A B2 47 F2 50 62 54
13 85 87 00 21 61 82 80 90 47 3E 97 54 43 4C C6
3E C6 93 E6 16 00 90 C5 22 85 54 C3 EF 00 90 18
B2 47 F2 50 62 54 13 85 87 00 21 61 82 80 5C 47
89 08 E3 04 F7 D6 C1 B1 13 56 97 00 91 45 63 FD
C5 0E D1 45 63 E4 C5 1C 13 05 C6 05 0E 05 93 05
B6 05 42 95 10 41 61 15 63 16 C5 00 85 A2 10 46
63 06 C5 00 4C 42 F1 99 E3 6B B7 FE 48 46 C8 C7
90 C7 1C C5 5C C6 49 B3 51 47 63 79 F7 0E 13 07
40 05 63 61 F7 1A 93 D7 C6 00 93 88 F7 06 13 8E
E7 06 13 95 38 00 D1 B9 85 0F 93 F7 3F 00 21 03
F5 C3 03 27 C3 00 79 B3 88 47 93 E8 16 00 23 A2
17 01 58 C5 08 C7 BE 96 23 2A D8 00 23 28 D8 00
13 E7 15 00 3E 96 23 A6 D6 01 23 A4 D6 01 D8 C2
22 85 0C C2 3E C6 EF 00 F0 0C B2 47 13 85 87 00
A1 B1 93 D8 36 00 13 87 86 00 E5 BE 3E 97 54 43
3E C6 22 85 93 E6 16 00 54 C3 EF 00 B0 0A B2 47
13 85 87 00 15 B1 93 E5 16 00 CC C3 BE 96 23 2A
D8 00 23 28 D8 00 93 65 16 00 3E 97 23 A6 D6 01
23 A4 D6 01 CC C2 22 85 10 C3 3E C6 EF 00 90 07
B2 47 13 85 87 00 CD BE 13 56 67 00 13 05 96 03
0E 05 93 05 86 03 31 B7 63 8B 07 0F 83 27 88 00
D8 43 71 9B 33 06 D7 40 63 66 D7 00 13 27 06 01
E3 00 07 E8 22 85 EF 00 F0 03 75 BE 93 88 C7 05
13 8E B7 05 13 95 38 00 CD BE 83 27 8F 00 FD 18
63 93 E7 19 93 F7 38 00 61 1F E5 FB 03 27 48 00
93 47 F5 FF F9 8F 23 22 F8 00 06 05 13 07 F5 FF
E3 7D F7 CC 33 77 F5 00 11 E7 06 05 33 77 F5 00
91 0F 65 DF FE 88 85 B9 C1 05 F5 B9 89 85 05 47
33 17 B7 00 33 63 E3 00 23 22 68 00 4D B5 33 06
BE 00 B3 05 C0 40 D2 05 D1 81 22 85 76 D4 42 D2
3E D0 36 CE 1A CC 72 CA 2E C6 32 C8 EF 20 80 43
2A 87 7D 55 B2 45 52 4E 62 43 F2 46 82 57 12 58
A2 5E E3 11 A7 D6 42 47 81 45 A9 BB 93 05 40 05
63 E3 C5 06 13 56 C7 00 13 05 F6 06 0E 05 93 05
E6 06 05 BD 13 07 40 15 63 63 F7 06 93 D7 F6 00
93 88 87 07 13 8E 77 07 13 95 38 00 3D B6 97 DE
00 00 93 8E AE E7 03 A6 0E 00 2E 96 23 A0 CE 00
7D B1 52 05 E3 15 05 CA 03 2E 88 00 9A 95 13 E7
15 00 23 22 EE 00 A1 B3 23 20 CF 01 5D B1 85 47
23 22 FE 00 C5 BD 93 05 40 15 63 EE C5 04 13 56
F7 00 13 05 86 07 0E 05 93 05 76 07 D9 B3 13 07
40 55 63 6E F7 04 93 D7 26 01 93 88 D7 07 13 8E
C7 07 13 95 38 00 D1 B4 61 1F 33 07 E6 01 81 45
55 B9 93 85 87 00 22 85 76 CA 42 C8 36 C6 EF F0
0F F0 42 48 D2 4E B2 46 03 2E 88 00 03 A6 0E 00
03 27 4E 00 E9 B9 93 05 40 55 63 E1 C5 02 13 56
27 01 13 05 D6 07 0E 05 93 05 C6 07 9D B3 13 05
80 3F 93 08 F0 07 13 0E E0 07 85 BC 13 05 80 3F
93 05 E0 07 B9 B3 83 27 48 00 41 BD 97 C7 00 00
83 A7 47 5F 82 87 99 C9 1D C6 95 CA 83 47 06 00
9C C1 03 45 06 00 33 35 A0 00 82 80 41 11 6C 00
09 CE 85 C2 83 47 06 00 9C C1 03 45 06 00 33 35
A0 00 41 01 82 80 01 45 82 80 01 45 DD BF 79 55
82 80 79 55 FD B7 41 11 D9 C1 3D CE 63 8C 06 24
03 28 07 00 63 12 08 06 83 47 06 00 05 4E AD C3
93 08 F0 07 63 DD F8 0A 93 88 07 F4 7D 43 63 62
13 07 23 02 F7 00 63 17 08 00 05 48 23 20 07 01
63 82 06 23 72 96 83 46 06 00 13 06 F0 03 13 88
06 F8 63 6F 06 1B 13 06 10 0C 63 5B F6 1A 9A 07
93 F7 07 7C 93 F6 F6 03 23 20 07 00 D5 8F 9C C1
13 05 1E 00 41 01 82 80 83 47 47 00 01 4E CD F3
23 A0 05 00 23 20 07 00 01 45 41 01 82 80 6C 00
AD BF 93 88 07 F2 3D 43 63 69 13 05 23 02 F7 00
63 1C 08 0E 05 48 23 20 07 01 63 8D 06 1B 33 08
C6 01 83 48 08 00 13 03 00 0E 46 88 63 86 67 1A
13 83 08 F8 93 0E F0 03 63 E4 6E 14 09 43 A3 02
17 01 23 20 67 00 63 87 66 18 05 0E D5 A0 23 20
07 00 9C C1 05 45 41 01 82 80 93 88 07 F1 11 43
63 60 13 13 23 02 F7 00 63 0C 08 0E 93 88 16 00
B3 38 10 01 05 43 C6 96 63 09 68 0E 83 48 57 00
13 03 00 0F 63 8A 67 0E 13 A3 08 09 63 16 03 00
13 83 C7 F0 63 06 03 0E 13 83 08 F8 93 0E F0 03
63 E0 6E 0E A3 02 17 01 05 43 63 00 68 0E 03 2F
07 00 13 88 16 00 33 38 00 01 09 43 C2 96 63 0B
6F 0C 03 48 67 00 93 06 08 F8 63 EB DE 0A 72 96
03 46 06 00 93 06 F0 03 13 03 06 F8 63 E2 66 0A
B3 F8 D8 00 9D 8B CA 07 B2 08 B3 76 D8 00 B3 E7
17 01 9A 06 D5 8F 13 76 F6 03 D1 8F 9C C1 13 05
1E 00 23 20 07 00 D5 BD 93 88 16 00 B3 38 10 01
05 43 C6 96 E3 05 68 F0 93 06 00 0E 03 48 57 00
63 8D D7 08 93 06 08 F8 93 08 F0 03 63 EA D8 04
72 96 03 46 06 00 93 06 F0 03 93 08 06 F8 63 E1
16 05 BD 8B B3 76 D8 00 B2 07 9A 06 D5 8F 13 76
F6 03 D1 8F 23 20 07 00 9C C1 13 05 1E 00 71 BD
05 48 23 20 07 01 63 87 06 07 33 08 C6 01 83 48
08 00 05 0E 05 48 29 B7 13 03 F0 08 E3 4E 13 F1
93 07 A0 08 1C C1 7D 55 8D BD 09 48 23 20 07 01
63 82 06 05 33 08 C6 01 03 48 08 00 13 03 F0 03
93 0E 08 F8 E3 6E D3 FD 0D 43 23 03 07 01 23 20
67 00 63 81 66 02 05 0E 19 BF 93 06 F0 09 E3 D1
06 FD 93 06 08 F8 93 08 F0 03 E3 EB D8 FA A3 02
07 01 B9 BF 79 55 15 B5 13 03 F0 09 E3 4A 13 E5
45 B7 A5 C9 6D C6 ED CA 1C 43 03 48 06 00 81 CF
85 46 63 8D D7 02 23 A0 05 01 83 47 06 00 B3 37
F0 00 3E 85 82 80 93 07 F8 F7 93 B7 F7 01 91 E7
93 07 08 F2 93 B7 07 01 F9 DF 85 47 23 02 07 01
1C C3 63 8B F6 0A 03 48 16 00 89 47 93 06 08 FC
93 B6 F6 03 91 E6 93 06 08 F8 93 B6 D6 07 D9 CE
83 46 47 00 3E 85 A2 06 C2 96 94 C1 23 20 07 00
82 80 41 11 6C 00 3D CE D9 C6 1C 43 03 48 06 00
89 CF 85 46 63 8E D7 02 23 A0 05 01 83 47 06 00
B3 37 F0 00 3E 85 41 01 82 80 93 07 F8 F7 93 B7
F7 01 91 E7 93 07 08 F2 93 B7 07 01 F1 DF 85 47
23 02 07 01 1C C3 63 88 F6 04 03 48 16 00 89 47
93 06 08 FC 93 B6 F6 03 99 EA 93 06 08 F8 93 B6
D6 07 91 E6 93 07 A0 08 1C C1 FD 57 65 BF 83 46
47 00 A2 06 C2 96 94 C1 23 20 07 00 65 B7 81 47
3E 85 82 80 81 47 79 BF F9 57 25 B7 93 07 A0 08
1C C1 FD 57 39 BF F9 57 71 B7 D5 C1 63 02 06 14
63 87 06 16 1C 43 03 48 06 00 99 CF 85 48 63 80
17 05 89 46 63 89 D7 14 23 A0 05 01 83 47 06 00
B3 37 F0 00 3E 85 82 80 93 07 28 F7 93 B7 27 00
91 E7 93 07 F8 F5 93 B7 E7 05 F9 DF 85 47 23 02
07 01 1C C3 63 85 F6 12 03 48 16 00 89 47 93 08
F8 F5 13 03 D0 05 63 6E 13 11 83 48 47 00 13 03
F0 08 63 92 68 0E 89 48 A3 02 07 01 23 20 17 01
63 FF D7 0E 3E 96 03 48 06 00 85 07 93 06 F8 F5
13 06 D0 05 63 67 D6 0E 83 46 57 00 13 78 F8 07
3E 85 A2 06 C2 96 94 C1 23 20 07 00 82 80 41 11
6C 00 4D CA E1 CE 1C 43 03 48 06 00 85 C3 85 48
63 81 17 05 89 46 63 8A D7 0A 23 A0 05 01 83 47
06 00 B3 37 F0 00 3E 85 41 01 82 80 93 07 28 F7
93 B7 27 00 91 E7 93 07 F8 F5 93 B7 E7 05 F1 DF
85 47 23 02 07 01 1C C3 63 8A F6 08 03 48 16 00
89 47 93 08 F8 F5 13 03 D0 05 63 63 13 09 83 48
47 00 13 03 F0 08 63 99 68 04 89 48 A3 02 07 01
23 20 17 01 63 F4 D7 06 3E 96 03 48 06 00 85 07
93 06 F8 F5 13 06 D0 05 63 6C D6 04 83 46 57 00
13 78 F8 07 A2 06 C2 96 94 C1 23 20 07 00 61 B7
81 47 3E 85 82 80 A2 08 C2 98 23 A0 15 01 23 20
07 00 C9 BD 81 47 85 BF A2 08 C2 98 23 A0 15 01
23 20 07 00 8D B7 C6 87 11 BF C6 87 55 BF F9 57
55 BD 93 07 A0 08 1C C1 FD 57 6D B5 F9 57 A1 B7
93 07 A0 08 1C C1 FD 57 3D BF 01 11 B9 CD 25 C2
63 8A 06 12 22 CE 26 CC 4E C8 4A CA B2 8E 03 C3
0E 00 83 44 07 00 B2 89 85 48 97 B3 00 00 93 83
A3 7C 97 B2 00 00 93 82 A2 77 13 04 F0 02 17 BF
00 00 13 0F 6F 69 95 4F 17 BE 00 00 13 0E CE 74
63 09 03 06 93 07 53 FE 93 F7 F7 0F 63 6E F4 00
8A 07 FA 97 9C 43 FA 97 82 87 6C 00 55 F2 23 20
07 00 05 45 05 61 82 80 13 09 F3 FD 93 07 D0 05
33 B9 27 01 1D 09 93 97 34 00 A6 97 33 88 F2 00
4A 98 03 48 08 00 9E 97 CA 97 83 C4 07 00 63 E0
0F 09 0A 08 72 98 83 27 08 00 F2 97 82 87 23 02
67 00 85 0E 63 F3 D8 08 03 C3 0E 00 85 08 E3 1B
03 F8 19 49 C9 B7 33 86 19 01 E5 B7 85 47 1C C3
83 47 47 00 03 C7 0E 00 46 85 A2 07 BA 97 72 44
E2 44 52 49 C2 49 9C C1 05 61 82 80 23 20 07 00
83 47 06 00 46 85 E5 B7 72 44 23 20 07 00 23 A0
05 00 E2 44 52 49 C2 49 01 45 05 61 82 80 09 49
9D BF 0D 49 8D BF 11 49 BD B7 15 49 AD B7 72 44
93 07 A0 08 1C C1 E2 44 52 49 C2 49 7D 55 05 61
82 80 05 49 89 BF 01 49 B9 B7 04 C3 72 44 E2 44
52 49 C2 49 79 55 4D B7 17 C5 00 00 13 05 85 75
6F 90 FF AF 17 C5 00 00 13 05 C5 74 6F 90 FF AF
7C 41 01 11 06 CE 2A 87 AE 86 99 CF 13 96 26 00
B2 97 88 43 05 C9 18 41 98 C3 23 28 05 00 23 26
05 00 F2 40 05 61 82 80 2E C6 13 06 10 02 91 45
2A C4 EF 10 F0 4C 22 47 B2 46 AA 87 68 C3 79 F5
01 45 C5 B7 85 45 B3 97 D5 00 13 86 57 00 3A 85
0A 06 36 C6 3E C4 EF 10 B0 4A 7D D1 B2 46 A2 47
54 C1 1C C5 5D BF 81 C9 D8 41 7C 41 0A 07 BA 97
98 43 98 C1 8C C3 82 80 03 AE 05 01 AE 8E 36 83
13 88 45 01 81 48 83 27 08 00 11 08 85 08 13 97
07 01 41 83 93 D6 07 01 B3 07 C7 02 B3 86 C6 02
9A 97 13 D7 07 01 C2 07 C1 83 BA 96 13 97 06 01
BA 97 23 2E F8 FE 13 D3 06 01 E3 C6 C8 FD 63 0F
03 00 83 A7 8E 00 63 5D FE 00 13 17 2E 00 76 97
23 2A 67 00 93 07 1E 00 23 A8 FE 00 76 85 82 80
83 A5 4E 00 01 11 22 CC 85 05 1A C4 72 C2 76 C0
06 CE 2A 84 EF F0 DF F0 82 4E 12 4E 22 43 2A 87
31 C9 03 A6 0E 01 93 85 CE 00 31 05 09 06 0A 06
1A C6 72 C4 76 C2 3A C0 EF D0 1F 9E 92 4E 7C 40
22 4E 83 A6 4E 00 32 43 13 17 2E 00 8A 06 B6 97
94 43 F2 40 62 44 23 A0 DE 00 23 A0 D7 01 82 4E
93 07 1E 00 76 97 23 2A 67 00 23 A8 FE 00 76 85
05 61 82 80 97 B6 00 00 93 86 C6 E6 01 46 93 05
A0 0B 17 B5 00 00 13 05 E5 F2 EF 10 D0 34 01 11
22 CC 4A C8 4E C6 52 C4 56 C2 06 CE 26 CA A5 47
B6 89 32 8A 2A 89 AE 8A 3A 84 63 DC D7 08 B7 97
E3 38 93 87 97 E3 A1 06 B3 B6 F6 02 81 45 85 47
85 82 86 07 85 05 E3 CE D7 FE 4A 85 EF F0 5F E5
AA 85 35 C9 85 47 1C C9 40 C9 A5 47 63 DF 47 05
13 84 9A 00 A2 84 D2 9A 83 C6 04 00 29 46 4A 85
93 86 06 FD 85 04 EF F0 3F EA AA 85 E3 96 54 FF
52 94 61 14 63 51 3A 03 B3 84 49 41 A2 94 83 46
04 00 29 46 4A 85 93 86 06 FD 05 04 EF F0 DF E7
AA 85 E3 16 94 FE F2 40 62 44 D2 44 42 49 B2 49
22 4A 92 4A 2E 85 05 61 82 80 13 84 AA 00 3E 8A
D1 B7 81 45 59 B7 97 B6 00 00 93 86 A6 D9 01 46
93 05 30 0D 17 B5 00 00 13 05 C5 E5 EF 10 B0 27
AA 87 41 67 01 45 63 F4 E7 00 C2 07 41 45 37 07
00 01 63 F4 E7 00 21 05 A2 07 37 07 00 10 63 EC
E7 00 37 07 00 40 63 F9 E7 02 13 97 27 00 63 4B
07 02 0D 05 82 80 13 97 47 00 B7 06 00 40 11 05
63 7D D7 00 9A 07 63 CF 07 00 13 97 17 00 E3 42
07 FE 13 05 00 02 82 80 3E 87 13 47 F7 FF 7D 83
3A 95 82 80 09 05 82 80 1C 41 13 F7 77 00 09 CF
93 F6 17 00 01 47 99 E6 13 F7 27 00 2D CB 85 83
1C C1 05 47 3A 85 82 80 13 97 07 01 41 83 15 E7
C1 83 93 F6 F7 0F 41 47 99 E2 61 47 A1 83 93 F6
F7 00 A1 C2 93 F6 37 00 85 C6 93 F6 17 00 99 E2
05 07 85 83 1C C1 3A 85 82 80 13 F7 F7 0F 0D C7
13 F7 F7 00 1D EF 11 47 91 83 93 F6 37 00 F1 FE
93 D6 27 00 13 F6 16 00 05 C2 B6 87 09 07 1C C1
D9 BF 11 07 91 83 D5 B7 21 47 A1 83 4D BF 89 83
09 47 1C C1 3A 85 82 80 8D 83 81 EB 13 07 00 02
51 B7 8D 83 0D 47 1C C1 7D B7 0D 07 1C C1 65 B7
7C 41 01 11 06 CE 2A 87 AE 86 89 CF C8 43 21 C5
18 41 F2 40 D8 C3 85 47 23 26 05 00 54 C9 1C C9
05 61 82 80 2E C6 13 06 10 02 91 45 2A C4 EF 10
30 18 22 47 B2 46 AA 87 68 C3 69 F9 97 B6 00 00
93 86 46 C3 01 46 93 05 50 14 17 B5 00 00 13 05
65 CF EF 10 50 11 3A 85 71 46 85 45 36 C4 EF 10
30 15 69 DD A2 46 F2 40 89 47 1C C5 05 47 85 47
58 C1 23 26 05 00 54 C9 1C C9 05 61 82 80 01 11
4A C8 4E C6 03 A9 05 01 83 29 06 01 26 CA 52 C4
06 CE 22 CC 2E 8A B2 84 63 47 39 01 4E 87 AE 84
CA 89 32 8A 3A 89 9C 44 CC 40 33 84 29 01 B3 A7
87 00 BE 95 EF F0 DF BF 63 01 05 16 93 08 45 01
13 18 24 00 46 98 C6 87 63 F7 08 01 23 A0 07 00
91 07 E3 ED 07 FF 93 05 4A 01 13 13 29 00 2E 93
63 FB 65 10 93 96 29 00 93 8E 44 01 F6 96 13 8E
54 01 33 BE C6 01 33 86 96 40 13 4E 1E 00 2D 16
09 A8 93 DF 0F 01 63 94 0F 08 91 05 91 08 63 F4
65 0E 83 AF 05 00 93 93 0F 01 93 D3 03 01 E3 82
03 FE C6 82 F6 8F 81 44 83 A7 0F 00 03 AF 02 00
91 02 13 97 07 01 41 83 33 07 77 02 C1 83 13 19
0F 01 13 59 09 01 13 5F 0F 01 91 0F B3 87 77 02
4A 97 26 97 FA 97 13 5F 07 01 FA 97 42 07 41 83
13 9F 07 01 33 67 EF 00 23 AE E2 FE 93 D4 07 01
E3 EC DF FA 81 47 63 04 0E 00 93 77 C6 FF C6 97
C4 C3 83 AF 05 00 93 DF 0F 01 E3 80 0F F8 83 A7
08 00 C6 82 76 8F BE 84 81 43 03 57 0F 00 93 D9
04 01 C2 07 33 07 F7 03 C1 83 11 0F 83 A4 42 00
91 02 13 99 04 01 13 59 09 01 1E 97 4E 97 93 13
07 01 B3 E7 F3 00 23 AE F2 FE 83 57 EF FF 41 83
B3 87 F7 03 CA 97 BA 97 93 D3 07 01 E3 6F DF FA
01 47 63 04 0E 00 13 77 C6 FF 46 97 5C C3 91 05
91 08 E3 E0 65 F2 63 45 80 00 39 A0 7D 14 09 C4
83 27 C8 FF 71 18 FD DB F2 40 00 C9 62 44 D2 44
42 49 B2 49 22 4A 05 61 82 80 97 B6 00 00 93 86
66 A5 01 46 93 05 20 16 17 B5 00 00 13 05 85 B1
EF 10 60 73 01 11 22 CC 4A C8 4E C6 06 CE 93 77
36 00 32 84 AA 89 2E 89 C1 E3 09 84 3D C4 26 CA
83 A4 09 04 D9 C4 93 77 14 00 05 84 81 EB 88 40
05 CD AA 84 93 77 14 00 05 84 F5 DB 26 86 CA 85
4E 85 EF F0 DF E0 63 0D 09 00 03 27 49 00 83 A7
49 04 0A 07 BA 97 98 43 23 20 E9 00 23 A0 27 01
11 CC 2A 89 88 40 71 F5 26 86 A6 85 4E 85 EF F0
1F DE 88 C0 23 20 05 00 AA 84 6D BF F2 40 62 44
D2 44 42 49 B2 49 05 61 82 80 F2 40 62 44 B2 49
4A 85 42 49 05 61 82 80 FD 17 17 B7 00 00 13 07
27 0C 8A 07 BA 97 90 43 81 46 EF F0 FF A4 2A 89
AD B7 85 45 4E 85 EF F0 BF 9C AA 84 19 C9 13 07
10 27 85 47 58 C9 1C C9 23 A0 A9 04 23 20 05 00
99 BF 97 B6 00 00 93 86 E6 96 01 46 93 05 50 14
17 B5 00 00 13 05 05 A3 EF 10 E0 64 79 71 4A D0
03 A9 05 01 9C 45 52 CC 13 5A 56 40 52 99 22 D4
26 D2 4E CE 06 D6 13 04 19 00 AE 84 AA 89 CC 41
63 D6 87 00 86 07 85 05 E3 CE 87 FE 4E 85 32 C6
EF F0 1F 96 32 46 5D C9 93 05 45 01 63 5E 40 01
13 07 5A 00 0A 07 2A 97 AE 87 91 07 23 AE 07 FE
E3 9D E7 FE 0A 0A D2 95 03 A8 04 01 93 87 44 01
7D 8A 0A 08 3E 98 25 C6 13 03 00 02 33 03 C3 40
AE 88 81 46 98 43 91 08 91 07 33 17 C7 00 55 8F
23 AE E8 FE 83 A6 C7 FF B3 D6 66 00 E3 E4 07 FF
93 87 54 01 01 47 63 67 F8 00 33 08 98 40 2D 18
13 77 C8 FF BA 95 D4 C1 91 E2 4A 84 D8 40 83 A7
49 04 B2 50 0A 07 BA 97 98 43 00 C9 22 54 98 C0
84 C3 02 59 92 54 F2 49 62 4A 45 61 82 80 98 43
91 07 91 05 23 AE E5 FE E3 F9 07 FD 98 43 91 07
91 05 23 AE E5 FE E3 E4 07 FF C1 B7 97 B6 00 00
93 86 46 86 01 46 93 05 E0 1D 17 B5 00 00 13 05
65 92 EF 10 40 54 18 49 9C 49 2A 86 33 05 F7 40
63 17 F7 02 8A 07 51 06 D1 05 BE 95 B2 97 19 A0
63 7F F6 00 83 A6 C7 FF 03 A7 C5 FF F1 17 F1 15
E3 88 E6 FE 05 45 63 F4 E6 00 7D 55 82 80 82 80
98 49 1C 4A 01 11 06 CE 2E 8F B3 08 F7 40 63 19
F7 02 93 96 27 00 D1 05 13 07 46 01 B3 87 D5 00
36 97 19 A0 63 F0 F5 12 03 A8 C7 FF 83 26 C7 FF
F1 17 71 17 E3 08 D8 FE 63 71 D8 12 85 48 39 A0
E3 CE 08 FE B2 87 81 48 2E 86 3E 8F 4C 42 7A C6
46 C4 32 C2 EF F0 CF FF 12 46 A2 48 32 4F 63 0F
05 10 03 28 06 01 83 2F 0F 01 93 02 46 01 13 17
28 00 8A 0F 13 06 4F 01 93 03 45 01 23 26 15 01
33 83 E2 00 B2 9F 96 8E 1E 8E 81 48 03 A7 0E 00
14 42 11 0E 93 17 07 01 93 95 06 01 C1 83 C1 81
8D 8F C6 97 C1 82 41 83 15 8F 93 D6 07 41 36 97
C2 07 C1 83 93 16 07 01 D5 8F 11 06 23 2E FE FE
91 0E 93 58 07 41 E3 63 F6 FD 93 06 5F 01 01 47
63 E7 DF 00 B3 8F EF 41 AD 1F 13 F7 CF FF B3 8E
E2 00 91 0E 1E 97 33 8E 53 40 76 86 13 0F 47 00
63 FF 6E 02 14 42 B3 05 C6 01 11 06 13 97 06 01
41 83 46 97 B3 87 16 01 41 87 C1 82 36 97 C2 07
C1 83 93 16 07 01 D5 8F 9C C1 93 58 07 41 E3 6B
66 FC 13 07 F3 FF 33 07 D7 41 71 9B 7A 97 91 E7
83 27 C7 FF 71 17 7D 18 E5 DF F2 40 23 28 05 01
05 61 82 80 81 45 EF F0 AF F0 01 CD F2 40 85 47
23 2A 05 00 1C C9 05 61 82 80 B2 87 7A 86 3E 8F
F5 B5 97 A6 00 00 93 86 E6 6A 01 46 93 05 70 23
17 A5 00 00 13 05 05 77 EF 10 E0 38 97 A6 00 00
93 86 46 69 01 46 93 05 50 24 17 A5 00 00 13 05
65 75 EF 10 40 37 B7 07 F0 7F FD 8D B7 07 C0 FC
BE 95 81 47 63 54 B0 00 3E 85 82 80 B3 05 B0 40
D1 85 CD 47 63 C9 B7 00 B7 07 08 00 B3 D5 B7 40
81 47 3E 85 82 80 B1 15 79 47 85 47 63 46 B7 00
B7 07 00 80 B3 D7 B7 00 81 45 3E 85 82 80 79 71
22 D4 00 49 26 D2 93 04 45 01 0A 04 26 94 4A D0
03 29 C4 FF 4E CE 2E C6 4A 85 06 D6 EF F0 5F 89
B2 45 13 07 00 02 B3 07 A7 40 9C C1 A9 47 93 09
C4 FF 63 DA A7 06 13 06 55 FF 63 FD 34 03 83 27
84 FF 29 C6 B3 06 C7 40 33 D7 D7 00 33 19 C9 00
33 69 E9 00 B3 97 C7 00 37 07 F0 3F 13 06 84 FF
33 67 E9 00 63 F8 C4 02 03 26 44 FF B3 56 D6 00
D5 8F 0D A0 AD 47 63 0A F5 00 33 19 C9 00 37 07
F0 3F 33 67 E9 00 81 47 31 A0 81 47 37 07 F0 3F
33 67 E9 00 B2 50 22 54 92 54 02 59 F2 49 3E 85
BA 85 45 61 82 80 AD 46 89 8E B7 07 F0 3F 33 57
D9 00 5D 8F 81 47 63 F6 34 01 83 27 84 FF B3 D7
D7 00 55 05 33 19 A9 00 B3 67 F9 00 E1 B7 39 71
4A D8 2E 89 85 45 4E D6 52 D4 32 C6 06 DE 22 DC
26 DA 36 8A BA 89 EF F0 AF D8 32 46 55 C5 13 54
46 01 37 07 10 00 93 07 F7 FF 13 74 F4 7F AA 84
7D 8E 11 C0 59 8E 32 CE 63 11 09 04 68 08 EF F0
BF 80 F2 46 05 49 23 A8 24 01 D4 C8 13 07 05 02
29 CC 13 04 D4 BC 3A 94 93 07 50 03 23 20 8A 00
33 85 E7 40 F2 50 62 54 23 A0 A9 00 42 59 B2 59
22 5A 26 85 D2 54 21 61 82 80 28 08 4A CC EF F0
AF FC F2 46 62 46 2A 87 09 C9 93 07 00 02 89 8F
B3 97 F6 00 5D 8E B3 D6 A6 00 33 39 D0 00 05 09
D0 C8 94 CC 23 A8 24 01 4D F4 93 16 29 00 A6 96
88 4A 13 07 E7 BC 23 20 EA 00 EF F0 6F F2 93 17
59 00 33 85 A7 40 79 BF 97 A6 00 00 93 86 86 49
01 46 93 05 F0 30 17 A5 00 00 13 05 A5 55 EF 10
80 17 79 71 4A D0 2E 89 2C 00 06 D6 22 D4 26 D2
4E CE AA 89 EF F0 BF E3 AA 84 2E 84 4A 85 6C 00
EF F0 FF E2 83 A7 09 01 03 26 09 01 22 47 B2 46
91 8F 96 07 15 8F BA 97 63 51 F0 02 D2 07 3E 94
2A 86 AE 86 26 85 A2 85 EF 30 80 53 B2 50 22 54
92 54 02 59 F2 49 45 61 82 80 D2 07 9D 8D CD B7
41 11 4A C0 06 C6 DD 47 2A 89 63 D0 A7 04 17 B7
00 00 13 07 A7 06 97 B6 00 00 93 86 A6 06 22 C4
26 C2 1C 43 4C 43 80 42 C4 42 3E 85 22 86 A6 86
EF 30 B0 5A 7D 19 AA 87 E3 19 09 FE 22 44 B2 40
92 44 02 49 3E 85 41 01 82 80 13 19 35 00 17 B7
00 00 13 07 A7 B4 4A 97 1C 43 B2 40 4C 43 02 49
3E 85 41 01 82 80 14 4A FD 15 95 85 85 05 8A 06
93 07 46 01 8A 05 BE 96 AA 95 63 F0 D7 02 2A 87
03 A8 07 00 91 07 11 07 23 2E 07 FF E3 EA D7 FE
91 8E AD 16 F1 9A 11 05 36 95 63 77 B5 00 11 05
23 2E 05 FE E3 6D B5 FE 82 80 18 49 13 D6 55 40
93 06 45 01 63 5D C7 00 0A 07 B3 87 E6 00 63 F8
F6 02 03 A7 C7 FF F1 17 7D DB 05 45 82 80 93 17
26 00 B6 97 E3 55 E6 FE FD 89 F5 D1 90 43 05 45
33 57 B6 00 33 17 B7 00 E3 0B E6 FC 82 80 01 45
82 80 63 8F 05 14 01 11 22 CC 26 CA 2E 84 06 CE
AA 84 32 C0 EF F0 4F B4 82 45 59 47 93 87 B5 00
63 70 F7 0E E1 9B BE 86 13 D7 F7 01 63 EE B7 14
63 1C 07 14 03 26 C4 FF 13 08 84 FF 13 77 C6 FF
63 5B D7 0C 97 B8 00 00 83 A8 C8 32 33 03 E8 00
03 25 43 00 63 83 68 14 93 78 E5 FF 9A 98 83 A8
48 00 93 F8 18 00 63 93 08 0E 71 99 B3 08 A7 00
63 DC D8 08 05 8A 0D E2 03 2E 84 FF 33 0E C8 41
03 26 4E 00 71 9A 32 95 B3 08 E5 00 63 D7 D8 22
B3 08 C7 00 63 D5 D8 1C 26 85 3A C4 42 C2 3E C0
EF E0 0F DE 82 47 12 48 22 47 AA 86 63 0C 05 2E
03 26 C4 FF 93 05 85 FF 79 9A 42 96 63 00 B6 18
13 06 C7 FF 93 07 40 02 63 E3 C7 1E 4D 47 63 6C
C7 16 AA 87 22 87 10 43 90 C3 50 43 D0 C3 18 47
98 C7 A2 85 26 85 36 C0 EF E0 6F A9 26 85 EF F0
6F A7 82 46 F2 40 62 44 D2 44 36 85 05 61 82 80
C1 46 B6 87 01 47 1D B7 83 26 C3 00 03 26 83 00
46 87 54 C6 90 C6 83 26 48 00 33 05 F7 40 BD 45
85 8A 33 06 E8 00 63 E0 A5 04 D9 8E 23 22 D8 00
5C 42 93 E7 17 00 5C C2 26 85 EF F0 AF A2 A2 86
F2 40 62 44 D2 44 36 85 05 61 82 80 05 8A 29 F6
03 2E 84 FF 33 0E C8 41 03 26 4E 00 71 9A 0D BF
B2 85 6F E0 EF D1 DD 8E 23 22 D8 00 B3 05 F8 00
13 65 15 00 C8 C1 5C 42 A1 05 26 85 93 E7 17 00
5C C2 EF E0 CF 9F 4D BF B1 47 9C C0 81 46 F2 40
62 44 D2 44 36 85 05 61 82 80 71 99 B3 08 E5 00
13 83 07 01 63 D1 68 1A 05 8A E3 17 06 EE 03 2E
84 FF 33 0E C8 41 03 26 4E 00 71 9A 32 95 B3 08
E5 00 E3 C7 68 EC 83 26 CE 00 83 25 8E 00 13 06
C7 FF 13 07 40 02 D4 C5 8C C6 93 06 8E 00 63 6F
C7 1E CD 45 36 87 63 FE C5 00 0C 40 6D 47 23 24
BE 00 4C 40 23 26 BE 00 63 6A C7 20 21 04 13 07
0E 01 10 40 10 C3 50 40 50 C3 10 44 10 C7 33 06
FE 00 33 87 F8 40 97 B5 00 00 23 AD C5 14 13 67
17 00 58 C2 03 27 4E 00 26 85 36 C0 05 8B D9 8F
23 22 FE 00 EF F0 0F 93 82 46 19 B7 83 26 C5 FF
F1 9A 36 97 C9 BD 0C 40 6D 47 0C C1 4C 40 4C C1
63 63 C7 0C 13 07 84 00 93 07 85 00 AD BD 83 26
CE 00 83 25 8E 00 13 06 C7 FF 13 05 40 02 D4 C5
8C C6 93 06 8E 00 63 6B C5 0A CD 45 36 87 63 FE
C5 00 0C 40 6D 47 23 24 BE 00 4C 40 23 26 BE 00
63 6E C7 0E 21 04 13 07 0E 01 10 40 10 C3 50 40
50 C3 10 44 10 C7 36 84 46 87 72 88 AD B5 A2 85
2A C0 EF C0 DF AD 82 46 2D B5 83 26 C3 00 83 25
83 00 13 06 C7 FF 13 05 40 02 D4 C5 8C C6 03 27
CE 00 83 26 8E 00 13 08 8E 00 D8 C6 14 C7 63 6A
C5 08 CD 46 42 87 63 FE C6 00 14 40 6D 47 23 24
DE 00 54 40 23 26 DE 00 63 64 C7 0C 21 04 13 07
0E 01 14 40 14 C3 54 40 54 C3 14 44 14 C7 42 84
46 87 72 88 09 B5 18 44 18 C5 58 44 58 C5 63 08
F6 08 13 07 04 01 93 07 05 01 75 B3 36 85 A2 85
72 C6 3E C4 46 C2 36 C0 EF C0 7F A5 32 4E A2 47
92 48 82 46 8D B7 3E 98 33 87 F8 40 97 B6 00 00
23 A2 06 03 13 67 17 00 23 22 E8 00 03 27 C4 FF
26 85 05 8B D9 8F 23 2E F4 FE EF E0 BF FF A2 86
C1 BB 42 85 A2 85 72 C6 3E C4 46 C2 42 C0 EF C0
1F A1 02 48 92 48 A2 47 32 4E 51 B7 18 44 23 28
EE 00 58 44 23 2A EE 00 63 0F A6 04 41 04 13 07
8E 01 E5 BD 26 85 EF E0 FF FB 81 46 CD B3 10 48
13 07 84 01 93 07 85 01 10 C9 50 48 50 C9 21 BB
14 44 13 07 40 02 23 28 DE 00 54 44 23 2A DE 00
63 0C E6 04 41 04 13 07 8E 01 25 B7 36 85 A2 85
72 C6 3E C4 46 C2 36 C0 EF C0 7F 9A 32 4E A2 47
92 48 82 46 29 BD 10 48 13 07 0E 02 61 04 23 2C
CE 00 03 26 C4 FF 23 2E CE 00 41 BD 0C 44 13 07
40 02 23 28 BE 00 4C 44 23 2A BE 00 63 01 E6 02
41 04 13 07 8E 01 F1 BB 14 48 13 07 0E 02 61 04
23 2C DE 00 83 26 C4 FF 23 2E DE 00 D9 B5 10 48
13 07 0E 02 23 2C CE 00 50 48 61 04 23 2E CE 00
4D BB 41 11 22 C6 AE 87 2A 84 17 A5 00 00 13 05
75 71 3E 88 83 C8 07 00 85 07 33 07 15 01 03 47
07 00 21 8B 7D F7 13 07 D0 02 93 FF F6 FE 63 8E
E8 0C 13 07 B0 02 63 85 E8 02 63 99 0F 02 13 07
00 03 63 88 E8 14 63 8E 06 12 37 03 00 08 C1 46
7D 13 B6 82 BD 4F B7 03 00 80 FD 13 01 4E 0D A0
83 C8 07 00 93 07 28 00 63 83 0F 0E 37 03 00 80
7D 13 B3 7F D3 02 9A 83 B6 82 01 4E 33 53 D3 02
01 48 01 45 A5 4E 65 4F 13 87 08 FD 63 F8 EE 00
13 87 F8 FB 63 66 EF 02 13 87 98 FC 63 5A D7 02
05 08 63 0D 08 00 63 6B A3 00 63 11 65 04 7D 58
63 DE EF 02 85 07 83 C8 F7 FF F9 B7 7D 58 DD BF
13 87 F8 F9 63 66 EF 00 13 87 98 FA E3 4A D7 FC
7D 57 63 03 E8 02 63 04 0E 00 33 05 A0 40 01 C6
63 15 08 06 0C C2 32 44 41 01 82 80 B3 08 55 02
05 48 33 05 17 01 7D BF 13 07 20 02 18 C0 1E 85
7D D2 93 85 F7 FF 1E 85 F1 BF 83 C8 07 00 93 07
28 00 63 92 0F 02 13 07 00 03 63 8F E8 08 D5 EE
A9 46 37 D3 CC 0C 13 03 C3 CC B6 82 A1 4F 05 4E
B7 03 00 80 B1 B7 37 03 00 80 B3 7F D3 02 9A 83
B6 82 05 4E 33 53 D3 02 25 BF AA 83 5D BF 13 07
00 03 E3 9A E8 EE 03 47 28 00 13 05 80 05 13 77
F7 0D 63 17 A7 04 83 48 38 00 C1 46 B6 82 93 07
48 00 37 03 00 80 7D 13 B3 7F 53 02 33 53 53 02
D9 BD A9 46 37 D3 CC 0C 13 03 C3 CC B6 82 9D 4F
D9 B5 03 C7 07 00 13 05 80 05 13 77 F7 0D 63 19
A7 00 C1 46 83 C8 17 00 B6 82 93 07 38 00 D1 B7
A1 E6 A1 46 B6 82 75 BF 03 47 28 00 13 05 80 05
13 77 F7 0D 63 03 A7 02 9D CA C1 46 B6 82 B7 03
00 80 33 D3 53 02 05 4E 65 B5 C1 46 B6 82 37 03
00 08 05 4E B7 03 00 80 61 BD C1 46 83 48 38 00
B6 82 93 07 48 00 E1 BF C1 46 B6 82 9D BF A1 46
B6 82 F1 B7 13 B7 56 02 11 C7 93 87 F6 FF 99 C3
6F F0 3F DF 41 11 06 C6 EF 00 50 1B B2 40 D9 47
1C C1 01 45 41 01 82 80 93 37 56 02 91 CF 93 07
F6 FF 99 CB 2A 87 17 B5 00 00 03 25 A5 0E B2 86
2E 86 BA 85 6F F0 FF DB 41 11 06 C6 EF 00 10 18
B2 40 D9 47 1C C1 01 45 41 01 82 80 93 37 56 02
91 CF 93 07 F6 FF 99 CB 2A 87 17 B5 00 00 03 25
65 0B B2 86 2E 86 BA 85 6F F0 BF D8 41 11 06 C6
EF 00 D0 14 B2 40 D9 47 1C C1 01 45 41 01 82 80
97 B7 00 00 83 A7 C7 BD 82 87 91 CD 93 07 F0 0F
63 E6 C7 00 23 80 C5 00 05 45 82 80 93 07 A0 08
1C C1 7D 55 82 80 01 45 82 80 C1 C9 93 07 F0 07
63 F3 C7 06 93 07 06 F8 13 07 F0 77 63 71 F7 06
BD 67 93 87 F7 7F 13 07 06 80 63 FA E7 06 C1 77
B2 97 37 07 10 00 63 FA E7 08 13 57 C6 00 93 57
66 00 93 56 26 01 13 77 F7 03 93 F7 F7 03 13 76
F6 03 13 67 07 F8 93 E7 07 F8 93 E6 06 FF 13 66
06 F8 A3 80 E5 00 23 81 F5 00 23 80 D5 00 A3 81
C5 00 11 45 82 80 23 80 C5 00 05 45 82 80 93 57
66 00 13 76 F6 03 93 E7 07 FC 13 66 06 F8 23 80
F5 00 A3 80 C5 00 09 45 82 80 01 45 82 80 93 57
66 00 13 57 C6 00 93 F7 F7 03 13 76 F6 03 93 E7
07 F8 13 67 07 FE 13 66 06 F8 A3 80 F5 00 23 80
E5 00 23 81 C5 00 0D 45 82 80 93 07 A0 08 1C C1
7D 55 82 80 A1 CD 93 57 86 00 93 F7 F7 0F B9 C3
13 87 F7 07 13 77 F7 0F 13 37 F7 01 01 EB 13 87
07 02 13 77 F7 0F 13 37 07 01 1D CB 13 07 06 FC
13 77 F7 0F 13 37 F7 03 01 EB 13 07 06 F8 13 77
F7 0F 13 37 D7 07 09 CF 23 80 F5 00 A3 80 C5 00
09 45 82 80 23 80 C5 00 05 45 82 80 01 45 82 80
93 07 A0 08 1C C1 7D 55 82 80 A5 C5 93 57 86 00
93 F7 F7 0F B9 CB 13 87 27 07 13 77 F7 0F 93 86
F7 05 13 37 27 00 93 F6 F6 0F 01 E7 13 B7 E6 05
29 CB 13 07 F6 05 13 77 F7 0F 13 08 D0 05 63 7C
E8 02 63 60 D8 04 13 66 06 F8 13 07 F6 05 13 77
F7 0F 63 68 E8 02 13 07 F0 F8 A3 80 F5 00 23 81
C5 00 23 80 E5 00 0D 45 82 80 23 80 C5 00 05 45
82 80 01 45 82 80 23 80 F5 00 A3 80 C5 00 09 45
82 80 93 07 A0 08 1C C1 7D 55 82 80 C1 C1 93 57
86 00 93 F7 F7 0F B1 C7 13 87 F7 FD 13 77 F7 0F
13 08 D0 05 63 66 E8 06 13 07 F6 FD 13 77 F7 0F
63 60 E8 06 98 42 09 45 05 E3 05 47 98 C2 6D 45
93 06 40 02 13 07 20 04 23 80 A5 00 A3 80 D5 00
23 81 E5 00 15 45 8D 05 23 80 F5 00 A3 80 C5 00
82 80 9C 42 05 45 85 C3 23 A0 06 00 13 07 80 02
ED 46 93 07 20 04 23 80 D5 00 A3 80 E5 00 23 81
F5 00 11 45 8D 05 23 80 C5 00 82 80 05 45 82 80
93 07 A0 08 1C C1 7D 55 82 80 79 71 22 D4 06 D6
2A 84 8D C2 36 C6 97 B7 00 00 83 A7 67 96 9D C1
22 85 82 97 FD 57 B2 46 63 06 F5 02 B2 50 22 54
45 61 82 80 93 06 45 10 36 C6 97 B7 00 00 83 A7
27 94 F9 FD 01 46 4C 08 22 85 82 97 FD 57 B2 46
E3 1E F5 FC 23 A0 06 00 93 07 A0 08 B2 50 1C C0
22 54 45 61 82 80 79 71 22 D4 17 B4 00 00 03 24
64 DC 06 D6 93 06 44 10 11 C2 B2 86 97 B7 00 00
83 A7 07 90 11 CD 2E 86 AA 85 22 85 36 C6 82 97
FD 57 B2 46 63 0F F5 00 B2 50 22 54 45 61 82 80
01 46 4C 08 22 85 36 C6 82 97 FD 57 B2 46 E3 15
F5 FE 23 A0 06 00 93 07 A0 08 B2 50 1C C0 22 54
45 61 82 80 BA 87 36 87 FD 56 6F 00 B0 01 AA 88
17 B5 00 00 03 25 05 D6 32 87 B6 87 2E 86 FD 56
C6 85 6F 00 30 00 97 A7 00 00 93 87 A7 14 23 26
F5 0E 82 80 41 11 06 C6 4A C0 C9 C9 22 C4 26 C2
2E 84 AA 84 19 C1 5C 59 DD C3 7C 50 03 17 C4 00
85 8B B5 EB 13 77 07 20 51 CF A2 85 26 85 EF A0
1F A5 5C 54 2A 89 91 C7 4C 4C 26 85 82 97 63 45
05 06 83 57 C4 00 93 F7 07 08 AD E7 0C 58 91 C9
93 07 04 04 63 85 F5 00 26 85 EF D0 5F 8F 23 28
04 02 6C 40 91 C5 26 85 EF D0 7F 8E 23 22 04 04
EF B0 AF 80 7C 50 23 16 04 00 85 8B BD C3 28 4C
EF 80 AF BA EF B0 2F 80 B2 40 22 44 92 44 4A 85
02 49 41 01 82 80 51 FB 22 44 92 44 B2 40 01 49
4A 85 02 49 41 01 82 80 83 57 C4 00 7D 59 93 F7
07 08 C9 DF 0C 48 26 85 EF D0 7F 89 41 BF EF A0
BF F6 A1 BF 28 4C EF 80 8F B6 83 17 C4 00 B1 FF
7C 50 85 8B F1 F3 28 4C EF 80 2F B6 22 44 92 44
75 BF 28 4C EF 80 6F B5 59 BF AA 85 17 B5 00 00
03 25 45 C5 6F F0 1F F1 83 97 C5 00 13 F7 27 00
01 CB 93 87 35 04 05 47 9C C1 9C C9 D8 C9 82 80
2E 87 83 95 E5 00 19 71 A2 DC 86 DE 2A 84 63 C6
05 06 30 08 3A C4 29 29 22 47 63 4E 05 04 93 05
00 40 22 85 A6 DA 3A C4 F2 44 EF D0 7F B1 22 47
83 17 C7 00 41 C5 93 06 00 40 93 E7 07 08 54 CB
93 D6 C4 40 23 16 F7 00 08 C3 08 CB BD 8A 09 46
63 96 C6 08 83 15 E7 00 22 85 3A C4 01 29 22 47
83 17 C7 00 25 CD F1 9B 85 66 D6 54 93 E7 17 00
93 86 06 80 2D A8 83 17 C7 00 93 F7 07 08 93 B7
17 00 B3 07 F0 40 93 F5 07 3C 93 85 05 04 22 85
3A C6 2E C4 EF D0 DF AA 32 47 A2 45 83 17 C7 00
19 CD 93 E7 07 08 08 C3 08 CB 4C CB 81 46 D5 8F
23 16 F7 00 F6 50 66 54 09 61 82 80 D6 54 93 F6
07 20 ED FA F1 9B 93 06 37 04 93 E7 27 00 05 46
23 16 F7 00 14 C3 14 CB 50 CB E9 BF 85 66 D6 54
93 86 06 80 E9 B7 AE 87 83 95 E5 00 32 87 63 CD
05 04 19 71 32 C4 30 08 36 C6 3E C2 86 DE 0D 2E
92 47 22 47 B2 46 63 43 05 02 F2 47 BD 65 79 76
ED 8F B2 97 F6 50 93 B7 17 00 9C C2 13 06 00 40
05 65 10 C3 13 05 05 80 09 61 82 80 83 D7 C7 00
93 F7 07 08 8D C7 F6 50 81 47 9C C2 13 06 00 04
10 C3 01 45 09 61 82 80 83 D7 C7 00 93 F7 07 08
99 EF 13 06 00 40 9C C2 01 45 10 C3 82 80 F6 50
9C C2 13 06 00 40 10 C3 01 45 09 61 82 80 81 47
13 06 00 04 9C C2 01 45 10 C3 82 80 AA 86 17 A8
00 00 13 08 38 EB 05 46 31 A0 63 92 A7 04 1D CD
85 06 85 05 83 C7 06 00 33 07 F8 00 03 47 07 00
0D 8B 63 14 C7 00 93 87 07 02 03 C5 05 00 33 07
A8 00 03 47 07 00 B3 88 A7 40 0D 8B E3 17 C7 FC
13 07 05 02 33 85 E7 40 E3 84 E7 FC 82 80 46 85
82 80 41 11 22 C4 06 C6 93 77 35 00 2A 84 A9 E7
18 41 37 06 FF FE 13 06 F6 EF B3 07 C7 00 B7 86
80 80 13 47 F7 FF F9 8F 93 86 06 08 F5 8F 8D E7
58 41 11 05 B3 07 C7 00 13 47 F7 FF F9 8F F5 8F
81 EF 58 41 11 05 B3 07 C7 00 13 47 F7 FF F9 8F
F5 8F F9 DF 11 A0 05 05 83 47 05 00 ED FF EF C0
2F 9E B2 40 22 85 22 44 41 01 82 80 93 F6 F5 0F
93 77 35 00 C9 CA 91 CB 83 47 05 00 D9 C3 63 83
D7 08 05 05 93 77 35 00 E5 FB 93 F5 F5 0F 93 98
85 00 18 41 AE 98 93 97 08 01 BE 98 37 08 FF FE
B3 C7 E8 00 13 08 F8 EF B3 85 07 01 13 C6 F7 FF
B3 07 07 01 13 47 F7 FF 6D 8E F9 8F 37 83 80 80
D1 8F 13 03 03 08 B3 F7 67 00 8D EB 58 41 11 05
B3 47 17 01 93 C5 F7 FF 33 86 07 01 B3 07 07 01
13 47 F7 FF 6D 8E F9 8F D1 8F B3 F7 67 00 F9 DF
83 47 05 00 99 C7 63 81 F6 06 05 05 83 47 05 00
FD FB 01 45 82 80 81 CB 83 47 05 00 E5 DF 05 05
93 77 35 00 F5 FB 18 41 37 06 FF FE 13 06 F6 EF
B3 07 C7 00 B7 86 80 80 13 47 F7 FF F9 8F 93 86
06 08 F5 8F 91 EB 58 41 11 05 B3 07 C7 00 13 47
F7 FF F9 8F F5 8F E5 DB 83 47 05 00 C5 DF 83 47
15 00 05 05 ED FF 82 80 82 80 AE 87 09 EA 21 A8
03 C7 07 00 85 07 05 05 A3 0F E5 FE 09 CB 7D 16
65 FA 23 00 05 00 03 C7 07 00 85 07 6D FF 33 85
B7 40 7D 15 82 80 2A 87 21 C6 2A 96 97 A8 00 00
93 88 58 CD 05 48 83 47 07 00 05 07 B3 86 F8 00
83 C6 06 00 8D 8A 63 94 06 01 93 87 07 02 03 C5
05 00 85 05 B3 86 A8 00 83 C6 06 00 33 83 A7 40
8D 8A 63 8B 06 01 63 97 A7 00 11 C5 E3 15 C7 FC
01 45 82 80 1A 85 82 80 93 06 05 02 33 85 D7 40
E3 86 D7 FE 82 80 25 CA B3 67 B5 00 8D 8B A1 E3
37 03 FF FE B7 88 80 80 0D 4E 13 03 F3 EF 93 88
08 08 63 6A CE 00 25 A0 71 16 31 C6 A9 E7 11 05
91 05 63 7E CE 00 18 41 94 41 B3 07 67 00 13 48
F7 FF B3 F7 07 01 B3 F7 17 01 E3 0F D7 FC 83 47
05 00 03 C7 05 00 7D 16 2A 96 63 8B E7 00 31 A8
05 05 91 CB 83 47 05 00 03 C7 05 00 63 97 E7 00
85 05 E3 17 C5 FE 01 45 82 80 33 85 E7 40 82 80
AE 87 41 11 22 C4 B2 85 2A 84 3E 85 06 C6 97 B7
00 00 23 A5 07 B4 EF 10 90 1F FD 57 63 06 F5 00
B2 40 22 44 41 01 82 80 97 B7 00 00 83 A7 07 B3
E5 DB B2 40 1C C0 22 44 41 01 82 80 41 11 22 C4
2A 84 2E 85 97 B7 00 00 23 AA 07 B0 06 C6 EF 10
F0 1F FD 57 63 06 F5 00 B2 40 22 44 41 01 82 80
97 B7 00 00 83 A7 87 AF E5 DB B2 40 1C C0 22 44
41 01 82 80 41 11 22 C4 2A 84 2E 85 97 B7 00 00
23 AE 07 AC 06 C6 EF 10 30 25 FD 57 63 06 F5 00
B2 40 22 44 41 01 82 80 97 B7 00 00 83 A7 07 AC
E5 DB B2 40 1C C0 22 44 41 01 82 80 17 A5 00 00
03 25 45 75 82 80 97 A7 00 00 83 A7 A7 74 41 11
32 88 06 C6 AA 88 2E 87 C8 47 36 86 97 97 00 00
93 87 07 48 63 0A 08 00 C6 86 97 95 00 00 93 85
25 48 15 24 EF 10 E0 57 97 97 00 00 93 87 47 0A
3E 88 DD B7 41 11 B2 86 01 46 06 C6 EF F0 BF FB
B3 B7 C5 02 01 11 06 CE B3 85 C5 02 A5 EF EF D0
2F E0 AA 87 25 CD 03 26 C5 FF 93 06 40 02 71 9A
71 16 63 EF C6 02 CD 45 2A 87 63 F1 C5 02 23 20
05 00 23 22 05 00 6D 47 63 7D C7 02 23 24 05 00
23 26 05 00 13 07 05 01 63 07 D6 04 23 20 07 00
23 22 07 00 23 24 07 00 F2 40 3E 85 05 61 82 80
81 45 2A C6 EF 70 BF 99 B2 47 F2 40 3E 85 05 61
82 80 13 07 85 00 23 20 07 00 23 22 07 00 23 24
07 00 D9 BF EF F0 9F F2 B1 47 1C C1 F2 40 81 47
3E 85 05 61 82 80 23 28 05 00 23 2A 05 00 13 07
85 01 6D B7 17 B5 00 00 13 05 85 99 6F 70 3F D4
17 B5 00 00 13 05 C5 98 6F 70 3F D4 1D 71 CA C8
CE C6 D2 C4 DA C0 5E DE 6E D6 86 CE A2 CC A6 CA
D6 C2 62 DC 66 DA 6A D8 2A C6 B6 8B BA 8D AE 89
32 8B 42 8A 13 09 C5 10 91 C3 3E 89 63 85 09 0A
01 4C 83 24 0B 00 4E 84 FD 5A 63 7E BC 03 63 8C
0B 02 83 27 0A 0E 90 40 32 45 CA 86 4C 08 03 2D
09 00 83 2C 49 00 82 97 63 01 55 09 B3 07 85 01
63 E5 FD 08 FD 1B 63 98 09 02 98 40 91 04 39 CB
3E 8C E3 66 BC FD F6 40 66 44 D6 44 46 49 B6 49
26 4A 96 4A 06 4B F2 5B D2 5C 42 5D B2 5D 62 85
62 5C 25 61 82 80 63 5E A0 00 22 95 22 86 4C 08
83 C8 05 00 05 06 85 05 A3 0F 16 FF E3 1A A6 FE
32 84 03 27 0B 00 91 04 11 07 23 20 EB 00 03 A7
C4 FF 5D F7 63 84 09 00 23 20 0B 00 23 20 09 00
13 8C F7 FF 4D B7 FD 5D A1 BF 32 47 93 07 A0 08
56 8C 1C C3 23 20 09 00 79 B7 23 20 A9 01 23 22
99 01 51 B7 17 A5 00 00 03 25 C5 54 17 A8 00 00
13 08 08 FB 6F F0 9F EF 2A 8E 17 A5 00 00 03 25
65 53 BA 87 17 A8 00 00 13 08 88 F9 36 87 B2 86
2E 86 F2 85 6F F0 9F ED 39 71 13 03 C1 02 36 D6
9A 86 06 CE 3A D8 3E DA 42 DC 46 DE 1A C6 25 28
F2 40 21 61 82 80 39 71 AA 8E 17 A5 00 00 03 25
65 4F 13 03 81 02 2E 8E 32 D4 36 D6 F6 85 72 86
9A 86 06 CE 3A D8 3E DA 42 DC 46 DE 1A C6 21 20
F2 40 21 61 82 80 4D 71 23 20 21 15 23 28 61 13
23 22 91 13 2A 89 2E 8B B2 8C 88 08 21 46 81 45
23 26 71 13 23 26 11 14 B6 8B EF 70 4F FA 63 06
09 00 03 27 49 03 E3 0C 07 72 83 26 4B 06 03 17
CB 00 13 F6 16 00 63 0D 06 30 13 16 27 01 E3 4B
06 3A 79 76 7D 16 89 65 F1 8E 4D 8F 23 22 DB 06
23 16 EB 00 13 97 26 01 63 54 07 00 6F 10 C0 1B
03 17 CB 00 93 76 87 00 63 8A 06 1A 83 26 0B 01
63 86 06 1A 93 76 A7 01 29 46 63 8F C6 1A 23 24
81 13 13 0C C1 06 23 24 81 14 23 2E 31 13 23 2C
41 13 23 2A 51 13 23 20 A1 13 23 2E B1 11 23 22
91 14 82 D4 82 D2 E2 D0 62 84 02 CA 02 D4 02 D6
02 C6 97 A9 00 00 93 89 A9 E7 93 0A 50 02 17 AD
00 00 13 0D 6D 90 41 4A E6 8D EE 8C 83 A4 49 0E
EF B0 FF 85 AA 86 98 08 66 86 AC 00 4A 85 82 94
63 0C 05 1A 63 42 05 1A A6 47 63 84 57 01 AA 9C
F1 BF AA 84 B3 87 BC 41 63 95 BC 1B 03 C7 1C 00
93 8D 1C 00 A3 01 01 04 FD 56 01 43 93 04 A0 05
81 4C 85 0D 93 07 07 FE 63 ED F4 02 8A 07 EA 97
9C 43 EA 97 82 87 93 07 07 FD 81 4C 25 46 13 97
2C 00 85 0D B3 08 97 01 03 C7 FD FF 86 08 B3 8C
17 01 93 07 07 FD E3 74 F6 FE 93 07 07 FE E3 F7
F4 FC E6 88 63 09 07 16 05 4F 23 06 E1 0A A3 01
01 04 FA 8E 02 C8 81 46 13 0E C1 0A A6 55 16 56
93 72 43 08 2E 87 B2 87 63 96 02 04 B3 8C D8 41
E3 40 90 1D 03 46 31 04 31 C2 81 42 81 4F 13 06
31 04 05 07 85 07 85 45 10 C0 4C C0 BA D4 BE D2
1D 46 21 04 63 4E F6 1C 63 8E 0F 00 D0 00 10 C0
09 07 09 46 85 07 50 C0 BA D4 BE D2 1D 46 21 04
E3 45 F6 10 13 06 00 08 63 8E C2 76 B3 8C E6 41
E3 48 90 03 7A 97 85 07 23 20 C4 01 23 22 E4 01
BA D4 BE D2 9D 46 21 04 E3 C0 F6 0C 13 73 43 00
63 06 03 00 B3 8C D8 41 63 4E 90 1B 63 D3 D8 01
F6 88 B2 47 C6 97 3E C6 65 E3 C2 47 82 D2 89 C7
C2 45 4A 85 EF C0 BF EB 62 84 45 BD DA 85 4A 85
EF A0 BF AC 19 C1 6F 10 60 00 03 17 CB 00 29 46
93 76 A7 01 E3 95 C6 E4 83 16 EB 00 E3 C1 06 E4
83 26 4B 06 85 8A 89 E6 13 77 07 20 E3 0C 07 62
DE 86 66 86 DA 85 4A 85 EF 10 00 02 83 20 C1 14
2A C6 32 45 03 29 01 14 03 2B 01 13 83 2B C1 12
83 2C 41 12 71 61 82 80 03 C7 0D 00 59 BD 03 C7
0D 00 13 63 03 02 71 B5 21 46 81 45 88 08 EF 70
0F D3 05 45 AA 9C 1D BD AA 84 B3 87 BC 41 63 84
BC 03 A6 56 16 57 23 20 B4 01 BE 96 05 07 5C C0
B6 D4 BA D2 9D 46 21 04 63 CE E6 00 32 47 BA 97
3E C6 E3 9D 04 E2 A6 57 E3 9B 07 6C 83 17 CB 00
82 D2 0D A8 90 10 DA 85 4A 85 3E C8 EF 90 FF EF
05 E1 C2 47 62 84 D9 BF 90 10 DA 85 4A 85 EF 90
DF EE 01 DD C2 47 89 C7 C2 45 4A 85 EF C0 3F DD
83 17 CB 00 03 27 4B 06 05 8B 63 0C 07 12 93 F7
07 04 E3 9E 07 6A 03 24 81 14 83 24 41 14 83 29
C1 13 03 2A 81 13 83 2A 41 13 03 2C 81 12 03 2D
01 12 83 2D C1 11 83 20 C1 14 32 45 03 29 01 14
03 2B 01 13 83 2B C1 12 83 2C 41 12 71 61 82 80
13 76 07 20 63 07 06 22 13 16 27 01 E3 53 06 CE
13 96 26 01 E3 50 06 D0 83 57 CB 00 93 F7 07 20
E3 9F 07 66 03 25 8B 05 EF 70 3F 84 6F 00 30 67
90 10 DA 85 4A 85 7A DE 36 DC 1A DA 72 D8 16 D2
7E D0 76 CE 46 CC EF 90 5F E4 29 FD 26 57 96 57
72 5F E2 56 52 53 42 5E 92 52 82 5F F2 4E E2 48
62 84 DD BB C1 46 96 57 97 94 00 00 93 84 84 78
63 DA 96 05 22 86 1D 43 46 CC 17 94 00 00 13 04
64 77 F6 84 21 A0 C1 1C 63 DA 96 03 41 07 85 07
00 C2 54 C2 BA D4 BE D2 21 06 E3 56 F3 FE 90 10
DA 85 4A 85 EF 90 7F DE E3 1E 05 EE C1 46 C1 1C
26 57 96 57 62 86 1D 43 E3 CA 96 FD E2 48 A6 8E
A2 84 32 84 66 97 85 07 BA D4 BE D2 04 C0 23 22
94 01 9D 46 E3 DC F6 DC 90 10 DA 85 4A 85 76 CE
46 CC EF 90 9F DA E3 1F 05 EA 26 57 F2 4E E2 48
75 BB 13 F7 07 20 E3 14 07 EC 03 25 8B 05 EF 70
CF F6 83 17 CB 00 65 BD 93 77 03 02 E6 88 63 98
07 14 93 77 03 01 83 AC 0B 00 13 87 4B 00 E3 98
07 00 93 77 03 04 E3 85 07 32 C2 0C 93 DC 0C 41
93 D4 FC 41 BA 8B 26 87 63 4E 07 12 63 CB 06 14
13 73 F3 F7 63 97 06 14 B3 E7 9C 00 63 93 07 14
83 47 31 04 02 C8 01 4F 81 46 13 0E 01 11 63 8B
07 1A 85 4E 26 57 96 57 93 72 43 08 BA 85 3E 86
E3 8E 02 CA 81 4F E1 B1 83 A7 0B 00 A3 01 01 04
E6 88 3E C8 91 0B E3 80 07 2A 93 07 30 05 E3 07
F7 0E 93 77 03 01 E3 93 07 0E E3 C4 06 34 42 45
36 86 81 45 1A D0 36 CC 66 CE EF A0 5F 8E 83 47
31 04 E2 46 F2 48 02 53 E3 0D 05 4E 42 47 33 0F
E5 40 93 4E FF FF 93 DE FE 41 B3 7E DF 01 E3 8B
07 46 3A 8E 85 0E 81 46 02 C8 69 B7 93 07 30 04
E6 88 63 06 F7 00 93 77 03 01 63 84 07 7E 21 46
81 45 A8 08 1A CC 46 C8 EF 70 6F A7 03 A6 0B 00
64 11 B4 08 A6 85 4A 85 EF F0 2F 94 FD 57 C2 48
62 43 2A 8F E3 07 F5 44 93 4E F5 FF 93 DE FE 41
B3 7E D5 01 91 0B A3 01 01 04 26 8E 02 C8 81 46
F5 B6 03 25 8B 05 EF 70 8F E2 03 17 CB 00 83 26
4B 06 13 16 27 01 E3 4F 06 AA 65 B4 93 77 03 02
E6 88 13 63 03 01 13 87 4B 00 63 8A 07 6C 93 87
7B 00 E1 9B D8 43 83 AC 07 00 93 8B 87 00 BA 84
E3 56 07 EC B3 37 90 01 B3 04 90 40 9D 8C 93 07
D0 02 A3 01 F1 04 B3 0C 90 41 63 C4 06 00 13 73
F3 F7 CD E4 A5 47 63 E3 97 0B 93 8C 0C 03 A3 07
91 11 B6 8E 63 5F D0 6A 83 47 31 04 63 91 07 60
02 C8 05 4F 13 0E F1 10 95 B6 83 AC 0B 00 63 D7
0C 5C B3 0C 90 41 91 0B 03 C7 0D 00 13 63 43 00
CD BC 93 07 B0 02 03 C7 0D 00 A3 01 F1 04 D5 B4
93 77 03 02 E6 88 13 63 03 01 13 87 4B 00 95 EB
A3 01 01 04 83 AC 0B 00 81 44 BA 8B E3 CC 06 F8
13 73 F3 F7 D9 F6 B3 E7 9C 00 C1 F7 02 C8 01 4F
13 0E 01 11 81 4E 19 B6 93 77 03 02 E6 88 63 85
07 5C 93 87 7B 00 E1 9B A3 01 01 04 83 AC 07 00
C4 43 93 8B 87 00 E3 D5 06 FC A9 DC 37 D7 CC CC
B7 DE CC CC 13 07 D7 CC 93 8E CE CC 13 7F 03 40
81 45 10 0A 95 A0 D2 47 83 C7 07 00 63 96 B7 00
93 87 17 F0 E3 93 07 08 E6 8F 26 88 72 86 33 85
9C 00 B3 37 95 01 3E 95 B3 37 E5 02 93 D2 27 00
F1 9B 96 97 1D 8D 33 85 AC 40 B3 B7 AC 00 B3 87
F4 40 B3 03 D5 03 B3 87 E7 02 B3 32 E5 02 9E 97
33 05 E5 02 96 97 93 92 F7 01 93 D4 17 00 05 81
B3 8C A2 00 E3 0E 08 26 33 85 9C 00 B3 37 95 01
AA 97 33 B8 E7 02 85 05 13 0E F6 FF 93 5F 28 00
13 78 C8 FF 7E 98 B3 87 07 41 B3 87 FC 40 33 B8
FC 00 33 88 04 41 B3 BF E7 02 33 08 E8 02 B3 87
E7 02 7E 98 7E 08 85 83 C2 97 13 98 27 00 C2 97
86 07 B3 87 FC 40 93 87 07 03 A3 0F F6 FE E3 14
0F F4 E6 8F 26 88 72 86 A9 BF A1 67 93 87 07 83
23 12 F1 04 A3 01 01 04 83 A7 0B 00 E6 88 13 87
4B 00 01 46 63 CD 06 52 13 73 F3 F7 13 63 23 00
BA 8B E3 97 07 28 E3 95 06 28 26 57 96 57 81 4E
93 72 43 08 13 0E 01 11 01 4F 89 0E BA 85 3E 86
63 82 02 56 02 C8 DD BA 93 77 03 02 E6 88 63 98
07 4E 13 76 03 01 83 A7 0B 00 13 87 4B 00 63 1A
06 4C 13 76 03 04 63 0C 06 7A C2 07 C1 83 BA 8B
9A 8E 01 46 A5 A8 93 77 03 02 13 87 4B 00 63 90
07 4A 93 77 03 01 63 99 07 76 93 77 03 04 63 9E
07 7E 13 73 03 20 63 01 03 76 83 A7 0B 00 B2 46
BA 8B 23 80 D7 00 55 B8 03 C7 0D 00 93 07 C0 06
63 04 F7 52 13 63 03 01 ED B0 03 C7 0D 00 93 07
80 06 63 04 F7 50 13 63 03 04 E1 B8 93 77 03 02
E6 88 93 6E 03 01 13 87 4B 00 63 8D 07 44 13 87
7B 00 61 9B 1C 43 50 43 93 0B 87 00 A3 01 01 04
13 F3 FE BF 63 CD 06 28 33 E7 C7 00 13 F3 FE B7
63 17 07 28 63 95 06 28 93 FE 1E 00 63 85 0E 36
93 07 00 03 A3 07 F1 10 76 8F 02 C8 13 0E F1 10
F1 B8 4A 85 36 CC 1A C8 EF B0 6F 8B 5C 41 3E 85
3E D6 EF 70 AF B1 2A D4 4A 85 EF B0 4F 8A 18 45
A2 57 42 43 3A CA E2 46 03 C7 0D 00 E3 8B 07 84
D2 47 E3 88 07 84 83 C7 07 00 E3 84 07 84 13 63
03 40 6F F0 1F 84 03 C7 0D 00 13 63 03 08 6F F0
5F 83 03 C7 0D 00 93 07 A0 02 13 86 1D 00 E3 05
F7 14 93 07 07 FD A5 45 81 46 63 E0 F5 02 13 97
26 00 05 06 BA 96 03 47 F6 FF 86 06 BE 96 93 07
07 FD E3 F6 F5 FE 63 CE 06 40 B2 8D 6F F0 8F FF
03 C7 0D 00 13 63 13 00 6F F0 AF FE 83 47 31 04
03 C7 0D 00 63 9F 07 FC 93 07 00 02 A3 01 F1 04
6F F0 2F FD B3 8C D8 41 E3 52 90 89 C1 42 97 94
00 00 93 84 24 1E 63 D2 92 07 36 D8 9D 43 A2 86
46 CC 66 84 76 CE DE 8C 72 D0 1A D2 FA 8B 21 A0
41 14 63 DB 82 02 41 07 85 07 84 C2 23 A2 56 00
BA D4 BE D2 A1 06 E3 D5 F3 FE 90 10 DA 85 4A 85
EF 90 BF 84 E3 10 05 96 C1 42 41 14 26 57 96 57
E2 86 9D 43 E3 C9 82 FC 5E 8F E2 48 E6 8B F2 4E
A2 8C 02 5E 36 84 12 53 C2 56 66 97 85 07 04 C0
23 22 94 01 BA D4 BE D2 1D 46 21 04 E3 50 F6 80
90 10 DA 85 4A 85 7A DA 36 D8 1A D2 72 D0 76 CE
46 CC EF 90 8F FF E3 17 05 90 26 57 96 57 52 5F
C2 56 12 53 02 5E F2 4E E2 48 62 84 6F F0 0F FD
97 94 00 00 93 84 04 13 63 5F 9A 05 22 86 9D 46
66 84 46 CC DE 8C 76 CE 72 D0 1A D2 FA 8B 21 A0
41 14 63 5A 8A 02 41 07 85 07 04 C2 23 22 46 01
BA D4 BE D2 21 06 E3 D5 F6 FE 90 10 DA 85 4A 85
EF 90 AF F9 E3 18 05 8A 41 14 26 57 96 57 62 86
9D 46 E3 4A 8A FC E2 48 F2 4E 02 5E 12 53 5E 8F
E6 8B A2 8C 32 84 66 97 85 07 04 C0 23 22 94 01
BA D4 BE D2 9D 46 21 04 63 DE F6 F4 90 10 DA 85
4A 85 7A D8 1A D2 72 D0 76 CE 46 CC EF 90 EF F4
E3 12 05 86 26 57 96 57 42 5F 12 53 02 5E F2 4E
E2 48 62 84 6F F0 0F F3 90 10 DA 85 4A 85 1A D0
76 CE 46 CC EF 90 6F F2 E3 1E 05 82 26 57 02 53
F2 4E E2 48 62 84 6F F0 6F F2 90 10 DA 85 4A 85
7A DC 36 DA 1A D8 72 D2 16 D0 76 CE 46 CC EF 90
CF EF E3 19 05 80 26 57 96 57 62 5F D2 56 42 53
12 5E 82 52 F2 4E E2 48 62 84 6F F0 AF EC 13 0E
01 11 93 15 D6 01 13 F7 77 00 8D 83 72 85 AE 97
13 07 07 03 0D 82 B3 E5 C7 00 A3 0F EE FE 7D 1E
ED F1 13 07 07 FD 01 C7 93 77 13 00 F5 E7 1C 0A
33 8F C7 41 B6 8E 63 CD E6 0D 02 C8 6F F0 0F E3
81 4F 41 47 B2 87 97 94 00 00 93 84 A4 FF 63 53
97 07 36 DA 9D 43 A2 86 46 CC 66 84 76 CE DE 8C
7E D0 72 D2 1A D8 FA 8B 21 A0 41 14 63 5A 87 02
C1 05 85 07 84 C2 D8 C2 AE D4 BE D2 A1 06 E3 D6
F3 FE 90 10 DA 85 4A 85 EF 90 2F E5 63 14 05 F6
41 47 41 14 A6 55 96 57 E2 86 9D 43 E3 4A 87 FC
5E 8F E2 48 E6 8B F2 4E A2 8C 82 5F 36 84 12 5E
42 53 D2 56 33 87 BC 00 85 07 BA D4 BE D2 04 C0
23 22 94 01 1D 46 63 49 F6 30 03 46 31 04 21 04
0D EE 63 8D 0F DE 81 42 6F F0 4F DD 03 C7 0D 00
91 0B 6F F0 0F D3 01 4F 81 46 02 C8 13 0E 01 11
6F F0 CF D7 13 96 26 01 63 56 06 C6 CD AB 85 0E
02 C8 05 4F 13 0E F1 10 75 B0 81 42 6F F0 2F D8
FA 8E 02 C8 6F F0 8F D5 79 15 93 07 00 03 18 0A
33 0F A7 40 A3 0F FE FE B6 8E 63 D3 E6 01 FA 8E
2A 8E 02 C8 6F F0 8F D3 93 7E 03 01 83 AC 0B 00
13 87 4B 00 E3 9E 0E 9E 93 77 03 04 63 81 07 24
C2 0C A3 01 01 04 93 DC 0C 01 81 44 63 C4 06 24
13 73 F3 F7 63 90 06 24 B3 E7 9C 00 63 9C 07 22
BA 8B 01 4F 02 C8 13 0E 01 11 6F F0 2F CF 83 AC
0B 00 BA 8B 93 D4 FC 41 26 87 6F F0 EF FF B2 46
83 A7 0B 00 32 46 FD 86 D4 C3 90 C3 BA 8B 6F F0
CF C2 9A 8E 83 A7 0B 00 01 46 BA 8B 45 BE 9A 8E
79 BE 83 47 31 04 85 4E E3 84 07 94 89 B7 13 63
23 00 BA 8B 09 45 97 85 00 00 93 85 A5 23 13 0E
01 11 13 F7 F7 00 2E 97 03 47 07 00 91 83 7D 1E
23 00 EE 00 13 17 C6 01 BA 97 11 82 33 E7 C7 00
6D F3 1C 0A 33 8F C7 41 FA 8E 63 53 DF 00 B6 8E
45 C1 26 57 96 57 93 72 43 08 89 0E BA 85 3E 86
E3 92 02 AA B3 8C D8 41 02 C8 63 59 90 C9 89 4F
0D B5 83 A7 0B 00 85 4E 76 8F 23 06 F1 0A 64 11
91 B0 FD 56 B2 8D 6F F0 EF BD 03 C7 1D 00 13 63
03 20 85 0D 6F F0 EF BC 03 C7 1D 00 13 63 03 02
85 0D 6F F0 0F BC E6 88 97 85 00 00 93 85 C5 1B
93 77 03 02 63 83 07 14 13 86 7B 00 61 9A 1C 42
93 0B 86 00 50 42 13 75 13 00 33 EE C7 00 19 C1
63 1D 0E 18 A3 01 01 04 63 C4 06 14 13 73 F3 B7
63 92 06 48 63 10 0E 48 01 4F 13 0E 01 11 81 4E
26 57 96 57 93 72 43 08 BA 85 3E 86 63 89 02 4A
03 46 31 04 02 C8 81 4F 63 1B 06 BC 6F F0 8F C0
E6 88 97 85 00 00 93 85 E5 13 59 BF C2 47 A8 08
21 46 81 45 36 D0 1A CE 46 CC BE C6 EF 60 3F 9E
82 56 E2 48 72 43 63 CF 06 1C 81 44 22 CE DA 8C
26 84 1A D0 36 8B 0D A0 B4 08 6C 11 4A 85 EF E0
DF 89 FD 57 63 06 F5 3A B3 07 A4 00 63 4A FB 00
91 04 63 82 67 3F 3E 84 B6 47 A6 97 90 43 69 FE
A2 86 E2 48 72 44 02 53 66 8B 63 8F 06 1A 93 07
30 06 63 C9 D7 22 02 C8 13 0E C1 0A 21 46 81 45
A8 08 1A D2 72 CC 46 D0 36 CE EF 60 5F 97 F2 46
E2 45 B8 08 F0 00 4A 85 EF E0 DF 8F F2 46 62 4E
82 58 12 53 63 95 A6 3E B3 07 DE 00 23 80 07 00
83 47 31 04 93 CE F6 FF 93 DE FE 41 B3 FE D6 01
36 8F 63 86 07 30 85 0E 81 46 6F F0 AF E2 93 77
03 20 A3 01 01 04 63 8A 07 16 93 FC FC 0F 81 44
E3 D0 06 DC BA 8B 6F F0 CF F3 13 76 03 01 83 A7
0B 00 91 0B 01 EE 13 76 03 04 09 C6 C2 07 C1 83
01 46 55 BD 13 76 03 20 63 11 06 16 01 46 65 B5
13 73 F3 BF 01 45 E5 BB 90 10 DA 85 4A 85 7A DC
36 DA 1A D8 72 D2 7E D0 76 CE 46 CC EF 90 EF AE
AA 82 63 11 05 C0 03 46 31 04 26 57 96 57 E2 48
F2 4E 82 5F 12 5E 42 53 D2 56 62 5F 62 84 63 10
06 A8 63 9D 0F A8 6F F0 6F AB A3 02 E1 04 13 07
00 03 A3 01 01 04 23 02 E1 04 63 C7 06 08 13 73
F3 B7 13 63 23 00 09 45 59 BB 63 9B 04 14 A5 47
63 E8 97 15 1C 0A 33 8F C7 41 B6 8E 83 47 31 04
63 D3 E6 01 FA 8E B3 37 F0 00 BE 9E 91 B5 4A 85
EF 90 9F 84 6F F0 6F 8C 83 A7 0B 00 B2 46 BA 8B
94 C3 6F F0 8F 95 99 47 B6 8E 63 EE D7 06 76 8F
81 46 17 8E 00 00 13 0E 6E FA 6F F0 2F 9E 13 76
03 20 41 CA 93 F7 F7 0F BA 8B 9A 8E 01 46 7D B8
93 77 03 20 AD CB E2 0C 93 DC 8C 41 93 D4 FC 41
BA 8B 26 87 6F F0 4F CD 13 73 F3 BF 13 63 23 00
09 45 31 B3 81 46 B8 08 F0 00 81 45 4A 85 1A CE
46 CC EF E0 2F F8 FD 57 E2 48 72 43 AA 86 63 0A
F5 1C C2 47 BE C6 91 B5 83 4E 31 04 42 4E 01 4F
B3 3E D0 01 75 B3 BE 8E 59 B7 83 A7 0B 00 B2 46
BA 8B 23 90 D7 00 6F F0 4F 8C 81 44 BA 8B E3 D9
06 C4 6F F0 2F DD 93 D4 FC 41 BA 8B 26 87 6F F0
AF C6 BA 8B 9A 8E 6F F0 7F 83 93 F7 F7 0F 01 46
99 B3 C2 44 1A CE 66 CC 26 85 EF 60 3F B8 83 47
31 04 93 4E F5 FF 93 DE FE 41 E2 48 72 43 2A 8F
B3 7E D5 01 63 80 07 14 26 8E 85 0E 81 46 02 C8
6F F0 4F C5 93 85 16 00 4A 85 1A CE 46 CC 36 C8
EF C0 0F B6 C2 46 E2 48 72 43 2A 8E 63 0B 05 12
2A C8 6D BB 03 25 8B 05 EF 60 3F B3 6F F0 4F 9C
A2 57 B2 55 36 D2 33 08 FE 40 3E 86 42 85 1A D0
46 CE 7A CC 42 C8 EF 90 3F DB B3 87 9C 00 33 B6
97 01 B2 97 37 D6 CC CC 13 06 D6 CC B3 B5 C7 02
37 D5 CC CC 13 05 C5 CC 52 47 42 48 B7 DE CC CC
03 4E 17 00 62 4F F2 48 33 3E C0 01 93 DF 25 00
F1 99 FE 95 8D 8F B3 87 FC 40 B3 B5 FC 00 B3 85
B4 40 33 85 A7 02 72 97 3A CA 37 D7 CC CC 02 53
92 56 13 0E F8 FF 13 07 D7 CC 93 8E CE CC B3 85
C5 02 AA 95 33 B5 C7 02 B3 87 C7 02 AA 95 13 95
F5 01 93 D4 15 00 85 45 85 83 B3 0C F5 00 B3 87
9C 00 33 B5 97 01 AA 97 33 B5 C7 02 93 5F 25 00
71 99 7E 95 89 8F B3 87 FC 40 33 B5 FC 00 33 85
A4 40 B3 BF C7 02 33 05 C5 02 B3 87 C7 02 33 06
F5 01 7E 06 85 83 B2 97 13 96 27 00 B2 97 86 07
B3 87 FC 40 93 87 07 03 A3 0F F8 FE 6F F0 AF D2
A5 47 63 E3 F7 D9 7D BB 36 8F B6 8E 02 C8 81 46
6F E0 DF FD 42 4E 81 46 02 C8 6F E0 3F FD 4A 85
90 10 DA 85 EF 90 6F 83 63 02 05 92 6F F0 4F 95
66 8B 83 17 CB 00 03 27 4B 06 93 E6 07 04 23 16
DB 00 05 8B 09 E7 93 F7 07 20 63 80 07 A8 03 24
81 14 83 24 41 14 83 29 C1 13 03 2A 81 13 83 2A
41 13 03 2C 81 12 03 2D 01 12 83 2D C1 11 FD 57
3E C6 6F F0 4F 94 DA 86 E2 48 72 44 02 53 66 8B
2D B1 42 4E D1 D3 93 8E 16 00 36 8F 02 C8 81 46
6F F0 4F AA 01 45 65 BC 85 8A F1 FA 6F F0 CF 94
09 45 97 85 00 00 93 85 E5 CD 55 B4 83 27 4B 06
85 8B D5 FF 6F F0 4F 93 83 A6 0B 00 91 0B 63 D3
06 00 FD 56 03 C7 1D 00 B2 8D 6F E0 9F EC 83 57
CB 00 93 E7 07 04 23 16 FB 00 6F F0 AF 89 02 C8
6F E0 DF F1 2A 87 17 95 00 00 03 25 A5 25 B2 86
2E 86 BA 85 6F E0 3F D8 83 D7 C5 00 03 AE 45 06
03 D3 E5 00 83 A8 C5 01 03 A8 45 02 13 01 01 B7
13 07 00 40 F5 9B 23 24 81 48 23 20 21 49 2E 84
2A 89 0C 01 88 18 23 26 11 48 23 22 91 48 36 C6
B2 84 23 12 F1 02 F2 DE 23 13 61 02 46 DA 42 DE
2E CC 2E D4 3A D0 3A D6 02 D8 EF 60 DF 8D B2 46
26 86 2C 08 4A 85 EF E0 1F D2 AA 84 63 5C 05 02
83 57 41 02 93 F7 07 04 99 C7 83 57 C4 00 93 E7
07 04 23 16 F4 00 46 55 EF 60 3F 8B 83 20 C1 48
03 24 81 48 03 29 01 48 26 85 83 24 41 48 13 01
01 49 82 80 2C 08 4A 85 EF 90 0F 88 71 D1 FD 54
C1 B7 41 11 19 45 06 C6 BD 2A 05 45 41 26 03 27
85 13 19 C3 01 45 82 80 01 11 93 05 00 08 06 CE
2A C6 EF C0 EF 88 B2 47 23 AC A7 12 01 CD 93 07
05 08 23 20 05 00 11 05 E3 1D F5 FE 01 45 F2 40
05 61 82 80 7D 55 E5 BF 7D 47 63 6A B7 00 03 27
85 13 11 CB 8A 05 2E 97 08 43 10 C3 82 80 59 47
18 C1 7D 55 82 80 01 11 2E C2 93 05 00 08 32 C4
06 CE 2A C6 EF C0 CF 83 B2 46 2A 87 93 05 05 08
23 AC A6 12 92 47 AA 86 22 46 7D 55 19 CB 23 A0
06 00 91 06 E3 9D B6 FE 93 95 27 00 2E 97 08 43
10 C3 F2 40 05 61 82 80 FD 47 63 EB B7 04 83 27
85 13 01 11 06 CE 2A 87 2E 86 85 C7 93 96 25 00
B6 97 94 43 99 CE 05 45 63 89 A6 00 FD 55 63 84
B6 02 23 A0 07 00 32 85 82 96 F2 40 01 45 05 61
82 80 3A 85 32 C6 3A C4 A5 2C 32 46 F2 40 AA 85
22 45 05 61 0D AC F2 40 D9 47 1C C3 05 61 82 80
D9 47 1C C1 7D 55 82 80 FD 47 63 EC B7 06 83 27
85 13 01 11 06 CE 2E 87 95 CF 93 16 27 00 B6 97
94 43 99 CE 7D 56 63 85 C6 02 05 46 63 8E C6 00
3A 85 23 A0 07 00 82 96 01 45 F2 40 05 61 82 80
F2 40 05 45 05 61 82 80 F2 40 0D 45 05 61 82 80
09 45 E5 B7 2E C6 93 05 00 08 2A C4 EF B0 5F F5
A2 46 AA 87 23 AC A6 12 19 C9 32 47 AA 86 13 06
05 08 23 A0 06 00 91 06 E3 9D C6 FE 79 BF 7D 55
6D BF 7D 55 82 80 FD 47 17 98 00 00 03 28 88 01
63 EB A7 04 83 27 88 13 01 11 06 CE 2A 86 9D C3
13 17 25 00 BA 97 98 43 11 CF 85 46 63 08 D7 00
7D 56 63 03 C7 02 23 A0 07 00 02 97 F2 40 01 45
05 61 82 80 42 85 32 C6 42 C4 59 2A 32 46 F2 40
AA 85 22 45 05 61 81 AA F2 40 D9 47 23 20 F8 00
36 85 05 61 82 80 D9 47 23 20 F8 00 7D 55 82 80
FD 47 17 96 00 00 03 26 E6 FA 63 EA A7 00 03 27
86 13 11 CB 0A 05 2A 97 08 43 0C C3 82 80 D9 47
1C C2 7D 55 82 80 01 11 2E C6 2A C4 93 05 00 08
32 85 32 C2 06 CE EF B0 BF E8 12 46 2A 87 93 05
05 08 23 2C A6 12 A2 47 2A 86 B2 46 7D 55 19 CB
23 20 06 00 11 06 E3 9D C5 FE 13 95 27 00 2A 97
08 43 14 C3 F2 40 05 61 82 80 97 97 00 00 83 A7
67 F4 03 A7 87 13 19 C3 01 45 82 80 01 11 3E 85
93 05 00 08 3E C6 06 CE EF B0 9F E3 B2 47 23 AC
A7 12 01 CD 93 07 05 08 23 20 05 00 11 05 E3 1D
F5 FE 01 45 F2 40 05 61 82 80 7D 55 E5 BF FD 47
63 E1 A7 08 97 96 00 00 83 A6 C6 EF 01 11 06 CE
83 A7 86 13 2A 87 95 CF 93 16 27 00 B6 97 94 43
99 CE 7D 56 63 85 C6 02 05 46 63 8E C6 00 3A 85
23 A0 07 00 82 96 01 45 F2 40 05 61 82 80 F2 40
05 45 05 61 82 80 F2 40 0D 45 05 61 82 80 09 45
E5 B7 2A C6 93 05 00 08 36 85 36 C4 EF B0 5F DB
A2 46 AA 87 23 AC A6 12 19 C9 32 47 AA 86 13 06
05 08 23 A0 06 00 91 06 E3 1D D6 FE 71 BF 7D 55
65 BF 7D 55 82 80 AE 87 41 11 22 C4 B2 85 2A 84
3E 85 06 C6 97 97 00 00 23 A2 07 1C D1 28 FD 57
63 06 F5 00 B2 40 22 44 41 01 82 80 97 97 00 00
83 A7 C7 1A E5 DB B2 40 1C C0 22 44 41 01 82 80
61 A0 93 08 90 03 73 00 00 00 63 43 05 00 82 80
01 11 06 CE 2A C6 EF E0 6F ED B2 47 F2 40 B3 07
F0 40 1C C1 FD 57 3E 85 05 61 82 80 93 08 D0 05
73 00 00 00 63 43 05 00 01 A0 01 11 06 CE 2A C6
EF E0 CF EA B2 47 B3 07 F0 40 1C C1 01 A0 35 71
AE 87 06 CF 22 CD 93 08 00 05 0C 08 73 00 00 00
2A 84 63 4A 05 00 0C 08 3E 85 35 22 FA 40 22 85
6A 44 0D 61 82 80 3E C6 33 04 80 40 EF E0 0F E7
00 C1 B2 47 7D 54 C5 B7 05 45 82 80 59 71 2C 00
86 D6 EF F0 DF FB FD 57 63 08 F5 00 32 45 B6 50
35 81 05 89 65 61 82 80 B6 50 01 45 65 61 82 80
41 11 06 C6 EF E0 8F E3 B2 40 D9 47 1C C1 7D 55
41 01 82 80 93 08 E0 03 73 00 00 00 63 43 05 00
82 80 01 11 06 CE 2A C6 EF E0 4F E1 B2 47 F2 40
B3 07 F0 40 1C C1 FD 57 3E 85 05 61 82 80 93 08
F0 03 73 00 00 00 63 43 05 00 82 80 01 11 06 CE
2A C6 EF E0 AF DE B2 47 F2 40 B3 07 F0 40 1C C1
FD 57 3E 85 05 61 82 80 97 96 00 00 93 86 46 09
9C 42 41 11 06 C6 2A 87 99 EB 93 08 60 0D 01 45
73 00 00 00 FD 57 63 03 F5 02 AA 87 88 C2 33 05
F7 00 93 08 60 0D 73 00 00 00 9C 42 3E 97 63 17
E5 00 B2 40 88 C2 3E 85 41 01 82 80 EF E0 0F D9
B2 40 B1 47 1C C1 7D 55 41 01 82 80 93 08 00 04
73 00 00 00 63 43 05 00 82 80 01 11 06 CE 2A C6
EF E0 CF D6 B2 47 F2 40 B3 07 F0 40 1C C1 FD 57
3E 85 05 61 82 80 94 41 98 45 9C 49 83 A3 45 01
83 A2 85 01 83 AF C5 01 03 AF 05 02 83 AE 05 03
03 AE 05 04 03 A3 85 03 03 A8 85 04 83 A8 C5 04
B0 4D 23 10 D5 00 23 11 E5 00 F4 4D B8 55 5C C1
FC 55 23 14 75 00 23 15 55 00 23 16 F5 01 23 17
E5 01 23 28 D5 01 23 26 C5 05 23 24 65 04 23 2C
05 01 23 2E 15 01 10 D5 54 D5 18 DD 5C DD 82 80
37 03 10 00 7D 13 B3 77 B3 00 33 7E D3 00 13 D8
45 01 93 D8 46 01 8E 07 01 11 13 57 D5 01 5D 8F
0E 0E 93 57 D6 01 13 78 F8 7F 93 F8 F8 7F 06 CE
FD 81 FD 82 B3 E7 C7 01 B3 0E 18 41 13 1F 35 00
93 1F 36 00 63 8D D5 14 2A 83 63 57 D0 0D 63 87
08 1E 93 06 F0 7F 63 04 D8 40 93 06 80 03 63 CF
D6 1F B7 06 80 00 D5 8F FD 46 63 C8 D6 4F 93 06
00 02 B3 86 D6 41 33 96 D7 00 B3 96 DF 00 B3 DF
DF 01 B3 36 D0 00 33 66 F6 01 B3 DE D7 01 55 8E
33 07 D7 41 33 06 CF 40 B3 37 CF 00 1D 8F 93 17
87 00 63 D2 07 36 26 07 25 83 63 17 07 1C 32 85
3A C6 42 C4 2E C2 32 C0 EF 20 E0 40 93 06 85 01
FD 48 02 46 92 45 22 48 01 47 63 D4 D8 1C 93 07
85 FF B3 17 F6 00 63 C8 06 4B 33 86 06 41 93 06
16 00 63 DA D8 7A 05 16 13 05 00 02 33 D6 C7 00
63 8B A6 00 13 05 00 04 B3 06 D5 40 B3 97 D7 00
B3 37 F0 00 5D 8E 63 07 06 26 93 77 76 00 63 98
07 1C 32 8F 01 47 09 A4 63 80 0E 1E 33 83 08 41
63 1E 08 38 B3 65 E7 01 63 85 05 50 93 05 F3 FF
63 8C 05 62 13 05 F0 7F 63 08 A3 5A 13 06 80 03
63 55 B6 72 13 86 FF FF B3 BF CF 00 33 87 F7 41
93 15 87 00 B7 07 80 00 63 C5 05 78 B6 85 1A 88
93 07 46 00 33 B6 C7 00 32 97 3E 86 93 17 87 00
63 D3 07 2A 93 06 18 00 93 07 F0 7F 13 FE 15 00
63 9B F6 24 13 97 46 01 F2 40 81 47 D9 8F 13 17
FE 01 B3 E6 E7 00 01 45 B6 85 05 61 82 80 2E 8E
63 5A D0 1F 63 93 08 1A B3 E6 F7 01 63 8B 06 52
93 0E F8 FF 63 8F 0E 48 93 06 F0 7F 63 0B D8 50
93 06 80 03 63 CF D6 19 FD 46 63 CF D6 53 13 06
00 02 33 06 D6 41 B3 96 C7 00 33 96 CF 00 B3 DF
DF 01 33 36 C0 00 B3 E6 F6 01 B3 DE D7 01 D1 8E
76 97 B3 87 E6 01 B3 B6 D7 00 36 97 3E 86 93 17
87 00 63 D2 07 20 05 08 93 07 F0 7F 63 07 F8 4E
B7 07 80 FF 93 56 16 00 FD 17 05 8A D1 8E F9 8F
13 96 F7 01 13 F5 76 00 13 D7 17 00 55 8E 1D DD
93 77 F6 00 91 46 E3 8B D7 F2 1D B7 B3 E6 F7 01
63 88 06 30 93 0E F8 FF 63 89 0E 44 93 06 F0 7F
63 07 D8 20 93 06 80 03 E3 D8 D6 E1 13 06 FF FF
B3 37 CF 00 1D 8F 93 16 87 00 B7 07 80 00 E3 D9
06 EE 13 87 F7 FF 7D 56 3A 85 32 C6 42 C4 2E C2
3A C0 EF 20 40 24 02 47 92 45 22 48 32 46 93 06
85 FF 13 05 00 02 B3 07 D5 40 B3 57 F6 00 33 17
D7 00 D9 8F 33 16 D6 00 63 C9 06 29 B3 86 06 41
85 06 15 8D 33 17 A6 00 33 38 E0 00 33 57 D6 00
33 95 A7 00 33 67 E8 00 33 66 E5 00 33 D7 D7 00
B3 67 E6 00 C5 C3 93 77 76 00 63 8E 07 60 93 77
F6 00 91 46 63 9F D7 28 93 17 87 00 63 D0 07 5E
13 FE 15 00 85 46 CD A0 13 05 18 00 13 75 E5 7F
63 18 05 20 B3 68 E7 01 33 E5 F7 01 63 1A 08 32
63 83 08 48 63 17 05 48 93 57 3F 00 13 15 D7 01
5D 8D 01 48 93 57 37 00 93 76 F8 7F B2 07 13 97
46 01 F2 40 13 FE 15 00 B1 83 D9 8F 13 17 FE 01
B3 E6 E7 00 B6 85 05 61 82 80 93 06 F0 7F 63 02
D8 38 93 06 80 03 63 C6 D6 01 B7 06 80 00 D5 8F
A5 B5 93 17 87 00 13 06 1F 00 E3 DB 07 DE 37 07
80 00 51 BD 13 FE 15 00 81 46 81 47 01 45 13 97
46 01 F2 40 D9 8F 13 17 FE 01 B3 E6 E7 00 B6 85
05 61 82 80 63 8F 0E 0C B3 86 08 41 63 1F 08 1E
33 65 E7 01 63 0D 05 48 13 85 F6 FF 63 03 05 2A
13 08 F0 7F 63 8E 06 37 13 06 80 03 63 51 A6 52
36 88 93 96 87 00 13 86 1F 00 37 07 80 00 E3 CC
06 E2 3E 87 71 B3 FD 8E B7 07 80 FF FD 17 F9 8F
13 97 97 00 F2 40 13 95 D7 01 93 57 C7 00 13 97
46 01 D9 8F 13 17 FE 01 0D 82 B3 E6 E7 00 51 8D
B6 85 05 61 82 80 93 77 76 00 91 C7 93 77 F6 00
91 46 E3 97 D7 D4 13 55 36 00 93 17 D7 01 93 06
F0 7F 5D 8D 93 57 37 00 E3 10 D8 F0 5D 8D 15 C1
93 06 F0 7F 13 97 46 01 F2 40 01 4E B7 07 08 00
D9 8F 13 17 FE 01 B3 E6 E7 00 01 45 B6 85 05 61
82 80 13 FE 15 00 93 06 F0 7F 81 47 0D B7 0E 03
13 53 33 00 13 15 D7 01 33 65 65 00 93 57 37 00
75 BF 93 06 18 00 93 F8 E6 7F 63 92 08 16 B3 66
E7 01 63 13 08 24 33 E6 F7 01 63 8B 06 3C E3 05
06 E8 FA 9F BA 97 33 BF EF 01 FA 97 13 97 87 00
63 47 07 40 33 E7 FF 00 E3 06 07 EC 13 95 D7 01
93 DF 3F 00 33 E5 AF 00 8D 83 BD B5 93 05 F0 7F
63 84 B8 22 13 06 80 03 63 4C 66 0E 37 06 80 00
51 8F 7D 46 63 46 66 26 93 05 00 02 B3 85 65 40
33 16 B7 00 B3 15 BF 00 33 5F 6F 00 B3 35 B0 00
33 66 E6 01 33 53 67 00 4D 8E B3 87 67 40 33 86
CF 40 B3 BF CF 00 33 87 F7 41 46 88 B6 85 41 BE
33 06 FF 41 33 35 CF 00 B3 08 F7 40 B3 88 A8 40
13 95 88 00 63 4D 05 0E 33 65 16 01 46 87 E3 1E
05 B6 01 4E 81 46 81 47 99 B5 37 07 80 FF 7D 17
7D 8F 93 77 76 00 33 08 D8 40 E3 91 07 EC E1 B5
13 13 35 00 13 55 33 00 C9 B5 93 86 0E FE 13 06
00 02 B3 D6 D7 00 63 8A CE 00 13 06 00 04 33 06
D6 41 B3 97 C7 00 B3 EF FF 00 33 36 F0 01 55 8E
11 BE 01 48 F1 BE 37 07 80 FF 7D 17 F9 8F 13 95
D7 01 33 08 D8 40 8D 83 41 BB 13 05 F0 7F 63 89
A8 18 13 06 80 03 63 5E D6 22 93 96 87 00 13 86
1F 00 46 88 37 07 80 00 E3 C7 06 C4 3E 87 4D B6
13 86 FF FF B3 BF CF 00 33 87 F7 41 93 15 87 00
B7 07 80 00 63 C6 05 24 B6 85 46 88 51 B6 13 06
F0 7F E3 81 C6 BA FA 9F BA 97 33 BF EF 01 13 D7
1F 00 FA 97 13 96 F7 01 13 75 77 00 59 8E 13 D7
17 00 63 03 05 2E 36 88 91 48 93 76 F6 00 E3 99
16 B5 13 55 36 00 76 07 59 8D 91 83 31 B3 33 8F
EF 41 B3 BF EF 01 99 8F 7A 86 33 87 F7 41 B6 85
AD BC 0E 06 13 55 36 00 B6 85 1A 88 3E 87 F1 BB
63 95 08 20 55 E1 01 4E 93 06 F0 7F B7 07 08 00
3D B3 FA 9F 33 BF EF 01 BA 97 FA 97 93 96 87 00
63 D6 06 1C B7 06 80 FF FD 16 13 D7 1F 00 F5 8F
93 96 F7 01 13 76 77 00 D9 8E 13 D7 17 00 63 09
06 24 13 F6 F6 00 11 45 63 04 A6 24 33 86 A6 00
B3 36 D6 00 36 97 09 48 BD BB B3 0F FF 41 B3 07
F7 40 33 3F FF 01 33 87 E7 41 93 17 87 00 7E 86
63 CA 07 04 93 DF 3F 00 13 15 D7 01 33 65 F5 01
93 57 37 00 05 48 8D B1 A5 C6 B3 EF F7 01 E3 91
0F D6 0E 05 93 17 D7 01 0D 81 5D 8D 93 57 37 00
B1 B3 0E 05 0D 81 15 BB 0E 06 13 95 D7 01 13 57
36 00 B6 85 59 8D 8D 83 15 BB C2 86 81 47 01 45
BD B9 B6 85 05 48 45 B2 13 86 0E FE 93 06 00 02
33 D6 C7 00 63 8A DE 00 93 06 00 04 B3 86 D6 41
B3 97 D7 00 B3 EF FF 00 B3 36 F0 01 D1 8E D1 B4
13 17 36 00 13 95 D7 01 0D 83 59 8D 8D 83 FD B1
93 05 03 FE 13 06 00 02 B3 55 B7 00 63 0A C3 00
13 06 00 04 33 06 66 40 33 17 C7 00 33 6F EF 00
33 36 E0 01 4D 8E 61 BB 33 8F EF 41 99 8F B3 BF
EF 01 33 87 F7 41 93 17 87 00 7A 86 E3 C3 07 F8
13 5F 3F 00 13 15 D7 01 B6 85 33 65 AF 00 93 57
37 00 05 48 51 BE E3 0E 05 D8 3E 87 7E 8F B6 85
A5 BE 33 08 FF 41 33 35 0F 01 33 06 F7 40 09 8E
13 15 86 00 63 56 05 0E 33 8F EF 41 99 8F B3 BF
EF 01 33 87 F7 41 B3 67 EF 00 7A 86 B6 85 E3 83
07 BA 93 17 87 00 63 D2 07 12 13 FE 16 00 85 46
E5 BE 37 06 80 00 51 8F 7D 46 63 42 D6 08 13 05
00 02 15 8D 33 16 A7 00 33 15 AF 00 33 5F DF 00
33 35 A0 00 B3 56 D7 00 33 66 E6 01 33 67 A6 00
B6 97 BA 9F 33 B7 EF 00 3E 97 7E 86 46 88 C5 B2
46 88 B6 85 13 87 F7 FF 7D 56 B9 B4 13 95 D7 01
93 DF 3F 00 33 65 F5 01 8D 83 05 48 F5 B4 13 15
36 00 0D 81 36 88 3E 87 C9 BE E3 13 05 BE 93 17
33 00 8D 83 13 15 D7 01 5D 8D 93 57 37 00 F9 B6
E3 0A 06 B0 3E 87 7E 8F 45 BC 2E 83 9D B1 13 86
06 FE 13 05 00 02 33 56 C7 00 63 8A A6 00 13 05
00 04 B3 06 D5 40 33 17 D7 00 33 6F EF 00 33 37
E0 01 51 8F BD BF 13 05 00 02 15 8D 01 48 0D B4
33 65 C8 00 E3 07 05 C8 32 87 42 8F B5 B4 37 07
80 FF 7D 17 F9 8F 13 95 D7 01 93 DF 3F 00 8D 83
33 65 F5 01 B3 F7 67 00 85 46 55 BC 01 48 A1 B6
8D 82 76 07 33 65 D7 00 91 83 09 48 B1 B4 AA 86
21 B7 1A 88 B6 85 71 B2 13 55 36 00 76 07 59 8D
91 83 36 88 15 BC AE 86 E9 BD B6 85 32 8F 29 BC
13 D7 45 01 39 71 93 97 C5 00 06 DE 13 77 F7 7F
2A 88 B1 83 FD 81 63 00 07 16 AA 8E 13 05 F0 7F
63 0B A7 06 8E 07 13 5E D8 01 33 6E FE 00 B7 07
80 00 93 1E 38 00 33 6E FE 00 93 08 17 C0 01 48
01 4F 13 D7 46 01 93 97 C6 00 13 77 F7 7F B1 83
FD 82 3D C3 13 05 F0 7F 63 09 A7 16 8E 07 13 55
D6 01 13 07 17 C0 5D 8D B7 07 80 00 B3 88 E8 40
C9 8F 13 17 36 00 81 4F 3D 46 33 C5 D5 00 63 67
06 1F 17 83 00 00 13 03 E3 94 0A 08 1A 98 03 26
08 00 1A 96 02 86 33 EE 07 01 63 15 0E 1A BA 88
13 D7 46 01 93 97 C6 00 13 77 F7 7F 81 4E 21 48
09 4F B1 83 FD 82 59 FF 33 E7 C7 00 63 09 07 18
63 8A 07 3C 3E 85 32 D6 46 D4 42 D2 36 D0 7A CE
72 CC 76 CA 2E C8 3E C6 EF 10 F0 2E B2 47 C2 45
D2 4E 62 4E 72 4F 82 56 12 58 A2 58 32 56 2A 83
13 07 55 FF 75 45 19 8D 13 07 83 FF B3 97 E7 00
33 55 A6 00 C9 8F 33 17 E6 00 46 93 93 08 33 3F
81 4F 9D B7 63 80 03 44 93 06 90 FC 63 D4 D3 48
01 47 81 47 81 46 F2 50 52 07 5D 8F 93 17 F5 01
B3 65 F7 00 36 85 21 61 82 80 F2 50 13 07 F0 7F
81 47 52 07 5D 8F 81 46 93 17 F5 01 B3 65 F7 00
36 85 21 61 82 80 F2 50 13 07 F0 7F 01 45 B7 07
08 00 52 07 5D 8F 81 46 93 17 F5 01 B3 65 F7 00
36 85 21 61 82 80 33 EE A7 00 63 04 0E 0E 36 CE
32 CC 63 8A 07 34 2A CA 3E 85 2E C8 3E C6 EF 10
90 23 B2 47 C2 45 52 48 62 46 F2 46 2A 83 13 07
55 FF 75 4E 93 0E 83 FF 33 0E EE 40 B3 97 D7 01
33 5E C8 01 33 6E FE 00 B3 1E D8 01 13 07 D0 C0
B3 08 67 40 01 48 01 4F AD BD 33 E7 C7 00 93 88
18 80 59 E3 13 68 28 00 81 47 89 4F 71 BD F2 87
76 87 89 46 63 0F DF 30 8D 46 E3 06 DF F6 85 46
2E 85 E3 07 DF F2 93 83 F8 3F 9E 86 E3 5C 70 F0
13 76 77 00 63 1C 06 32 93 55 37 00 13 97 77 00
63 58 07 00 37 07 00 FF 7D 17 93 86 08 40 F9 8F
13 07 E0 7F E3 4B D7 F0 13 96 D7 01 13 F7 F6 7F
B3 66 B6 00 13 96 97 00 93 57 C6 00 ED B5 B6 85
7E 8F 45 B7 3E 8E BA 88 31 48 0D 4F DD BB 13 68
18 00 81 47 85 4F 0D B5 13 68 38 00 32 87 8D 4F
21 BD 81 4E 11 48 81 48 05 4F E1 BB 22 DC 26 DA
63 E6 C7 01 63 1C FE 3A 63 EA EE 3A 13 16 FE 01
93 D6 1E 00 55 8E 13 5E 1E 00 93 96 FE 01 A2 07
13 DF 07 01 B3 52 EE 03 13 58 87 01 33 68 F8 00
93 1E 08 01 93 DE 0E 01 13 13 87 00 93 57 06 01
33 7E EE 03 33 87 5E 02 42 0E B3 E7 C7 01 63 F8
E7 00 C2 97 63 E4 07 01 63 E9 E7 36 FD 12 99 8F
B3 D5 E7 03 13 17 06 01 41 83 B3 F7 E7 03 33 86
BE 02 C2 07 5D 8F 63 78 C7 00 42 97 63 64 07 01
63 62 C7 34 FD 15 C2 02 B3 E2 B2 00 93 97 02 01
13 1E 03 01 C1 83 13 5E 0E 01 93 5F 03 01 11 8F
13 D6 02 01 B3 83 C7 03 33 04 C6 03 93 D5 03 01
B3 87 FF 02 A2 97 BE 95 B3 07 F6 03 63 F4 85 00
41 66 B2 97 13 96 05 01 C2 03 C1 81 93 D3 03 01
BE 95 1E 96 63 68 B7 00 B3 04 B7 40 63 1E B7 2C
63 FC C6 2C B3 83 66 00 B3 B7 D3 00 4A D8 3E 89
C2 97 3E 97 9E 86 93 87 F2 FF 63 69 E8 00 33 04
B7 40 A2 84 63 19 E8 02 63 17 09 02 63 69 B7 00
33 04 B7 40 A2 84 63 90 E5 02 63 FE C3 00 B3 06
73 00 B3 B7 66 00 C2 97 3E 97 42 59 93 87 E2 FF
B3 04 B7 40 11 A0 42 59 33 86 C6 40 B3 B6 C6 00
B3 82 D4 40 93 83 F8 3F 9E 86 63 0A 58 14 33 D7
E2 03 93 55 06 01 B3 F2 E2 03 C2 02 B3 E5 55 00
B3 82 EE 02 63 F8 55 00 C2 95 63 E4 05 01 63 E4
55 26 7D 17 B3 85 55 40 B3 F2 E5 03 42 06 41 82
B3 D5 E5 03 13 9F 02 01 33 66 E6 01 B3 8E BE 02
63 78 D6 01 42 96 63 64 06 01 63 6B D6 23 FD 15
42 07 4D 8F 93 15 07 01 C1 81 93 52 07 01 33 8F
C2 03 33 06 D6 41 33 0E BE 02 B3 8E BF 02 93 55
0E 01 FA 9E F6 95 B3 8F 5F 02 63 F4 E5 01 C1 6E
F6 9F 93 DE 05 01 42 0E 13 5E 0E 01 C2 05 FE 9E
F2 95 63 6A D6 01 33 3F B0 00 33 0E D6 41 63 14
D6 03 63 02 0F 02 42 96 63 68 06 01 63 6E D6 11
63 14 D6 01 63 6A B3 10 B3 05 B3 40 33 3F B0 00
7D 17 33 0E D6 41 63 1C 0E 08 63 1A 0F 08 62 54
D2 54 A5 B3 32 85 46 D6 42 D4 3E D2 36 D0 7A CE
72 CC 76 CA 2E C8 32 C6 EF 10 E0 71 13 07 55 01
F1 4F 32 46 C2 45 D2 4E 62 4E 72 4F 82 56 22 58
B2 58 13 03 05 02 81 47 E3 D6 EF C2 61 15 B3 17
A6 00 01 47 1D B9 3E CA 2E C8 2A C6 EF 10 A0 6E
13 07 55 01 F1 48 32 48 C2 45 62 46 F2 46 13 03
05 02 81 47 E3 D7 E8 CA 61 15 33 1E A8 00 81 4E
75 B9 2E 85 13 07 F0 7F 81 47 81 46 29 B9 81 45
05 47 63 50 70 0E 62 54 D2 54 BA 97 C5 B9 13 06
20 C0 13 67 17 00 63 C8 C8 0E 93 05 47 00 33 B7
E5 00 62 54 D2 54 8D 81 BA 97 C9 B9 13 76 F7 00
91 45 E3 03 B6 CC 93 05 47 00 33 B7 E5 00 BA 97
8D 81 6D B9 93 76 77 00 93 55 17 00 FD 48 05 46
63 9F 06 10 B3 98 17 01 D5 8D 33 E7 B8 00 93 76
77 00 B3 D7 C7 00 F5 E2 93 96 87 00 63 D4 06 10
05 47 81 47 81 46 45 B6 13 1E 13 00 33 33 6E 00
42 93 B3 85 C5 41 1A 96 79 17 33 0E D6 41 33 3F
B0 00 D5 B5 89 56 63 D0 D3 0C 05 56 B3 06 76 40
B3 D6 D7 00 63 87 C3 00 93 88 E8 43 B3 97 17 01
5D 8F 33 37 E0 00 55 8F 93 76 77 00 81 47 91 CE
13 76 F7 00 91 45 81 46 63 09 B6 00 33 06 B7 00
33 37 E6 00 93 16 D7 01 32 87 0D 83 D9 8E 01 47
1D BE 63 9D 03 04 B7 06 00 80 FD 16 62 54 D2 54
13 97 F7 01 55 8F 85 83 93 06 47 00 33 B7 E6 00
BA 97 36 87 95 B7 93 06 10 C0 63 9D D8 02 93 56
17 00 93 E6 16 00 D9 BF 96 87 BD BB FD 18 76 86
81 46 B1 B9 F9 15 42 97 7D B9 F9 12 C2 97 41 B9
F9 15 42 96 F1 B3 79 17 C2 95 69 BB 62 54 D2 54
7D 57 D9 B4 62 54 D2 54 C1 B4 93 76 F7 00 11 46
E3 8C C6 F0 55 B7 93 88 E8 41 05 46 B3 16 17 01
33 06 76 40 B3 36 D0 00 B3 55 C7 00 E5 B5 B3 76
C7 00 CD B5 13 96 97 00 93 96 D7 01 93 57 C6 00
A9 BF 13 D7 45 01 B7 07 10 00 13 D8 46 01 FD 17
93 08 F0 7F 13 77 F7 7F 33 FE B7 00 33 78 18 01
F5 8F FD 81 FD 82 05 43 63 05 17 03 63 01 18 03
63 1F 07 01 63 9D C7 03 63 1B A6 02 01 43 63 88
D5 00 05 43 09 E7 33 6E AE 00 33 33 C0 01 1A 85
82 80 E3 1E E8 FE 33 6E FE 00 33 6E CE 00 33 6E
AE 00 E3 16 0E FE 95 8D 33 33 B0 00 CD B7 05 43
1A 85 82 80 13 D8 45 01 B7 07 10 00 13 D7 46 01
FD 17 93 08 F0 7F 13 78 F8 7F 33 F3 B7 00 33 77
17 01 F5 8F FD 81 FD 82 63 02 18 05 63 02 17 03
63 1F 08 04 33 68 A3 00 31 E7 B3 E8 C7 00 63 8F
08 06 63 1A 08 08 13 97 16 00 7D 17 3A 85 82 80
D1 8F C1 E3 63 16 08 00 33 63 A3 00 E3 05 03 FE
63 9C D5 00 13 97 15 00 7D 17 19 A8 B3 68 A3 00
63 91 08 06 63 08 07 05 B3 05 B0 40 13 E7 15 00
3A 85 82 80 E3 01 08 FC E3 98 D5 FE E1 BF 6D D7
E3 94 D5 FE E3 42 07 FF E3 46 E8 FC E3 EE 67 FC
33 07 F3 40 13 37 17 00 63 73 A6 00 71 F7 E3 6B
F3 FA 63 73 C5 00 5D F7 01 47 D9 B7 E3 1E 08 FA
3A 85 82 80 33 E7 C7 00 09 E7 05 47 E3 96 D5 FA
F9 BF 79 57 75 B7 E3 91 D5 FA C9 B7 13 D8 45 01
B7 07 10 00 13 D7 46 01 FD 17 93 08 F0 7F 13 78
F8 7F 33 F3 B7 00 33 77 17 01 F5 8F FD 81 FD 82
63 05 18 05 63 02 17 03 63 18 08 06 33 68 A3 00
49 E7 B3 E8 C7 00 63 8A 08 08 63 1D 08 08 13 97
16 00 7D 17 3A 85 82 80 D1 8F 09 47 E5 FF 63 16
08 00 33 63 A3 00 E3 04 03 FE 63 8B D5 02 B3 05
B0 40 13 E7 15 00 3A 85 82 80 B3 68 A3 00 63 9B
08 04 E3 16 07 FF 33 E8 C7 00 09 47 E3 14 08 FC
05 47 E3 9E D5 FC 63 65 F3 00 63 73 C5 04 29 C3
13 97 15 00 7D 17 7D B7 79 D3 E3 92 D5 FC E3 40
07 FD E3 47 E8 FE E3 EC 67 FA 33 07 F3 40 13 37
17 00 E3 7A A6 FC 45 F7 F9 B7 E3 02 08 F8 E3 90
D5 FA F9 B7 09 47 3A 85 82 80 E3 0D 08 F6 41 BF
01 47 8D BF E3 95 D5 F8 F9 B7 93 D7 45 01 39 71
13 97 C5 00 06 DE 93 F7 F7 7F 2A 88 31 83 FD 81
63 84 07 36 13 05 F0 7F 63 89 A7 22 0E 07 13 55
D8 01 59 8D 37 07 80 00 49 8F 13 83 17 C0 93 18
38 00 01 4E 81 4F 93 D7 46 01 13 98 C6 00 93 F7
F7 7F 13 58 C8 00 FD 82 63 84 07 22 13 05 F0 7F
63 80 A7 30 93 87 17 C0 29 45 3E 93 63 48 C5 29
0E 08 93 57 D6 01 B3 E7 07 01 37 08 80 00 33 C5
D5 00 33 E8 07 01 89 47 93 1E 36 00 AA 85 01 4F
63 D1 C7 03 85 47 B3 97 C7 01 13 F6 07 53 63 1F
06 24 93 F5 07 24 63 94 05 40 93 F7 87 08 63 93
07 24 93 97 08 01 93 9F 0E 01 13 D6 08 01 C1 83
93 DF 0F 01 93 DE 0E 01 B3 85 F7 03 22 DC 33 0E
F6 03 93 D6 05 01 B3 88 FE 02 F2 98 C6 96 B3 02
D6 03 63 EE C6 35 93 13 08 01 C2 05 13 9E 06 01
93 D3 03 01 13 58 08 01 C1 81 33 04 BE 00 C1 82
33 8F 77 02 33 0E 76 02 93 55 0F 01 B3 07 F8 02
F2 97 BE 95 B3 08 06 03 63 F4 C5 01 C1 67 BE 98
13 16 07 01 41 82 41 83 93 97 05 01 C1 81 C6 95
33 8E CE 02 42 0F 13 5F 0F 01 FA 97 BE 96 B3 08
F6 03 B3 0F F7 03 13 DF 08 01 7E 9E 72 9F B3 8E
EE 02 63 74 FF 01 C1 6F FE 9E C2 08 93 1F 0F 01
93 D8 08 01 13 5F 0F 01 33 8E 1F 01 76 9F B3 08
77 02 B3 0E 76 02 33 06 C8 02 93 DF 0E 01 46 96
B2 9F 33 08 E8 02 63 F4 1F 01 41 67 3A 98 93 98
0E 01 93 D8 08 01 13 97 0F 01 96 96 46 97 BA 95
B3 B7 F6 00 B3 8E C6 01 AE 97 33 86 E7 01 B3 B6
DE 00 B2 96 33 B7 E5 00 B3 B5 B7 00 4D 8F B3 37
F6 00 93 D5 0F 01 33 B6 C6 00 D1 8F 2E 97 93 98
9E 00 BA 97 B3 E8 88 00 C2 97 B3 38 10 01 13 D6
7E 01 A6 07 13 D7 76 01 B3 E8 C8 00 A6 06 B3 E8
D8 00 93 96 77 00 5D 8F 63 C9 06 12 93 07 F3 3F
63 59 F0 24 93 F6 78 00 63 87 06 38 93 F6 F8 00
11 46 62 54 63 82 C6 02 93 86 48 00 B3 B8 16 01
46 97 B6 88 93 16 77 00 63 D8 06 00 B7 06 00 FF
FD 16 93 07 03 40 75 8F 93 06 E0 7F 63 C5 F6 28
13 16 D7 01 93 D8 38 00 93 16 97 00 93 F7 F7 7F
33 66 16 01 13 D7 C6 00 7D A8 B3 68 07 01 63 9B
08 1C 3E 83 93 D7 46 01 13 98 C6 00 93 F7 F7 7F
01 47 21 4E 89 4F 13 58 C8 00 FD 82 E3 90 07 DE
B3 6E C8 00 63 80 0E 16 63 0A 08 26 42 85 32 D6
72 D4 1A D2 3A D0 46 CE 7E CC 36 CA 2E C8 42 C6
EF 10 60 07 32 48 C2 45 D2 46 E2 4F F2 48 02 57
12 53 22 5E 32 56 AA 87 93 0E 55 FF 75 45 33 05
D5 41 93 8E 87 FF 33 18 D8 01 33 55 A6 00 33 68
05 01 B3 1E D6 01 B3 07 F3 40 29 46 13 83 D7 C0
63 4E C6 01 89 47 33 C5 D5 00 E3 D4 C7 DD AA 85
01 4F 4D B3 B6 85 42 87 F6 88 FA 8F 89 47 63 8E
FF 1A 8D 47 63 80 FF 14 85 47 2E 85 63 9B FF 02
81 47 01 47 01 46 F2 50 D2 07 93 15 F5 01 D9 8F
CD 8F 32 85 BE 85 21 61 82 80 93 D7 18 00 62 54
93 F8 18 00 B3 E7 17 01 93 18 F7 01 B3 E8 17 01
05 83 93 07 03 40 05 03 63 56 F0 10 93 F6 78 00
E3 8A 06 EC 93 F6 F8 00 11 46 E3 9F C6 EA D9 B5
B3 6E C8 00 13 03 F3 7F 63 95 0E 0A 93 67 2E 00
29 46 E3 45 F6 F8 B5 8D 2E 85 09 4F 63 00 0E 08
3E 8E 01 48 09 4F 39 B3 B3 68 A7 00 63 87 08 04
36 CE 32 CC 63 0E 07 12 2A CA 3A 85 2E C8 3A C6
EF 00 70 77 32 47 C2 45 52 48 62 46 F2 46 2A 8E
93 08 55 FF F5 47 B3 87 17 41 93 08 8E FF 33 17
17 01 B3 57 F8 00 5D 8F B3 18 18 01 93 07 D0 C0
33 83 C7 41 81 4F 01 4E BD B1 01 47 11 4E 01 43
85 4F 95 B1 13 6E 1E 00 A9 47 E3 C9 C7 F1 B5 8D
89 47 2E 85 01 48 05 4F E3 CE C7 C9 89 47 63 0E
FF 0A 85 4F 85 47 01 47 81 48 2E 85 E3 9B FF F2
01 B7 13 6E 3E 00 29 45 63 4A C5 17 85 47 B3 97
C7 01 93 F7 87 08 33 C5 D5 00 B2 8E 0D 4F E3 82
07 C8 C9 B5 C2 88 3E 83 31 4E 8D 4F 29 B1 C1 68
C6 92 55 B1 01 45 93 07 F0 7F 37 07 08 00 01 46
D9 B5 62 54 ED C7 93 06 90 FC E3 CB D7 EA 89 56
63 DD D7 12 05 56 B3 06 F6 40 B3 56 D7 00 63 88
C7 00 13 03 E3 43 33 13 67 00 B3 E8 68 00 33 36
10 01 55 8E 93 77 76 00 01 47 91 CF 93 76 F6 00
91 45 81 47 63 89 B6 00 B3 06 B6 00 33 B6 C6 00
93 17 D6 01 36 86 0D 82 5D 8E 81 47 AD B5 01 45
93 07 F0 7F 37 07 08 00 B9 BD 2E 85 93 07 F0 7F
01 47 01 46 89 BD 93 07 F0 7F 01 47 01 46 A1 B5
3A CA 2E C8 2A C6 EF 00 10 64 93 08 55 01 F1 47
32 48 C2 45 62 46 F2 46 13 0E 05 02 01 47 E3 D3
17 ED 61 15 33 17 A8 00 81 48 C9 BD 32 85 72 D6
1A D4 42 D2 3A D0 46 CE 7E CC 36 CA 2E C8 32 C6
EF 00 70 60 93 0E 55 01 71 4F 32 46 C2 45 D2 46
E2 4F F2 48 02 57 22 53 32 5E 93 07 05 02 01 48
E3 56 DF D9 61 15 33 18 A6 00 81 4E 69 BB 85 46
13 03 E3 41 33 96 68 00 33 36 C0 00 33 13 67 00
B3 D8 D8 00 33 66 66 00 33 66 16 01 93 77 76 00
B3 56 D7 00 81 CF 93 77 F6 00 11 47 63 88 E7 00
B3 07 E6 00 33 B6 C7 00 B2 96 3E 86 93 97 86 00
63 D0 07 02 85 47 01 47 01 46 71 B3 01 45 37 07
08 00 01 46 49 B3 62 54 45 B1 85 46 9D 8E 4D B7
93 95 96 00 93 97 D6 01 13 D7 C5 00 ED BD B7 07
10 00 FD 17 33 F3 B7 00 F5 8F 13 98 37 00 93 D8
46 01 0E 03 01 11 13 57 D5 01 93 57 D6 01 33 67
67 00 B3 E7 07 01 13 03 F0 7F 13 D8 45 01 06 CE
FD 81 93 F8 F8 7F FD 82 33 78 68 00 AE 8F 93 1E
35 00 13 1E 36 00 63 8C 68 14 93 C6 16 00 33 0F
18 41 63 87 D5 0A 63 57 E0 5F 63 8D 08 18 63 0C
68 42 93 06 80 03 63 C8 E6 1B B7 06 80 00 D5 8F
FD 46 63 C0 E6 51 93 06 00 02 B3 86 E6 41 33 93
D7 00 B3 16 DE 00 33 5E EE 01 B3 36 D0 00 33 63
C3 01 33 DF E7 01 33 63 D3 00 33 07 E7 41 33 83
6E 40 B3 B7 6E 00 1D 8F 93 17 87 00 63 C5 07 36
93 77 73 00 63 88 07 2E 93 77 F3 00 91 46 63 83
D7 2E 93 07 43 00 33 B3 67 00 1A 97 3E 83 93 17
87 00 63 D9 07 2C 93 06 18 00 93 07 F0 7F 93 FF
15 00 63 9E F6 2E 81 47 81 48 F2 40 13 97 46 01
D9 8F 93 96 FF 01 46 85 B3 E5 D7 00 05 61 82 80
63 5B E0 63 63 94 08 22 B3 E6 C7 01 63 8C 06 58
13 0F F8 FF 63 05 0F 24 63 05 68 60 93 06 80 03
63 C0 E6 23 FD 46 63 C7 E6 59 13 06 00 02 33 06
E6 41 B3 96 C7 00 33 16 CE 00 33 5E EE 01 33 36
C0 00 B3 E6 C6 01 33 DF E7 01 D1 8E 7A 97 B3 87
D6 01 B3 B6 D7 00 36 97 3E 83 93 17 87 00 E3 D9
07 F4 05 08 93 07 F0 7F 63 02 F8 54 B7 07 80 FF
93 56 13 00 FD 17 13 73 13 00 B3 E6 66 00 F9 8F
13 93 F7 01 13 F6 76 00 13 D7 17 00 33 63 D3 00
1D DE 93 77 F3 00 91 46 E3 95 D7 F2 0D BF 33 E3
C7 01 13 0F 18 80 63 06 03 10 63 88 D5 10 63 05
0F 14 63 01 08 38 13 17 36 00 13 55 37 00 13 97
D7 01 B6 85 B3 68 E5 00 8D 83 B3 E8 F8 00 63 8E
08 2A F2 40 93 06 F0 7F 13 97 46 01 81 4F B7 07
08 00 81 48 D9 8F 93 96 FF 01 46 85 B3 E5 D7 00
05 61 82 80 13 16 35 00 B3 E6 C7 01 0D 82 63 85
06 1A 13 0F F8 FF 63 08 0F 46 63 06 68 28 93 06
80 03 E3 DF E6 E5 13 83 FE FF B3 B7 6E 00 1D 8F
93 16 87 00 B7 07 80 00 E3 DD 06 E8 13 87 F7 FF
7D 53 3A 85 2E C6 1A C4 42 C2 3A C0 EF 00 B0 32
02 47 12 48 22 43 B2 45 93 06 85 FF 13 06 00 02
B3 07 D6 40 B3 57 F3 00 33 17 D7 00 D9 8F 33 13
D3 00 63 CC 06 2B B3 86 06 41 85 06 15 8E 33 17
C3 00 33 35 E0 00 33 57 D3 00 33 96 C7 00 49 8F
33 63 E6 00 33 D7 D7 00 B3 67 E3 00 F9 C3 93 77
73 00 63 8F 07 66 93 77 F3 00 91 46 01 48 E3 92
D7 E2 93 17 87 00 63 DF 07 0E 93 FF 15 00 85 46
05 AA 93 C6 16 00 E3 9C D5 EE 63 07 0F 1E 63 19
08 2E C6 86 33 65 D7 01 63 0A 05 58 13 85 F6 FF
59 C5 13 08 F0 7F 63 8D 06 2D 13 06 80 03 63 54
A6 62 36 88 93 96 87 00 13 03 1E 00 37 07 80 00
E3 C9 06 E6 3E 87 F1 B3 93 08 18 00 93 F8 E8 7F
63 99 08 1E B3 E8 C7 01 33 63 D7 01 63 1E 08 30
63 0A 03 4A 63 9E 08 4A 93 D7 3E 00 13 16 D7 01
B3 68 F6 00 01 48 93 57 37 00 49 A8 63 05 68 16
93 06 80 03 63 C6 E6 01 B7 06 80 00 D5 8F DD B3
93 17 87 00 13 83 1E 00 E3 DD 07 D6 37 07 80 00
09 BD 93 FF 15 00 81 46 81 47 81 48 79 B3 76 9E
B3 3E DE 01 BA 97 F6 97 93 96 87 00 63 DD 06 4E
B7 06 80 FF FD 16 13 57 1E 00 F5 8F 93 96 F7 01
13 76 77 00 D9 8E 13 D7 17 00 63 00 06 56 13 F6
F6 00 11 45 63 0B A6 54 33 83 A6 00 B3 36 D3 00
36 97 09 48 13 56 33 00 93 17 D7 01 93 06 F0 7F
B3 E8 C7 00 93 57 37 00 E3 09 D8 E0 F2 40 93 76
F8 7F B2 07 93 FF 15 00 13 97 46 01 B1 83 D9 8F
93 96 FF 01 46 85 B3 E5 D7 00 05 61 82 80 FD 8E
B7 07 80 FF FD 17 F9 8F 13 97 D7 01 13 53 33 00
F2 40 B3 68 67 00 13 97 97 00 93 57 C7 00 13 97
46 01 D9 8F 93 96 FF 01 46 85 B3 E5 D7 00 05 61
82 80 B6 85 05 48 26 07 25 83 E3 1C 07 E0 1A 85
2E C6 3A C4 42 C2 1A C0 EF 00 F0 13 93 06 85 01
7D 46 02 43 12 48 B2 45 01 47 E3 59 D6 E0 93 07
85 FF B3 17 F3 00 63 CB 06 15 33 83 06 41 93 06
13 00 63 5F D6 44 05 13 13 06 00 02 33 D3 67 00
63 8C C6 00 13 06 00 04 B3 06 D6 40 B3 97 D7 00
B3 37 F0 00 33 63 F3 00 E3 0D 03 EC 93 77 73 00
E3 9B 07 E0 9A 8E 01 47 41 BD 93 FF 15 00 93 06
F0 7F 81 47 99 B9 0E 05 0D 81 13 16 D7 01 B3 68
A6 00 93 57 37 00 15 B3 93 06 18 00 93 F8 E6 7F
63 9A 08 10 B3 66 D7 01 63 18 08 2C 33 E6 C7 01
63 8C 06 3A E3 0A 06 E4 76 9E BA 97 B3 3E DE 01
F6 97 13 97 87 00 63 49 07 3E 33 67 FE 00 E3 0A
07 E6 13 97 D7 01 13 5E 3E 00 B3 68 EE 00 8D 83
F1 B5 33 83 CE 41 33 B5 6E 00 33 06 F7 40 09 8E
13 15 86 00 63 42 05 10 B3 68 C3 00 32 87 E3 96
08 F0 81 4F 81 46 81 47 C9 BE 37 07 80 FF 7D 17
7D 8F 93 77 73 00 33 08 D8 40 E3 97 07 B8 13 56
33 00 9D BD 46 85 B3 65 D7 01 ED C1 13 08 F5 FF
63 0B 08 24 93 05 F0 7F E3 07 B5 C6 13 06 80 03
63 59 06 33 13 03 FE FF 33 3E 6E 00 33 87 C7 41
13 16 87 00 B7 07 80 00 63 41 06 3A B6 85 2A 88
89 BE 93 06 0F FE 13 06 00 02 B3 D6 D7 00 63 0A
CF 00 13 06 00 04 33 06 E6 41 B3 97 C7 00 33 6E
FE 00 33 33 C0 01 33 63 D3 00 11 B6 37 07 80 FF
7D 17 F9 8F 93 98 D7 01 33 08 D8 40 8D 83 39 B5
13 17 36 00 93 56 37 00 13 97 D7 01 B3 68 D7 00
8D 83 21 B1 13 06 F0 7F E3 8F C6 B0 76 9E BA 97
B3 3E DE 01 13 57 1E 00 F6 97 13 93 F7 01 13 76
77 00 33 63 E3 00 13 D7 17 00 63 05 06 32 36 88
11 45 93 76 F3 00 E3 96 A6 AC 13 53 33 00 76 07
B3 68 E3 00 91 83 5D BB B3 0E DE 41 33 3E DE 01
99 8F 76 83 33 87 C7 41 B6 85 01 B5 0E 06 0D 82
B6 85 2A 88 3E 87 49 B3 63 1B 03 0E 63 86 08 2C
13 17 36 00 0D 83 13 96 D7 01 B6 85 B3 68 C7 00
8D 83 61 B6 E3 0A 0F CA 33 85 08 41 E3 05 08 EE
13 06 80 03 63 54 A6 08 13 03 FE FF 33 3E 6E 00
33 87 C7 41 13 16 87 00 B7 07 80 00 63 42 06 1E
B6 85 46 88 B9 B4 33 8E CE 41 B3 07 F7 40 B3 BE
CE 01 33 87 D7 41 93 17 87 00 72 83 E3 C4 07 D8
13 5E 3E 00 13 16 D7 01 B3 68 CE 00 93 57 37 00
05 48 29 BB 0E 05 13 56 35 00 FD B9 C2 86 81 47
81 48 25 BC 13 06 0F FE 93 06 00 02 33 D6 C7 00
63 0A DF 00 93 06 00 04 B3 86 E6 41 B3 97 D7 00
33 6E FE 00 B3 36 C0 01 D1 8E 95 BC 37 06 80 00
B6 85 51 8F FD 46 63 CD A6 06 93 06 00 02 89 8E
33 13 D7 00 B3 96 DE 00 B3 DE AE 00 B3 36 D0 00
33 63 D3 01 33 55 A7 00 33 63 D3 00 89 8F 33 03
6E 40 33 3E 6E 00 33 87 C7 41 46 88 71 B2 E3 9A
08 AA 0E 05 93 57 35 00 13 16 D7 01 B3 E8 C7 00
93 57 37 00 59 BC E3 09 0F D6 B3 86 08 41 E3 03
08 B8 13 06 80 03 63 56 D6 0C 93 96 87 00 13 03
1E 00 46 88 37 07 80 00 E3 C5 06 A0 3E 87 95 B2
93 06 05 FE 13 06 00 02 B3 56 D7 00 63 09 C5 00
13 06 00 04 09 8E 33 17 C7 00 B3 EE EE 00 33 33
D0 01 33 63 D3 00 61 B7 E3 84 06 E2 33 EE C7 01
E3 11 0E A4 79 B7 B3 0E DE 41 99 8F 33 3E DE 01
33 87 C7 41 93 17 87 00 76 83 E3 C4 07 C6 93 DE
3E 00 13 16 D7 01 B6 85 B3 68 D6 01 93 57 37 00
05 48 ED BE E3 87 08 D4 3E 87 F2 8E B6 85 A9 B6
33 85 CE 41 33 B8 AE 00 33 06 F7 40 33 06 06 41
13 18 86 00 63 5B 08 0C B3 0E DE 41 99 8F 33 3E
DE 01 33 87 C7 41 B3 E7 EE 00 76 83 B6 85 E3 8A
07 B4 93 17 87 00 63 DF 07 10 93 FF 16 00 85 46
C1 BE 37 06 80 00 51 8F 7D 46 63 47 D6 06 13 05
00 02 15 8D 33 16 A7 00 33 95 AE 00 B3 DE DE 00
33 35 A0 00 B3 56 D7 00 33 66 D6 01 33 67 A6 00
B6 97 3A 9E 33 37 EE 00 3E 97 72 83 46 88 31 B2
46 88 B6 85 13 87 F7 FF 7D 53 E1 BA 0E 06 0D 82
36 88 3E 87 91 B6 13 97 D7 01 13 5E 3E 00 B3 68
C7 01 8D 83 05 48 99 B6 E3 0D 06 AC 3E 87 F2 8E
61 BC B6 85 42 85 B9 BD 13 86 06 FE 13 05 00 02
33 56 C7 00 63 8A A6 00 13 05 00 04 B3 06 D5 40
33 17 D7 00 B3 EE EE 00 33 37 D0 01 51 8F 51 BF
13 06 00 02 15 8E 01 45 C9 B2 B3 68 C5 00 E3 8A
08 C4 32 87 AA 8E 89 BC 37 07 80 FF 7D 17 F9 8F
13 97 D7 01 13 5E 3E 00 B3 68 C7 01 13 97 97 00
93 57 C7 00 85 46 6F F0 5F 80 8D 82 76 07 B3 68
D7 00 91 83 09 48 D9 B4 81 4F 93 06 F0 7F B7 07
08 00 6F F0 8F FE AA 86 01 BF 2A 88 B6 85 39 BA
AE 86 C5 BD 13 53 33 00 76 07 B3 68 E3 00 91 83
36 88 69 BC B6 85 9A 8E C5 BA 13 D7 45 01 B7 07
10 00 FD 17 13 47 F7 FF 13 D8 46 01 FD 8D F5 8F
93 16 57 01 13 78 F8 7F 99 CA 13 07 F0 7F 01 45
63 03 E8 00 82 80 D1 8F 33 35 F0 00 82 80 C9 8D
05 45 E5 D5 82 80 93 D7 45 01 B7 06 10 00 13 87
F6 FF 93 F7 F7 7F 13 06 E0 3F 6D 8F FD 81 63 5B
F6 00 13 06 D0 41 63 59 F6 00 37 05 00 80 7D 15
2E 95 82 80 01 45 82 80 13 06 30 41 55 8F 63 4A
F6 00 1D 8E 33 57 C7 00 33 05 E0 40 ED F5 3A 85
82 80 93 06 30 43 9D 8E 93 87 D7 BE 33 55 D5 00
33 17 F7 00 49 8F CD B7 39 C5 93 57 F5 41 B3 C6
A7 00 9D 8E 01 11 13 57 F5 01 36 85 36 C6 3A C4
06 CE 51 26 93 07 E0 41 89 8F 29 46 22 47 B2 46
93 F7 F7 7F 63 5C A6 02 55 15 33 96 A6 00 F2 40
32 06 31 82 D2 07 81 46 D1 8F 7E 07 36 85 B3 E5
E7 00 05 61 82 80 81 47 01 46 01 47 D2 07 81 46
D1 8F 7E 07 36 85 B3 E5 E7 00 82 80 2D 46 09 8E
33 D6 C6 00 F2 40 32 06 55 05 31 82 D2 07 B3 96
A6 00 D1 8F 7E 07 36 85 B3 E5 E7 00 05 61 82 80
1D C9 01 11 06 CE 2A C6 39 26 13 07 E0 41 09 8F
A9 46 B2 47 13 77 F7 7F 63 D5 A6 02 55 15 B3 96
A7 00 F2 40 B2 06 B1 82 81 47 52 07 3E 85 B3 65
D7 00 05 61 82 80 01 47 81 46 52 07 B3 65 D7 00
82 80 AD 46 89 8E F2 40 B3 D6 D7 00 13 06 55 01
B2 06 B1 82 B3 97 C7 00 52 07 3E 85 B3 65 D7 00
05 61 82 80 5C 45 83 28 45 00 0C 41 14 45 13 96
07 01 01 11 13 95 17 00 41 82 3E C6 13 D8 F7 01
46 C2 46 CA 32 CE 13 57 15 01 2E C0 2E C8 36 C4
36 CC 93 08 01 01 7C 08 13 15 36 00 03 A6 C7 FF
F1 17 93 56 D6 01 C9 8E D4 C3 E3 97 F8 FE 93 06
17 00 8E 05 13 96 16 01 2E C8 49 82 0D C6 F1 76
93 86 06 40 36 97 93 06 E0 7F 63 DC E6 06 93 07
F0 7F 01 47 81 46 D2 07 D9 8F 7E 08 36 85 B3 E5
07 01 05 61 82 80 D2 47 62 45 72 46 B3 E6 A7 00
D1 8E CD 8E 19 EF CD CE 15 46 81 45 0D 82 93 96
D5 01 D1 8E 13 96 95 00 93 77 F7 7F 13 57 C6 00
D9 B7 D5 DE 12 06 13 57 C5 01 51 8F B7 06 80 00
F9 8E 63 8A 06 1C 13 D6 C7 01 B7 07 80 FF FD 17
12 05 7D 8F 49 8E B7 07 40 00 5D 8F 61 9A 81 47
81 A8 63 51 E0 08 D2 47 E2 46 72 45 13 96 47 00
4D 8E F1 83 93 95 46 00 CD 8F 33 36 C0 00 5D 8E
F1 82 93 15 45 00 93 77 76 00 D5 8D 63 9A 07 10
B7 07 80 00 ED 8F D9 D3 05 07 93 07 F0 7F E3 08
F7 F4 B7 06 80 FF FD 16 93 77 F7 7F 33 F7 D5 00
0D 82 93 16 D7 01 D1 8E 13 16 97 00 13 57 C6 00
D2 07 D9 8F 7E 08 36 85 B3 E5 07 01 05 61 82 80
81 47 01 47 D2 07 D9 8F 7E 08 36 85 B3 E5 07 01
05 61 82 80 93 06 C0 FC 63 4B D7 0C 13 05 D0 03
19 8D F2 4E 93 56 55 40 37 07 08 00 13 9F 26 00
B3 EE EE 00 B3 85 E8 01 7D 89 2E 8E 76 CE 46 87
01 46 03 23 07 00 11 07 33 66 66 00 E3 9B E5 FE
0D 43 33 07 D3 40 51 ED 8C 41 05 05 91 07 23 AE
B7 FE 63 4B A7 00 B3 85 E7 01 8C 41 05 05 91 07
23 AE B7 FE E3 59 A7 FE 91 47 B3 86 D7 40 11 47
15 8F 0A 07 8A 06 A1 45 B3 87 D8 00 63 68 B7 00
23 A0 07 00 23 A2 07 00 61 17 AE 97 91 46 63 64
D7 00 23 A0 07 00 C2 47 D2 45 33 36 C0 00 5D 8E
B3 66 B6 00 81 47 01 47 E3 87 06 E6 93 77 76 00
C1 EF 93 97 85 00 05 47 E3 C5 07 F0 01 47 BD BD
93 77 F6 00 91 46 E3 85 D7 EE 93 06 46 00 33 B6
C6 00 B2 95 B7 07 80 00 36 86 ED 8F E9 BD 01 47
A1 BD 46 9F 83 25 0F 00 13 0F 00 02 33 0F AF 40
B3 95 E5 01 4D 8E 63 86 66 04 81 4F 83 25 0E 00
03 23 4E 00 93 82 1F 00 B3 D5 A5 00 33 13 E3 01
B3 E5 65 00 8C C3 11 0E 91 07 85 4F E3 C0 E2 FE
91 47 B3 86 D7 40 93 17 27 00 C6 97 B3 DE AE 00
23 A0 D7 01 2D BF 01 48 93 07 F0 7F 37 07 08 00
D9 BB 85 46 01 47 C5 B7 93 77 F6 00 11 47 E3 82
E7 F6 01 47 9D BF C1 67 63 76 F5 02 93 37 05 10
93 B7 17 00 8E 07 13 07 00 02 1D 8F 33 55 F5 00
97 67 00 00 93 87 07 E3 AA 97 03 C5 07 00 33 05
A7 40 82 80 B7 07 00 01 63 70 F5 02 41 47 BA 87
33 55 F5 00 97 67 00 00 93 87 C7 E0 AA 97 03 C5
07 00 33 05 A7 40 82 80 E1 47 33 55 F5 00 97 67
00 00 93 87 27 DF AA 97 03 C5 07 00 21 47 33 05
A7 40 82 80
@0000C7C8
45 03 00 00 45 F9 FF FF 96 F6 FF FF 81 FF FF FF
36 FB FF FF A8 1D 00 00 F2 0B 00 00 05 0E 00 00
88 05 00 00 46 FA FF FF 66 DA FF FF F7 15 00 00
BF 0E 00 00 06 F7 FF FF FF 0E 00 00 CF FF FF FF
B4 27 00 F8 5D E1 DD 16 0D C4 4D 1A 20 43 DA 29
27 B8 C3 34 EF 10 34 CB D8 D8 D0 D2 0B 32 05 DD
A4 DC 0F DF E7 1B 3D 0B D9 A4 EF E9 F3 27 27 64
35 36 F0 33 F8 33 EF A7 3F F2 17 1C 0B 2D F4 B0
9D 07 81 E8 28 D9 33 29 B9 EA 37 88 1B 5E 10 7A
36 2E EF DF 53 DF EB 17 24 BE 51 DD EF 1D D8 C5
49 E9 D3 4E CA D0 54 FB D6 46 DA DE C3 AA D9 06
D3 12 54 69 47 1A CA D7 05 BD E1 2D 24 2B 19 0A
11 DA F3 CA F2 62 00 B7 B3 0A EF E2 C2 08 C7 C6
27 06 F1 FB F1 2F 00 DD DE 1E F4 CF 5A 4D 33 08
3B 3B EE 3A 2A 42 2A 09 CA 92 C2 1D 2C FF E9 2E
07 DC 91 F8 26 3E 02 EC 37 13 02 BB C8 F1 E4 6D
17 CB 57 38 CA EA EE D2 2F DA 93 14 F8 A9 F3 EE
1A 3A 21 8C 17 66 F6 00 23 2C 0B 03 65 62 31 74
1E D9 E0 0A 02 CE EC C0 BE F9 14 F5 F3 EF BB AB
FB BF E1 FD E5 36 E0 00 4F C5 49 3A DB 21 2B E8
F6 0F A2 0F 39 C8 15 E8 A4 00 3A C4 24 34 20 41
3C FF 16 11 1A 01 DD FE CC 10 F7 C8 F4 C0 B7 F9
3A 2B 40 05 03 45 0D 11 21 EC 3B 5F FD DA 10 4A
28 E2 D1 D3 1E C8 D6 B8 57 DD C2 AA 0E 4F F9 C4
DF 35 2A F3 1B E3 C6 19 E3 0B FE 14 10 2B FB 13
1F 34 06 19 1F 00 08 17 EF 0B 23 D6 D0 E6 FE C4
E9 D8 E5 C5 19 E4 F4 10 0D 1F 50 C1 EC 58 E8 CA
3E EC 56 4C 1A 0A 5F C8 BB 12 E0 F4 FE 0D C3 30
D1 05 36 CD D5 1C AE 04 53 ED 00 62 1C 04 07 EA
AC 42 CA D4 33 F1 3B FA E3 9A E9 2C 26 EF 1E 5E
4B EF A2 27 FC 35 32 EE 40 1F DD 8F CA 29 D9 D4
0E 0D 0E 10 0F 0D 0F 0E 0F 0F 0E 0E 0E 0F 10 12
12 10 0E 0E 0E 0C 0D 0C 0E 0C 0D 0D 0E 0E 0D 1C
25 0B 0D 0E 0B 0A 0E 0C 0D 0C 0A 0B 0C 0E 0F 0E
0C 0A 0A 0B 0A 09 0A 09 0A 08 0B 0B 0C 0A 09 18
25 0C 0D 0F 09 0A 0D 0C 0C 09 07 0A 0B 0B 0C 0A
0A 0B 0A 06 03 02 02 04 08 07 0A 09 0B 0A 0A 19
23 0A 0B 0E 0B 0C 0E 0E 0C 0A FB 0C 0E 08 09 0C
0D 0D FF FB FB FE 00 01 02 02 04 07 0A 0B 0A 19
20 09 0A 0E 0D 0C 0E 0E 0C 0B FE 21 14 08 0D 0E
0B FC F0 FF FF 01 FF 01 01 04 08 06 08 0B 09 19
1F 0F 07 0A 0D 0C 0E 0D 0B 0D 0C 21 FF 01 06 FC
F9 F4 FB 05 03 05 03 FF 01 0A 02 01 05 0C 0A 1B
1B 0F FA FD 0B 0E 0E 0D 0D 0C 0D 0D FD 01 FF F7
03 00 FC 04 0A 08 00 FE 0A 04 FF 02 03 0C 0A 1A
1B 0A E9 01 11 0E 0B 0B 08 0B 05 FB FB 08 03 FC
06 03 00 06 0C 06 FF 05 06 00 FF 00 01 0A 0B 1A
24 03 E1 06 17 0C 09 01 FA 04 F9 F2 06 0D 04 FC
02 04 02 FF 07 01 FF 03 FD FF FE 05 00 04 0C 1C
2E F6 E9 11 13 09 0D F3 FA 0C 05 FF 0E 07 FD FD
01 09 FA EF 0B 01 01 00 FE 03 00 04 02 01 0A 1B
37 ED F2 12 12 02 10 F7 09 16 0A F2 08 04 FD 02
00 08 EF ED 12 03 0D 00 FA 04 03 01 FF FB 08 1A
3C E8 FE 0A 10 02 11 06 04 0D 07 F2 02 08 FF 01
FA 0D E1 F8 1F 04 0D F9 FB 03 03 00 00 FB 07 16
40 E1 FA 13 0D 01 0F 0C F1 1A 05 EF FA 0E FE FE
FF 0C DF 0A 1C FF 05 F7 00 03 03 FC 01 FC 09 11
40 DA 00 1E 01 FC 0C 10 F1 18 F7 F6 07 15 FF FD
04 0A E0 0F 14 FE FF FB FE FE FC FD 05 02 09 12
3C DC 08 16 F7 FA 0B 0E F2 0A EC 02 0E 0D F9 FD
08 07 E7 0F 11 FD 00 03 FF FE 00 06 0B 06 06 18
38 E3 08 09 FD F1 09 09 FA 05 F9 13 1B 07 01 07
02 FF F4 13 0B 01 05 FF F8 FF 03 09 0E 02 06 1F
34 EB 01 02 09 ED 06 06 07 FA 07 1E 0D F7 00 02
FE FF FC 18 09 05 05 06 02 04 06 07 03 FE 0C 1F
34 F2 FE 02 0C F0 FB 04 08 F6 18 04 00 FD F3 05
FC FA 0A 13 F2 04 0E 02 FA 00 01 05 04 0C 11 1E
34 F8 FE 01 09 F9 F4 0B 01 FD 11 EF 06 FF F5 0F
FD FB 0F FC FE 19 04 F8 F5 00 00 0B 0C 11 0C 1D
2D FE FD 00 07 01 ED 03 02 FE 0C F3 0F F2 F6 10
FE FC 0E 04 0E 0A FC FC F4 06 02 10 0F 0A 09 1C
1E 03 FF FF 07 07 E9 F4 05 00 F6 E4 FB E8 02 0D
FA F9 0D 04 00 F2 F3 F4 F6 FF FB 07 04 FD FF 15
0A 0A FD FD 08 05 DC EF 09 FD FC F8 FF 08 12 0A
04 FC 04 FD F3 F3 F5 F6 FF FB FE FE FB F7 F9 10
03 10 FD FC 05 F9 D8 05 15 0A 05 08 05 0A 06 01
FE F4 F6 EF F6 FB FC FB FA F8 F9 F9 FD F7 F8 14
08 0A F9 FC 07 F7 E8 15 14 17 FF EA F7 FA F6 F7
F5 F2 F9 F8 F9 FA FA FA F6 F7 F8 FA F9 F6 F8 14
09 00 F8 FA 0B ED F1 16 1A 05 E7 EF F8 FA FA FA
FC FC FA F8 F8 F9 F7 F5 F5 F9 F9 F8 F8 F5 F2 16
0C F9 FB 01 02 E2 02 1F 13 E8 EB F7 FB FC FB FA
FA F9 F8 F7 F8 F7 F6 F6 FA FD FB F7 F6 F1 F5 21
10 F6 F7 FD FB E5 0E 21 F9 E4 F8 F9 FD FA F8 F9
FA F8 F8 F8 F8 F7 F9 FB FE FA F6 F0 F1 F9 03 21
10 F5 F6 F8 FA F3 0E 1D EA F2 FB F9 FA F8 F9 FA
FA F8 F9 F8 FA F9 F9 FA F9 F6 EF F0 FE 08 FB 14
0F F5 F6 F8 F9 FA 0B 14 E9 F7 FA F8 FD F8 FB FA
F8 F6 F7 F8 F9 F8 FA FB F5 F1 EF FD 01 FE EB 15
12 F9 F5 F8 F8 FB 01 09 E9 FA F8 FA FC FB FD F8
F9 F9 F9 F8 F9 FA FA F5 F1 F1 F9 00 FA F9 F1 19
13 F7 F4 FA F7 FB FB FF F9 F8 F8 FE FC FB FB FA
FC FA F7 FB FE FB F9 F3 F5 F9 01 01 FE F4 F6 13
21 0C 09 0D 0A 0C 0B 09 0C 07 07 0B 08 0B 0B 07
08 09 0C 12 0F 09 0C 09 0E 13 19 13 0A 02 0D 10
D0 CE CD CF D0 CE CE CF CE CE CE CF CE CC CA CB
CC CD CE CF D2 D3 D3 D3 D4 D4 D4 D4 D4 D6 D9 F4
EF E4 E3 E3 E2 E1 E1 E1 E2 E3 E3 E3 E2 E1 DF DF
DF E0 E3 E7 EA EC ED EA E8 E7 E7 E6 E5 E5 E6 F1
EE E2 E2 E3 E2 E1 E1 E1 E0 E0 E4 E5 E4 E3 DF DE
DF E4 EE F4 F8 FA F7 F6 F1 ED EB E7 E4 E3 E6 F1
EC E1 DF DF E0 E0 E0 E1 E0 E0 DD E0 E9 E6 E2 E5
EA F5 F6 F5 F8 FC 02 FF 00 F9 EF E9 E7 E5 E5 F1
ED E2 E4 E2 E2 E1 E1 E1 E0 E0 D7 E3 F0 EE EE F8
02 F9 F2 F7 FD FE FD 01 FC FC FC F2 EC EA E8 F1
F6 F0 F0 E9 E3 E1 E0 E0 DF E2 F7 F8 F2 F9 02 FD
F6 F6 FB 00 03 03 06 FF FE 05 03 FA F0 EA E8 F2
FB 05 02 ED E3 E1 DE DD DF E1 EC F3 EF F0 F4 F6
F9 FF FE FE 05 0A 04 FF 05 01 01 01 F7 EE EB F2
FC FC FD F3 EB E4 E0 DF E2 E8 EE ED ED F4 F9 FC
FE 03 05 01 01 04 02 05 03 03 00 00 FD F2 EB F3
FD 01 F2 F2 F3 E8 E0 E4 E3 F0 F0 EC F6 FF 03 04
03 01 0C 0A FF FE 05 05 00 FD FF 01 01 F5 ED F5
FC FE FE FA F6 EC E6 DE DE E4 F6 FE 04 04 01 00
04 07 02 FE 00 FE FC 00 01 FE FC FC 03 01 F3 F6
0C 02 04 06 FB EC ED ED F9 05 07 03 02 03 FC 02
01 03 FD F4 FD 00 03 04 FE 00 02 FF FD 02 FD FA
09 10 0C 05 FA EC E6 05 0C 08 07 03 FC FF 04 FC
FE 03 F8 F6 05 0B 0A 05 04 FF 00 FF FD FD FF FD
0B 11 0C 0B 00 EF E4 F0 FE 07 0D 00 F9 FC 01 FE
FA FE FC 06 0C 0D 07 01 04 05 03 00 FE FC FA FC
08 08 09 18 0A F2 E7 E9 F7 01 F9 FA 01 02 02 03
03 FF 01 08 0B 0A 06 03 05 05 FF FE FF FD F5 F9
04 09 0D 10 0A FB EE EC F7 FA F5 FE 13 14 04 FF
07 05 02 07 0C 03 FE 03 00 FE 00 00 00 FE F1 F6
03 0C 10 09 09 02 F7 EF EE F7 F7 F8 11 11 0B 0C
02 FB 02 06 01 08 0C 07 03 01 03 04 01 F4 EB F5
05 0F 10 08 0A 07 01 F6 00 FA 09 20 0E 09 08 05
03 FE F8 01 04 FD FD 02 05 06 07 05 F7 EA EA F4
06 11 13 10 0C 11 05 FD FB 01 0E 11 08 02 FD 02
02 F6 04 12 01 FD 0B 09 05 05 FE F5 EC EA E9 F2
07 0F 15 13 0A 0D 0E 05 FC 06 0C FC FA FA F7 02
07 00 FA F0 FE 11 06 01 FE FB F6 EC EB EC E8 F1
09 0E 11 12 0C 0C 10 11 08 FB 03 03 04 FE F8 FF
0B 0A 00 FB 04 0A 04 FF FB F6 F4 EE ED EA E9 F2
08 0A 10 10 0D 0B 09 00 11 18 03 06 00 F9 05 07
02 0E 11 13 0D 04 08 04 0A 07 FF FD FB F9 F9 FA
08 0D 11 0F 11 12 07 F9 F2 01 FF F9 FD 0A 12 0F
09 06 0D 0C 06 03 FF 06 0E 12 16 12 0D 0F 0F 07
0D 16 14 12 0F 07 FB 09 0E 01 13 20 21 28 28 25
21 1A 0D 06 09 10 14 16 19 1D 1C 1B 1B 1A 1A 11
1F 25 19 15 0D 02 02 10 1C 30 2B 23 26 26 26 23
1A 18 17 18 18 19 1D 1F 1E 1E 20 21 1F 1E 20 14
1E 34 25 19 1D 0C 08 13 29 28 18 15 15 16 15 17
18 1A 1B 1C 1D 1E 1E 1E 1D 1D 1E 1E 1F 21 1F 13
11 28 2C 25 17 0A 0E 20 2C 1B 15 19 19 1B 1B 1B
1A 1A 19 1A 1C 1D 1E 1C 1E 21 20 21 22 1D 1A 16
14 25 27 2B 19 0F 18 27 1C 15 17 1A 1D 1C 19 19
19 19 19 1B 1D 1D 1E 23 27 27 27 24 1E 20 29 1A
16 25 23 23 27 1F 1F 21 16 14 1B 1B 1A 1C 1B 1A
1A 1B 1D 1D 21 25 25 24 24 26 22 1F 28 32 2F 15
15 25 24 22 26 33 29 22 1C 18 19 1B 19 18 1B 1D
1D 1C 1C 1F 20 20 24 25 22 1E 1D 2B 33 2F 22 12
13 27 24 24 22 2B 34 21 1A 1F 1E 1D 1D 1B 1A 18
17 1A 1D 1E 1F 21 22 20 1B 19 22 27 26 24 22 13
15 25 23 22 21 1D 22 1D 19 1A 1B 20 22 21 1D 1B
1B 1A 18 1A 1F 1F 1C 1A 1A 1B 21 27 2B 20 23 15
12 1B 1C 1C 1B 1A 17 16 15 14 14 15 15 19 1C 1A
17 16 17 1A 1A 17 18 17 19 1E 21 23 20 1A 18 10
27 0B 0D 0C 09 0B 0D 0B 0B 0A 0C 0D 0C 0C 0B 08
07 08 0B 0D 0B 0B 0B 0B 0B 09 0A 08 08 06 05 F6
15 E8 EC EA E6 ED EC EB EA EA EF EF EB E9 E8 E6
E9 EC EE EA E7 E7 E8 EB EB ED ED EB EB EA EB D2
13 E8 ED EC E9 EE EC EB E9 ED F5 FA EF E7 EA ED
EF EE E7 E9 EE EE EC EC EB E9 E9 EB EC EC ED D2
15 ED F1 EF EC ED EC E8 E9 EE 01 0F EB E5 F0 EF
E5 DD E6 FD 00 FE F8 F8 F4 F2 EF ED ED EC EB D0
1A F0 EF EC EA EB EA E6 E8 EE 06 F7 C6 D8 E5 DC
D8 E2 04 0F 04 FB F6 F7 F9 FA ED EE F0 EE EA D0
1B EA DB E4 E9 EB EA E8 EA ED FC DC C5 DB E3 E5
F1 00 15 11 FF F0 E9 ED F9 EA E8 F1 F7 F2 EA CF
21 E4 DA F7 F5 EA E9 EA EC EC EE E6 EC F4 EE FC
05 01 0C 0E FA E6 E4 F3 ED E0 E6 F1 FC F6 EA CC
33 DF EE 1B 01 E7 EA EF F2 F2 E7 F6 0D FE E9 F4
F8 F4 00 03 F2 E0 E8 F0 E5 E7 E9 F0 FA FB F0 CC
3B DE 04 27 F7 E3 EE F9 11 0E FE 10 13 EF DF EA
F4 ED F0 01 01 E8 E9 ED F0 F1 F2 F1 F5 FC F5 CC
39 D9 13 16 E0 D9 EC 02 2E 0D F3 FF 04 E3 E0 EE
F3 EC EA 16 1E F5 EC E9 F5 FB F3 ED EF FC FB CE
39 D8 12 FF D3 D4 EA 06 1B EF C9 E6 FA E8 E4 ED
EE EB F3 33 26 F2 E4 D7 F2 FB F2 ED EC FB 03 D3
33 DB 0E F8 CD D3 E5 FB 08 F9 C5 E1 FF EF E2 E9
F6 EA 02 47 0F DB D3 D5 F5 F7 F0 EE F1 F8 FF D8
2D D8 1C F9 BE D1 E4 E6 0D 0B D2 F4 13 F3 DA EC
F7 E5 0B 40 F5 D0 D0 DF F4 F5 F0 F5 F6 F6 F4 DA
2D E1 27 EC BB DC E9 DE 01 06 EA 16 13 E5 CB E8
F4 DC 08 2E EE D0 DD EB F4 FA FE 02 F8 EF E9 D8
32 EC 1F DE CA E9 F5 E0 F9 0A 0F 25 05 D3 D1 E3
E4 DA 08 1E E8 D7 E0 E3 ED FD 04 FF ED E1 E9 D7
3B F0 12 E5 D6 EB 04 E7 F5 03 1E 11 D1 C0 DD DF
DD E0 04 12 E8 DF DF E2 F0 FC FB F0 DD DF F5 D2
47 EF 08 F3 D5 E4 03 F1 EB F8 17 E5 B6 C5 DD EB
EA ED 04 FA DA E4 E0 DA E9 F6 F3 EB E6 F7 F9 CC
4C EB 01 F6 D2 DC FF 00 E2 FB FA D9 E5 E3 F6 FF
EF FB 02 E3 F0 F9 D0 CB E6 F8 F7 F6 F6 F9 EC C5
49 E8 F6 F4 D8 D6 FC 04 E4 F0 EB ED 05 F0 0D 05
EB FC F5 E7 05 EC CE E0 F8 08 05 05 F7 EC E7 C6
42 EB EF F3 E2 D3 F3 0E F9 E3 D7 F4 04 FE 20 FC
E0 F6 F0 E1 DB CE E0 F0 08 09 02 03 EE E7 EB C7
40 FC EB F2 E9 CD EA 20 18 F4 E6 0C 1A 28 27 F3
DE F1 F1 E2 D9 E2 F9 09 18 09 05 FB EC ED F2 C9
49 0D E9 F4 EA CD F9 42 1A F4 FA 0A 13 13 F6 DB
D1 D5 E3 EB FF 09 0C 14 0F 0B 05 F9 F2 F2 F6 CB
4C 07 E6 F4 EC DD 1B 4C 08 D3 C2 CD E6 E0 D3 CE
CC D5 E3 F6 07 0A 08 04 FF 00 FF FC F6 F5 FB CF
43 F9 E6 F2 EB E1 23 2B EC B4 9C CA EB EC EC EC
EC F1 F6 FB FD FC FD FE FE 00 00 FE FA FB FC D0
3D FB F6 F9 E4 E9 29 0F C5 97 C3 EF FD FF FC FD
FC F9 F8 FC 00 FD FE 02 06 04 FF 00 FF FF 06 D8
3A F7 01 FF E8 09 31 F2 9F AF EC FC FD F8 F8 F9
FA FA FD 01 03 03 05 07 04 FB F7 FA 00 07 0E CC
36 F0 FA 01 FB 1D 24 D1 9D DA FC FD FA F6 F9 FB
FD FE 01 02 03 02 01 00 F8 F3 F4 01 0C 07 F5 B3
36 F1 F8 FE 06 1A 0D BD AB E9 FB FD FC FA FD FC
FC FD FF 00 FF FD FC F8 F2 F6 02 13 07 E8 DC BD
3A F3 F9 FE FF 0F FD BF B9 EB F2 FB FB F9 FC FB
00 03 03 00 FC FB FA F7 F9 05 14 0F F3 DF EB D5
3A EF F8 FF FA FF FF D8 DA EF F5 FB F6 F3 F2 F7
00 04 04 03 FF F9 F6 FB 09 15 15 FE EC E4 FA D6
34 EC F8 FE FB F8 F9 F3 F0 F2 FC FE F7 F6 F1 F2
F8 FB 01 00 F6 F3 F8 01 10 14 05 EC DF E4 F9 D2
0A C8 D2 D8 D7 D4 D2 D7 D6 D8 E1 DF DE DE DB DE
E1 DF DC D1 C6 CC D4 DC E3 DA C5 B4 B6 CE D6 BF
D5 FC F9 FD 00 FD FB FE FE FE FB FB FD FC FC FE
FF FE FC FC FF FE FD FD FD FF FE FF FF 00 00 18
C1 FF F9 FD 03 FE FC 00 00 00 FC FC FF FF FF FF
00 00 00 01 02 02 FE FD FD FE 00 01 00 02 03 22
C2 00 F8 FB 01 FC FD 00 00 FF F7 FA 06 03 FE FF
FF 05 05 00 01 04 04 FE FD FC FB FF 00 02 02 23
C2 FE FA FC 01 FC FD 00 00 FB E7 F1 19 0D FD 02
08 07 FE F8 FE 04 07 04 01 FD FA FA FC 00 03 24
C2 FE FC FA 00 FD FC 01 00 FA E5 EA 1F 17 06 05
08 02 F2 EC FA 02 0C 09 03 07 02 F4 F3 FD 04 25
C2 08 05 F0 F7 FE FD 00 00 FC EE ED 17 13 0E 07
05 FF E2 E2 FC 07 09 05 07 0D 0F FB EA F5 05 26
C2 14 11 E6 EC FE FE FE 00 00 FE FA FD 06 15 08
FA FE E6 DB FA 11 0B 00 04 13 13 02 EA EA 01 28
BE 22 13 DE EE 01 FE FB FB 06 08 F7 EF 00 17 0B
FB 02 F6 DC EE 14 13 01 02 0D 0F 0C F5 E2 F6 29
AF 27 0A DF FF 0A FE EF E6 00 19 FC EE 07 1A 0F
FF 06 01 DF E0 0B 16 0B 04 04 0B 0E 07 E8 E7 24
A6 23 FA E4 14 15 01 E4 CB F8 25 06 F3 13 18 13
06 08 04 DB D6 02 16 18 02 FD 09 0F 11 F7 E2 19
A3 1D EB ED 1B 1C 05 EF BA E4 22 15 F6 17 1A 0F
0C 11 FF C4 D9 0D 15 1F 03 F8 05 0D 14 07 ED 12
A6 22 D9 F3 1E 1D 06 04 C8 D6 1B 0B E7 0F 23 0D
0A 15 FD B4 E0 1C 18 1F 02 F6 03 08 0C 0B FE 16
A7 25 D3 F9 24 13 02 13 E9 CC 0A FA DD 01 2C 14
04 17 FB B2 ED 25 1D 18 02 F9 F9 00 06 0A 06 21
A6 24 CF 05 30 08 FA 14 FE D3 F7 EB E5 FF 22 12
09 18 F9 B9 FA 21 18 14 05 FC F6 F7 03 0C 06 25
A0 1F D3 0D 3A 06 F0 0F 06 DE DF D4 03 14 16 0E
0C 14 F6 C5 F9 1E 18 13 04 F8 F5 F4 05 0D 01 24
98 1B DD 07 37 14 E9 09 11 E8 D1 D6 10 24 0C 04
08 10 F3 D1 F9 11 13 16 09 F4 F5 FB 04 07 FC 24
8F 1A EA FD 2D 26 E6 FE 16 F9 D8 E7 0B 21 07 02
04 FD F9 F2 F6 F8 18 1B 08 F4 F1 FC 01 FE FA 29
86 17 F6 F8 21 31 EE ED 14 10 F0 FA FC 0A 00 00
0B F2 F7 06 01 F5 11 1B 07 F5 F0 F3 FD F9 FD 2C
81 10 FE F9 15 33 01 E2 08 0E 10 05 EC 00 ED FE
1E F4 EE 0F 09 02 12 12 FC EF F1 EB FB FE 02 2C
82 01 04 FB 0B 2C 0F DE 02 16 1A 08 E1 F1 E0 00
2B 0A F2 07 0A 15 12 01 F4 EA F1 ED 00 05 03 2A
86 EE 08 FD 07 29 0F CD F0 21 1C 08 E4 E9 E0 02
2A 1E 07 0C 08 0C 05 FA F2 EE F3 F4 03 07 01 26
8C D9 0B 00 07 25 00 BB E2 26 29 0E F0 E8 EF 06
1D 21 14 0F 05 FD FA F9 F6 F8 F4 F8 04 08 01 26
9A CE 00 FD 05 1C F2 B7 E3 24 3C 1A FA F6 FE 04
0D 13 0D 0C FF FB F8 F9 FC FD FA FB FF 03 00 25
AE DA EE EF 04 0D DD C5 04 2C 37 20 01 FD 01 00
03 08 02 FF FB FD FC FB FA FB FD FC FF 02 FF 26
BB F4 E9 E0 F9 FB CD DF 27 3D 2A 0D 00 00 01 FF
FD FF FF FC FA FB FC FA F8 FA FF FE FF FD F9 29
BD 08 F5 E2 EB E4 C2 FD 40 3A 0D 00 00 01 00 FF
FF FF FE FC FA F9 FA FA FB FD 00 FC F7 F8 F8 2E
B9 0D 02 F3 E9 CC BD 16 4C 27 00 FD FF 04 01 FE
FE FE FD FB FB FB F8 FA FF 03 FF F5 F2 FC FE 2E
B8 0B 04 FE F3 CF BD 18 49 10 FF FB FE 05 02 00
FE FC FB FC FC FD FA FC 01 01 F9 F3 F7 05 04 26
B8 0D 02 FE FD E9 D0 07 35 07 FE F9 F8 01 03 01
FD FB FC FD FE 01 FF FC FA F7 F5 F6 03 14 09 19
B6 0F 03 FC 00 FD EE FA 1D 05 FC F8 F9 FC FE 00
FB F9 F9 FD 03 04 02 FC F1 EB F1 03 14 16 08 15
B3 0F 06 FC 00 00 02 FD 07 07 FD F8 FB FC FF FC
F5 F5 F5 FB 06 07 03 FA EA E6 F3 0E 19 11 07 1D
CB 07 04 FD FF FF 02 01 01 04 FE FC FF FD FF FB
F6 F6 F5 FA 05 06 01 FB EF EE F7 0B 14 0A 01 18
16 29 2A 2D 2D 2C 2D 2D 2D 2A 29 2C 2D 2D 2E 2D
2C 2C 2B 2A 28 27 26 26 28 28 28 27 25 23 22 15
F4 00 00 02 03 04 04 04 04 04 03 04 03 01 03 03
04 03 FE F7 F3 F1 F1 F5 F9 FF 02 03 03 03 04 00
F6 03 03 05 06 05 05 05 05 06 0B 12 0C 02 02 03
01 FC F4 F4 F8 F9 F3 EE EC EE F5 FE 02 04 05 02
F7 06 06 05 05 03 03 03 03 04 0F 20 17 05 FE F9
EC E6 F2 00 08 0A 08 01 FA F7 F2 F5 FC 01 02 00
F4 FD FB FC 00 02 02 03 02 01 F9 F3 F9 F6 E9 E1
E5 F0 FD 05 09 0C 0D 0B 09 03 F3 EE F6 00 04 01
ED F0 E1 E6 F9 03 04 05 06 03 F7 EA F3 FC FB F9
FE 02 01 07 0C 07 04 08 09 03 FD F2 F1 FB 03 00
F5 FB F2 EF F9 00 02 03 05 01 FA F7 00 0A 0E 0C
09 06 FE 01 0B 09 03 02 00 00 00 FA F2 F5 FF 00
04 0C 0E 0E 06 01 02 03 06 04 FC 02 0C 0E 0B 05
00 02 FA EF F9 09 06 FA F9 01 05 02 F5 F1 FC 00
04 1B 1D 19 10 04 00 06 1B 2B 29 19 0D 07 07 04
00 FC F8 F4 FA 08 0E 08 02 04 0A 0B FF ED F0 FB
F8 11 1A 14 0C 04 FC FD 0C 1D 1F 13 0A 08 0A 0B
03 FE FD 05 0C 10 11 0B 06 07 08 08 06 F7 EB F1
F6 06 07 0B 0D 0A 04 F3 DF EF 02 0A 0B 12 0D 0A
09 04 04 0E 15 0F 06 02 00 03 07 09 0B 06 F8 F0
F6 03 FD 06 09 09 08 00 E8 EA F4 FC 07 18 16 0C
10 10 0E 09 06 04 FD 01 FF FD 00 05 0C 0D 06 FA
F6 0A 06 03 F9 FA 02 07 FE F2 FA 07 0A 13 19 11
0B 0D 0E 01 FF 02 FF 01 FE F9 FB 06 0D 0F 0D 05
FA 12 09 05 FD F5 FA 02 FF F3 02 11 04 F7 02 0C
0A 04 05 FC FF 04 0A 0C 07 06 06 09 0D 0B 0A 08
FC 14 06 08 0D FE F9 02 07 02 0A 17 14 FB F9 FB
FD 04 05 F9 FF 06 02 FE FE 03 06 05 05 06 09 08
FC 13 06 0D 17 09 FD 04 06 FC FD EF F0 F8 F7 F4
F9 03 08 00 FF 07 0A 08 02 FD FD FB FD 09 0E 07
FD 13 06 09 12 0A FB 06 0B FF F0 DC E1 F4 FA FC
FE 06 08 EF E3 F5 02 FC F7 F3 F5 FE 07 0E 0B 03
F9 12 08 03 0C 10 FF 01 0D 0A F1 EC FA 05 0C 0C
05 02 06 03 00 F2 ED F3 F8 FC FF 09 10 0A 04 01
F1 0B 08 04 0B 12 03 F6 FE 0C 0A 00 FE 05 0F 17
10 FC FB 0B 0D F8 F0 F9 02 0E 11 12 11 09 06 02
EA 06 0A 06 09 10 0B 07 09 FD FB FE F8 08 12 15
1A 08 EE E8 E7 ED F4 F7 FC 00 03 03 00 FC FC FB
E7 01 09 06 05 05 05 12 2E 30 20 1F 1D 1F 15 10
1B 18 02 EF EB F7 05 0B 07 FE F5 EB EB EA E9 F1
EA F9 07 06 05 09 13 19 23 35 31 16 01 F4 E8 E7
EF F6 F9 01 07 08 08 08 04 FC F1 EA EB EC EC F7
E4 E1 F7 02 09 18 23 18 0B 01 F4 E5 DA D3 D0 D1
DC EB F3 FC 01 01 FF FB FB FC FA F9 F9 FC FD 04
E8 D5 DC F0 FC 07 13 0D FD E5 E3 EF F2 F2 F3 F2
F5 FA F9 F8 FA FB FC FC FF 03 05 04 02 02 02 0A
FC F1 E3 E2 EF 01 0B 02 ED E2 F3 FF 01 02 00 FE
FE FE FE FF 00 00 01 04 06 07 06 04 03 05 0B 14
FF 03 F6 E5 E8 00 06 FA ED F4 FE 02 01 FF FF 00
00 01 03 04 03 05 07 06 01 FC F9 F9 01 0B 0B 0D
FB 02 FF F5 EC EE F3 F6 FB 03 02 00 01 01 FF 00
01 03 03 03 02 FF FC FD FC F9 F8 FE 05 00 F5 FC
FA 01 01 FF F7 E2 D6 E7 F9 FD 01 02 04 07 05 01
FE FE 00 01 00 FF FC F9 FB FF 06 06 FA EE EC FD
00 05 01 01 FE EC CF D4 F0 F3 F5 F9 FD 02 06 06
06 07 05 03 01 01 FE FC 01 0B 10 09 01 FE FB 01
FC 04 02 02 01 FD EE E6 F6 F8 F7 F5 F2 F2 F7 FF
03 06 09 0B 09 04 01 04 09 10 12 0D 06 03 01 FF
F9 04 04 01 01 00 FE F9 FC FE FD FB F9 F6 F2 F0
F3 F9 00 04 05 04 04 04 05 05 04 03 FF 00 02 04
D4 D7 DB DB DB DB DC DD DF E3 E4 E2 E3 E2 E2 E0
DB D6 D0 CD D2 D7 DA D8 CF C4 BF C7 D6 DF E1 EF
F5 F7 F6 F7 F6 F5 F5 F5 F5 F5 F6 F7 F5 F2 F1 F1
F2 F3 F5 F7 FA FB FB FA F9 F9 F9 F8 F8 FA FC 08
E4 DE DD DE DF DE DC DD DD DE DF E0 DF DB D8 D7
D8 DD E3 E8 EC EE ED EB E9 E7 E5 E4 E2 E4 E8 F8
E3 DE DA DB DD DC DC DC DD DE DF E0 E0 DD DA DC
DF E6 ED F1 F5 F8 F8 F5 F2 EF EA E6 E4 E4 E7 F7
E4 DE DA D9 DB DC DC DC DC DD DE E2 E8 E5 E3 E7
EC F1 F6 FB 03 07 06 02 FD F7 F1 EC E7 E6 E7 F7
E9 E7 E3 DD DA DA DA DB DB DB E0 E6 F2 F1 F0 F3
F4 F7 FC 03 0A 0E 12 0F 0B 07 01 F5 EC E8 E7 F6
F0 F3 F2 E5 DC DA D9 DA DA D8 D7 DC EC F2 F5 F9
FE 03 01 01 06 0B 0D 0D 0D 0E 0B FF F3 EB EA F7
F6 FC FE EC E0 DB D9 DA DC DE E0 E4 EE F8 03 09
09 0A 05 00 02 06 06 07 09 0F 10 09 FA ED E9 F6
FA 0A 0D F9 E8 DE DA DB DF E6 EB EE F3 FC 07 0C
0C 0C 07 00 FF 05 06 04 06 09 0E 0E 04 F2 EA F6
FB 0F 12 02 F3 E5 DF E0 E4 EB F5 F8 FB 01 06 08
09 0C 08 FD F9 02 05 05 06 08 0D 0E 09 FC EF F8
FB 13 11 03 F9 EA E4 EA F0 FD 06 03 FC 02 06 09
09 0A 09 00 F9 01 07 0B 09 08 0C 0F 0E 04 F5 FC
F9 12 0E 05 F8 EA E2 EC F0 F9 01 FF FA 01 06 07
0A 0C 0C 00 FD 06 08 0C 0A 08 0A 0D 11 0C FE FF
FB 13 08 04 FC EC E0 E6 E9 EF FD FB F7 FD 04 04
08 0C 0D FE FF 07 06 0B 08 08 0A 0D 10 10 05 04
FA 13 06 06 02 ED DF E5 EF EF F8 F5 F3 FB 05 05
07 0E 0E FB FE 06 08 0B 0A 08 07 0A 0D 0D 05 07
F9 13 06 09 09 F2 E1 E5 F1 F2 FA F8 FA FF 07 04
05 0C 0C FC 01 08 08 0B 0A 08 07 08 0A 09 02 06
F9 11 03 0A 12 FF EA E8 EF F3 FA F6 FC 00 04 06
06 08 06 FC 00 09 0C 0F 0E 0C 0A 07 06 02 F9 00
F8 10 03 08 14 10 FB F3 F5 F8 FC FE 05 08 03 03
03 03 FE F5 FD 04 06 08 0A 0A 08 03 FD F8 F1 FB
F7 11 08 09 12 18 07 FF F9 F8 F5 F5 FA 01 01 03
05 00 FA F6 FA FF 09 0E 0D 0A 05 FF F7 F1 EC F8
F5 10 0C 0A 0E 15 0B 05 04 FF F8 FA F9 FC 00 04
0B 06 FC F4 F4 FA 05 09 08 03 FD F9 F4 EC E8 F6
F1 0B 0C 0A 0E 15 10 08 0A 05 00 02 FE 04 01 05
0F 09 00 04 05 03 06 0A 0B 02 F8 EE EA E6 E4 F4
F0 03 08 08 0B 13 12 06 0A 0E 0C 0A FF 01 FE 04
10 0B 01 05 09 0D 0E 0F 11 09 FD EE EA E9 E9 F6
F3 FF 06 05 09 12 13 08 07 0B 09 08 03 06 03 06
11 10 05 03 07 0F 12 14 14 13 0C 01 FE FF FF 03
FE 02 08 05 07 0D 0B 01 0A 19 1C 1A 18 16 11 12
19 1D 17 14 16 1B 20 23 23 25 21 1A 19 1B 1C 18
0E 0F 10 0A 08 0E 0B FC 00 13 22 1E 16 13 12 13
17 1C 1E 22 25 27 27 27 29 2B 2A 2A 29 2B 2C 28
17 1D 17 0F 0D 0F 07 FC 04 0E 17 1A 18 18 18 19
1D 25 26 27 29 2A 2A 2A 2B 2B 2C 2C 2C 2D 2E 2B
1D 29 1D 13 0D 08 FD FE 0C 18 21 26 26 27 28 27
26 28 29 29 2B 2C 2C 2C 2C 2C 2D 2E 2F 2E 2E 2B
22 37 2B 1D 14 0D FE 02 11 1E 24 28 28 28 28 27
27 28 2A 2B 2C 2E 2E 2F 2F 2F 2F 2F 2F 30 31 2E
20 39 33 28 1E 12 03 09 1A 21 25 28 28 29 28 29
29 2A 2C 2C 2E 30 31 31 30 30 2F 2F 31 34 31 2C
1F 39 37 32 28 1A 0A 12 23 24 27 28 28 29 29 29
29 2B 2C 2D 2E 2F 2F 30 31 31 32 34 36 33 2E 28
1D 37 37 35 30 23 13 16 25 25 28 2A 29 2A 2A 29
28 28 2A 2C 2D 30 30 2F 2E 30 33 34 34 32 30 27
1D 37 35 34 33 2B 1F 1A 25 26 27 27 29 2A 2A 2A
29 29 2A 2B 2D 2E 2E 2D 2C 2D 2F 33 38 39 34 28
1B 33 32 31 32 30 2B 27 28 2B 2A 29 28 27 28 28
27 27 28 2B 2D 2D 2D 2C 2A 29 2B 32 36 36 32 2B
15 2B 29 28 29 28 27 25 24 25 25 24 25 24 22 1F
1E 1F 21 23 25 26 26 25 23 22 22 26 2A 2B 2A 28
E7 E1 DF DD DE DE DE DE DE E0 E0 DF DE DD DE DF
DF E0 E0 E0 E1 E3 E3 E3 E2 E1 E2 E3 E5 E6 E8 F1
03 FF FF FF FE FB FC FB FC FA FB FD FE FD FE FD
FB FB 00 07 0A 0D 0C 09 06 00 FE FE FE FD FD 01
02 FD FD FD FC FA FA FA FB F9 F3 ED F4 FD FC FA
FB 00 09 07 04 04 0A 10 11 11 09 00 FD FB FA FF
00 F9 F9 FC FC FD FC FC FC FA EC DB E9 F9 FE 03
10 18 0A FA F3 F2 F4 FA 03 06 0B 08 01 FD FE 01
00 00 02 01 FE FE FE FE FE FE 01 0D 08 07 14 1E
18 0D FE F6 F4 F4 F3 F5 F4 FC 0B 0F 06 FD FB 00
06 0E 1F 15 01 FA FC FB FA FC 04 1B 14 04 04 07
00 FB FA F5 F5 FE 03 FC F8 00 04 0D 0C 02 FC 01
FF 06 0E 0D 02 FD FD FC F9 FC 04 0A FF F4 F2 F2
F4 F8 00 FE F7 FE 05 04 06 06 05 06 0C 09 00 01
EF F8 F2 EA F5 FD FC FA F7 F7 01 F8 ED F0 F7 FD
02 00 06 13 0A FC FF 0B 0C 04 00 03 0C 0E 02 00
F0 EA E3 E2 ED F9 FC F3 DA CC D1 E2 EE FA FE 00
04 09 0D 0C 08 FD F6 FC 02 FF F9 FA 04 12 0D 04
FE F7 E2 EC F6 FB FF FC E5 DC DD EA F5 FC FC F8
01 07 09 F8 EF F3 F2 F9 FC FA FC FC FD 09 13 0E
01 01 F8 F7 F8 F7 FA 06 1D 12 04 F9 F7 F2 F9 FB
F9 01 FF E9 E6 F3 FF 04 02 FF FA FB F9 FB 07 11
03 03 03 FE FF F9 F8 FE 1A 1E 16 0A F9 EC F0 F9
F3 F5 F3 ED F9 01 0B 06 03 06 03 FE F9 F5 FB 07
05 FD F8 02 12 08 FC FA 02 14 0E FB F5 EF EC F3
F8 F9 F0 F6 03 05 08 05 05 0A 08 FC F8 F6 F7 FC
02 F5 F4 02 0E 0D 02 FC 00 10 00 EB F8 0D 04 F5
F8 04 FB FD 04 03 FB F8 FD FC FB F8 F7 FB FD FA
FF F0 F9 FF FB 03 00 FB F7 FE F2 E1 E9 0D 0F 08
07 02 FB 05 06 FF 05 07 05 FE F9 FD 01 01 FB FB
FD F1 FA F9 F1 F9 FC F8 F6 04 FD 0E 17 0F 11 10
0D 04 FA 01 09 00 FC FF 03 06 05 0A 0C FF F6 FD
FA F1 FA FA F6 FA 03 F4 F2 FF 11 29 2C 18 0D 08
07 FE F7 16 26 11 04 0B 0D 10 0F 07 FF F6 F8 00
FE F3 FA FE FA F5 03 FF F2 F1 12 1C 0B 01 F5 F4
FF FF F6 FC 00 12 1C 15 0F 09 07 FB F2 F5 FB 00
06 FB FC FF FC F5 FF 0B 04 F2 F7 05 03 FE ED E8
F4 07 05 F4 F0 0B 18 0D 00 F5 F1 F3 F5 FB FE 02
0D FF FC FF FE F9 F8 F8 F7 08 0A 01 09 F6 E8 EC
EC FD 16 1B 1E 18 0F 0C 02 02 FA FB 00 04 03 06
10 00 FC FF 01 06 00 EA CF D1 E7 DF DE DA E5 F0
EB EC FF 15 1B 0D FB F2 F6 01 05 0D 0E 0C 0D 0D
0C 03 FB FC 00 01 F0 DF DD CC CC E8 F9 06 17 1B
16 0F 07 FD F7 F5 F5 F3 F7 00 07 09 07 06 06 08
13 1B 09 FD FA EE DA DE F5 06 17 1F 28 32 36 35
2A 1A 0E 01 FB FA FE 03 05 03 05 06 06 03 02 08
13 2B 27 0F 06 FF E7 ED 05 27 2C 1A 12 13 13 12
0F 0A 08 07 06 05 06 05 03 FF FE 01 03 03 03 08
02 11 1F 1F 14 01 EF FC 1B 2B 15 05 00 00 03 04
05 06 06 04 04 04 02 00 FC FD FF 00 01 FE F6 FB
00 02 0C 1D 1D FD F1 07 22 18 09 02 03 06 06 04
04 03 01 00 00 FF FC FC 02 09 0B 0A 02 F7 F6 06
06 04 06 0D 16 0E 04 0E 13 04 02 05 03 05 06 04
02 01 00 00 01 05 07 06 08 0C 0C 03 FC 03 11 19
07 05 04 04 0A 1B 28 1E 12 07 03 02 00 FD FF 04
06 06 04 03 04 05 09 0C 0B 05 FD FA 09 1A 1D 17
00 03 05 04 06 13 32 36 18 12 11 0B 07 01 FE FE
FE FD FF 02 04 05 08 0B 05 F9 F2 FA 05 0D 0D 11
04 03 05 05 05 07 13 21 10 0C 0E 0F 13 13 0E 06
00 FE FB F8 FC 03 05 02 FA F2 EF F9 04 07 03 12
09 04 03 06 06 06 06 0A 09 07 07 09 0C 0F 15 16
12 0B 04 00 01 02 02 01 FD FC 00 05 0C 0A 04 0C
36 39 33 33 33 33 30 2E 2C 28 27 28 28 29 29 2A
30 35 3B 40 3D 36 33 33 3C 48 50 4B 3C 30 2D 23
E3 F4 F0 EF F3 F4 F0 F2 F2 F4 F2 F0 F3 F2 F1 F0
F0 F2 F2 F1 F3 F5 F4 F5 F2 F5 F5 F6 F5 F5 F5 ED
F5 03 00 FB FF 00 FE FE FD FF 00 00 01 00 FF FF
FD FF 01 02 01 05 04 03 00 FF 00 02 FF FE FE E0
F5 02 01 FC 01 FF FE FE FE FD FC FB 06 05 FF 00
FF 00 05 02 02 07 0D 0B 08 07 FE 00 FF FD FD E0
F6 00 03 FE 01 00 FD FD FF FE FB E6 05 0B 01 02
08 02 00 FA FD FE 07 0C 0C 0E 0A 01 FE FE FE DE
F8 02 05 00 00 02 FD FE 00 01 0F E2 F3 06 09 04
03 06 03 FA FC F8 FB 00 03 08 14 0A FE FC 01 DE
F8 05 14 FE F8 00 FF FD 00 02 18 FD F4 FB 08 0A
FC 0A 0B FA FC FF FC FB FC 00 0C 15 07 F8 00 DE
F4 FD 20 0E FA FE 00 FC FD 01 07 02 FA F1 F9 06
FD 0A 13 FA F3 03 05 00 FB FC 01 12 16 FD FD DE
E4 F5 12 0D 08 03 00 FE FC FD 07 FF FB F4 FB 08
FE 00 18 0D EB F4 0A 09 FD F9 00 0A 1C 07 F8 DD
D1 F1 11 FC 05 08 01 FC F1 E9 08 0F FD F9 FB 09
04 01 10 1A F6 EF FE 09 05 F9 FC 01 1A 19 FA D7
D1 F1 0A FD FB 08 01 0A E8 DB F3 14 FA FD F9 01
08 01 0D 0F F7 FA F3 04 06 FC FE F9 0A 22 0C D6
D2 0B FE F9 F5 08 FB 26 06 E2 EB 0C F3 F5 03 F9
04 FB 15 08 EC 05 F3 03 06 FA FD FB FC 15 18 E4
C7 1D 03 F4 F4 06 F4 1B 2B ED F4 0A F1 E5 06 FD
FA F4 22 0A EA 04 F5 02 09 01 F8 FC F7 07 0D F3
C3 1C 04 F7 03 02 F5 F9 2C F9 FA 0A FE DD F9 04
FC E9 28 0A EE FE F9 02 06 0A FD FA F8 02 FF F3
BF 1D 01 EE 11 0C F8 EF 23 FD FA FD 0F EC EF FB
01 F2 24 02 EF FA F6 03 06 06 04 FC F9 04 FC E7
BF 1D 03 E1 05 1A FD EF 16 01 08 EC 05 0B FA FB
F9 F6 21 03 EC FA FB FD 03 FD 03 00 F8 02 FE DE
C4 16 04 E3 F0 20 FF F2 0B 0B 0C F8 E5 01 04 01
FA F5 18 04 F4 F2 FD 01 0C 05 02 06 FC FE FE DC
C7 0E 07 EE E1 1E 02 EE 01 1E 10 11 F3 F7 05 FC
04 FB 12 0F 08 E8 F2 02 09 0B 02 01 01 02 00 DB
CA 02 08 F9 DC 10 16 EF ED 18 12 0C F9 FC 02 F7
0D 02 FD 07 18 03 F9 02 09 09 08 F7 FF 01 FC D6
D5 F7 03 FD E1 F9 22 FD EF FA 03 1C F3 01 FC E7
0F 18 ED EF 06 0F 04 FD 09 FF 10 FF 01 02 FF D7
E5 F0 00 FE EB EE 1A 00 FB 04 ED 1E FC 03 FE E3
FC 22 07 FF FA FB 07 03 0A 01 0B 02 02 03 FF DA
FA E9 01 01 F2 EF 12 F6 DC 09 02 0B 03 07 03 ED
EB 0D 13 13 05 FC FF 09 0F 11 10 09 03 0A 05 DF
0C E8 FF 03 F4 F2 16 FF D3 D7 FC 0B 05 07 04 F5
EE FB FA 02 03 04 FE 01 04 0D 0A 05 FE 04 03 E3
19 F5 F6 FF F0 EC 16 04 F6 E1 F5 0E 11 0D 0D 05
F9 02 FB FA FE 03 06 04 01 03 04 02 FC FF FF E7
16 13 FF F7 F1 F7 0C F9 FE FB FD 05 0C 0B 0C 0A
00 01 02 02 01 01 03 03 01 FE 03 04 00 01 01 E6
FB 1B 1A 05 F0 0C 06 F7 F7 FA F6 FF 00 01 03 03
02 02 01 02 03 01 02 01 01 00 00 01 FF 00 FD E1
E7 08 1A 1A F8 0C 01 F3 F3 FE FB 00 02 02 03 02
02 02 01 01 02 00 00 02 03 03 01 01 FB FD FE DA
E7 FF 0A 16 12 18 F6 E3 F6 FE 03 02 FF 04 03 01
00 01 02 02 01 04 00 00 02 05 03 02 FD 03 06 D9
E9 FF 02 07 17 31 FF CF FE FB 00 04 FB 00 04 05
03 02 01 02 00 04 06 01 FE FF 01 03 06 05 0A DB
E7 03 02 01 0A 2C 20 D7 FE 02 00 02 FC FB FE 04
03 03 02 03 01 01 04 03 FE FA FF 01 04 01 12 E1
E4 00 05 FF 03 0D 21 F7 FA 06 08 06 05 00 FB FE
FF FF FF FE 01 03 02 02 00 FB FA FB FD FB 0E ED
E8 FB 07 01 02 FF 07 04 FC 02 07 05 09 08 07 06
01 FF FC F9 FC 01 00 05 03 01 F6 F7 FD FF 01 F4
00 F9 01 00 00 FF FE 01 FC FF 04 FF 02 01 05 0A
09 07 06 FE FA FE FE 08 0A 09 FD F3 F5 00 F9 EC
21 22 22 22 23 24 24 23 24 24 22 22 24 27 28 29
28 27 24 21 1E 1D 1E 1E 1F 1F 1F 20 21 1F 1B 10
26 2B 2C 2C 2D 2D 2D 2C 2D 2C 29 29 2E 31 32 34
32 2C 26 21 1D 1C 1E 21 23 24 26 28 29 27 23 14
28 2D 2E 30 2F 2E 2D 2D 2D 2C 28 26 2B 2F 30 30
2C 24 1C 15 10 0E 11 16 19 1D 22 26 27 26 23 14
29 2D 2E 30 30 2E 2D 2E 2E 2C 26 20 23 27 27 24
20 1A 12 0A 02 FF 02 07 0B 12 19 1F 23 25 23 15
25 25 27 2B 2E 2F 2F 2F 30 2E 26 1F 1F 1F 1C 18
15 10 09 01 FB F8 FA FD 00 06 0D 16 1E 22 23 16
1B 17 1B 23 2B 2F 30 30 30 2F 2A 21 1D 17 10 0C
08 05 02 FF FC FC FD FE FF 00 04 0D 18 20 23 17
0F 09 0E 1A 27 2F 31 30 30 2D 26 1D 16 0D 06 02
FF FF 00 01 01 01 02 02 01 FF FF 06 12 1D 23 17
06 FE 03 0F 20 2D 30 2E 29 24 1B 15 0E 07 03 00
FE FF 02 04 05 04 04 04 03 01 FE 03 0D 18 21 15
00 F8 FB 06 1A 29 2B 25 1B 12 0E 0C 08 05 04 02
00 00 03 07 07 04 03 03 03 01 FF 01 08 13 1C 13
FC F5 F7 00 16 25 26 1B 0D 04 06 08 07 05 04 03
00 00 03 06 04 02 02 02 01 00 FF FF 04 0C 15 10
FA F3 F5 FE 14 25 25 1A 09 03 08 0A 08 06 05 03
00 00 01 03 00 FF 00 01 01 00 FF FE FF 05 0E 0D
F8 F4 F4 FD 12 25 29 1F 0D 08 0B 0D 09 06 05 03
01 FE 00 00 FE FF 00 01 01 00 FF FD FD 00 0A 0B
F8 F5 F5 FC 0F 23 2B 22 12 0A 0D 0D 08 03 03 03
01 FE FF FF FD FF 00 00 00 00 00 FD FC 00 0A 0B
F8 F7 F7 F9 07 1B 28 23 14 0B 0B 08 03 00 01 03
01 FE FF FD FD FE FF FE FE FF FE FD FD 03 0D 0D
F9 F8 F8 F8 FE 0E 1E 1E 13 0A 07 02 FD FD 01 03
02 00 01 00 FF FF FE FE FD FD FE FE 03 0B 15 10
F9 F7 F8 F7 F8 01 0D 12 11 0B 05 00 FE FF 02 04
03 04 09 0A 05 02 00 FF FF FE 00 05 0E 17 1E 14
F7 F3 F5 F6 F4 F8 00 09 0E 0B 07 05 07 08 06 03
01 06 0F 10 0B 05 01 01 01 00 02 0A 15 1D 20 14
F7 F1 F1 F3 F3 F6 FB 02 06 07 06 09 0A 09 06 FF
FC 02 0C 0D 0A 06 04 04 03 04 09 12 1A 20 22 16
FA F3 F1 F2 F3 F5 F8 FC FF 01 04 07 08 06 04 FC
FA 00 08 08 04 02 04 04 01 06 13 1D 24 27 28 18
FE F8 F5 F5 F5 F5 F6 F7 F8 FC 02 04 04 03 00 FB
F9 00 07 07 02 00 00 FD FC 03 13 1C 20 21 1F 11
FE F9 F7 F9 F7 F5 F6 F5 F3 F5 F9 FC F9 F9 F7 F7
F7 FB 02 02 FD F9 F6 F3 F1 F6 00 05 08 07 04 FE
F5 F2 F5 F9 F7 F6 F8 F6 F1 EF ED EE EF EE F1 F3
F0 F2 F7 F4 EF EB E8 E6 E3 E3 E3 E5 E6 E5 E2 EB
E8 E7 EF F4 F4 F5 F7 F6 F3 EF E9 EA EC EB ED EE
E9 E9 EA E6 E0 DF DE DC DA D8 D6 D8 D9 D8 D6 E4
DD DC E7 EE F1 F5 F9 F7 F3 EC E7 E7 E6 E5 E6 E5
E1 E0 DF DC DA D9 D8 D7 D6 D6 D6 D7 D6 D5 D4 E2
D5 D3 DE E8 F0 F7 FA F5 EE E7 E2 E0 DF DE DF DF
DE DC DC DA D7 D6 D6 D5 D4 D5 D6 D4 D2 D2 D1 E0
D2 CD D6 E1 EB F3 F5 F1 EB E4 DF DD DC DD DE DE
DE DC DA D9 D6 D4 D3 D2 D2 D4 D4 D1 CF CE CE DF
D1 CB D1 DA E3 EC EF EC E6 E1 DC DC DC DC DD DD
DC DB D9 D7 D5 D2 D1 D1 D1 D1 D1 CE CB CC D0 E2
D2 CA CD D2 DB E4 EA E8 E3 DE DB DB DB DB DB DC
DC DA D8 D7 D4 D1 D1 D1 D1 D0 CD C9 C8 CD D4 E5
D3 CB CC CF D5 DE E5 E5 E2 DD DB DB DA DA DA DB
DB DA D8 D6 D5 D3 D2 D2 D2 D0 CB C8 C9 CF D5 E5
D4 CD CE D0 D2 D8 DF E0 E0 DC DB DB DA DA DA DB
DC DA D8 D6 D5 D4 D5 D5 D4 D1 CD CA CB CE D4 E5
D5 D1 D2 D2 D3 D6 DA DC DC DB DB DB DB DB DC DE
DE DC D9 D7 D6 D7 D8 D8 D7 D4 D1 CF CE D0 D4 E5
E8 E8 E9 E8 E8 E9 EC ED EC EC EC EC EC EC ED EF
EF EE EC EC EB EC EC EC EB EB EA E8 E7 E7 E8 F4
33 0C 10 0D 09 0D 0E 0C 0B 0A 0E 0F 0D 0E 0D 0C
0B 0B 0D 0C 09 09 0A 0B 0B 09 0A 09 09 06 05 E9
3F 11 18 14 10 14 14 12 11 12 14 14 13 13 14 14
14 12 0F 0B 0A 0A 0E 11 11 12 0F 0D 0E 0C 0A E2
3F 11 18 17 12 16 15 12 12 14 1B 1A 0C 0D 16 16
14 0C 05 0D 0A 07 05 0A 0E 0E 14 11 10 0D 0B E2
41 14 18 16 12 15 15 11 12 17 2E 28 F8 03 15 0F
03 02 10 16 0C 04 00 03 04 0D 0F 13 13 0E 0B E1
41 11 14 16 13 15 15 11 12 17 2C 1E F4 FB 03 02
01 08 1B 1A 0C 03 FB FB 03 FE 00 13 1A 12 0B E1
3C 03 01 1E 1D 15 15 13 13 15 1F 16 FE FF FA 00
05 08 1F 21 09 FB FA 02 00 F4 F6 08 1D 19 0B DF
3B F2 F7 24 24 14 14 16 14 11 0F 0F 13 09 F5 FF
08 03 19 27 0D F4 F9 06 FD F2 F1 01 18 1F 0F DE
41 E1 FA 2E 1B 0F 15 18 19 0E 02 19 20 07 F0 FA
06 01 0C 21 19 F8 F4 00 00 F9 F5 F7 0C 22 18 DD
4B E2 05 29 0A 05 15 23 34 16 FD 10 1B FE EF F7
03 FB 00 22 26 01 F5 F9 00 00 FB F5 FB 18 21 E3
4F E7 18 1D FA FD 10 2C 4C 18 F0 05 14 F7 F3 F8
F9 F9 FE 2E 2F 05 F6 ED 02 07 FB F4 F2 0A 1F EA
4E ED 1F 18 F5 F9 0A 1F 42 28 F1 00 14 F9 F0 F8
FA F0 05 47 2C FA F2 E8 03 0B 00 F7 F2 FD 13 EA
49 E8 29 18 F2 FA 09 09 32 31 F3 05 26 01 E9 F9
00 EE 0B 51 1D EF EC EC 03 0B 01 FC F9 FB 05 E6
46 E8 32 0D E6 04 10 FC 1E 31 01 1A 2E 0C E5 F6
02 ED 10 4C 12 E8 EA F1 01 06 08 07 FE FC FF E0
49 EE 34 FD DD 08 18 FB 0D 28 19 28 20 04 EE FE
FF EA 14 44 0A EB F3 F4 FD 08 0D 0E 01 F9 FF E1
50 F5 2D F9 DA 03 1E FE 08 25 2F 3B 08 EC FA FD
FA F2 15 36 0C F1 EE F1 FE 0C 0F 0D FE F9 09 E1
5A F7 23 02 DC F6 20 02 FF 19 3B 29 F4 E9 FB 01
FD F9 16 2E 0B FB F4 F0 FC 0D 0D 06 FF 07 12 DF
64 F7 19 0B E0 E8 1C 11 F4 0D 29 11 FA F0 00 05
00 0A 14 08 09 15 F3 E6 FA 0B 0F 0A 09 13 12 DB
6B F9 0F 0E E8 DE 12 1D FA FD 09 08 12 00 0D 06
F8 15 14 FD 0B 0C EF ED FC 0C 13 16 12 12 0D DA
6D FE 08 0D F4 DC 03 1E 02 00 F5 01 1B 07 21 08
E8 0D 18 00 02 F6 EF F7 08 15 16 1E 12 0E 0D DB
6B 0D 05 0C FE E0 FA 23 09 EE EC 04 1B 1D 2D 04
E2 FA 0A 00 F6 EE F3 FE 11 16 1A 1D 0D 0A 0D DA
68 1F 02 0D 01 DE FB 3B 1E EC E9 09 20 26 24 04
E7 ED F9 F2 F8 FB 00 08 0D 11 12 10 07 04 07 D9
65 2C 01 0B 00 E2 0E 50 25 F0 E7 F4 11 17 0E FE
EB E8 F1 F5 FE 03 04 05 04 06 09 08 01 FC 01 D7
55 2A 0D 0D 03 F1 22 4C 1F E9 C8 E5 01 03 FF FB
F4 F3 F6 F8 FE 00 01 00 FE FD FF FF FB F8 FA D5
3E 14 13 1A 04 FD 36 3C 02 D0 CD E9 FC FE FC FC
FA F7 F8 FA FE FC FB FD FE FE FC FC FA F7 F9 D6
32 FD 0F 1D 0A 12 43 24 DA C3 E3 F5 FC FA F9 F9
FA F9 F8 FB FE FC FC FE 01 FE FA FB F9 FB 03 D3
30 EE 00 12 11 2E 46 04 BF D1 F5 FC F9 F7 F9 FA
FA FA FB FC FE FF FF FE FB F9 F7 FB 02 04 01 CA
31 EB F5 03 10 39 45 EB BB E3 FA FC FA F5 F8 FC
FB FC FC FD FD FB FD FD F7 F4 F7 04 07 FB F4 CB
31 EC F3 FA 05 29 38 EC C1 F1 FB FE FC F6 F8 F8
FB FC FE FD FA F9 FB F9 F5 F7 00 05 F9 EA F0 D9
34 EA F3 F9 FA 0D 1E F2 D7 F3 FA 00 FF FA F7 F8
FD FE FC FA F9 F6 F6 F8 FE 03 05 FC EE E2 F0 E1
34 E9 F3 FA F7 FB 06 F9 E9 F2 FB FF FC FB FA FB
FF 00 00 FD F5 F2 F4 FC 08 0F 07 F2 E2 E1 F2 DD
36 EC F2 F9 F7 F7 F6 F9 F3 F1 FA FC FA FA F7 FB
02 04 05 FF F2 F1 F6 FF 0F 12 03 EA DD E8 F2 D9
16 EC EF F4 F3 F2 F1 F3 F2 F1 F5 F6 F4 F4 F4 F8
FC FC FC F6 EE EF F2 F8 00 00 F6 E7 E3 ED F0 E3
DE DA DA D9 D9 DA D9 D9 D9 D9 DA DA D9 D8 D8 D8
D8 D9 DA DA DB DB DB DC DB DB DB DB DB DC DC DD
F5 FA FC FB FB FA F9 F9 F8 F9 FB FC FB FA F9 F9
F9 FA FB FD FE FF FE FE FC FA F8 F8 F7 F6 F5 E9
F3 F8 FA FB FC FA F9 F9 F8 F9 FA F9 FA FA F9 FA
FA FC FE FF 00 00 01 02 02 00 FC F9 F6 F4 F4 E8
F3 F7 F9 F9 FB FA F9 F9 F9 FA FD F6 F5 FA FC FE
01 02 02 FF FB F8 F9 FC FE 00 FE FB F8 F6 F5 E8
F6 FA FC FB FA FB FA FA FA FC 0A 02 FF 00 03 05
05 03 03 FF FF FB F8 F7 F6 F8 FC FE FB F8 F6 E9
FB 00 04 00 FA F9 F9 F9 F9 FA 0E 0D 0C 03 01 01
FB FC 01 02 04 03 02 FE FB F7 FA FD FE F9 F7 EA
FC FC 03 01 FA F9 F9 F8 F9 FA 00 02 02 FA F4 F5
F3 F9 03 06 04 04 05 05 FF FB F7 F9 FF FC F9 EA
F7 F0 F7 F5 F5 F9 FA FB FB FC FD FF FF FA F8 FC
FA FB 06 0E 09 02 03 05 02 FD F5 F6 FE FE FA EA
F7 F2 F9 F3 F2 F8 FA FD FC F4 F6 FF 02 01 00 01
00 FE 04 0F 0D 04 00 FF 00 FA F5 F1 F9 FF FC EB
FE FE 04 FB F8 FA FC 07 09 FA FB 06 09 08 02 FF
FD FC FE 08 05 03 FE FB FD FA F7 F1 F2 FD FF ED
02 0E 10 05 FD FC FA 15 23 1E 13 17 0D 07 03 FE
FB F6 FD 06 01 07 02 00 01 FC FA F6 F0 F6 FB EE
FD 16 16 0E FF FE F6 0E 26 26 1C 1C 11 05 03 FE
FC F0 00 0C 06 0F 06 04 04 00 FD F9 F3 F2 F3 EB
FC 15 16 0F 08 04 F9 FB 17 15 16 19 16 06 02 00
FF F1 07 11 0E 11 05 03 01 03 00 FE F7 F5 EF E8
F9 14 14 0B 0C 07 FD F6 0E 0B 0E 10 17 12 0B 05
04 F9 0F 11 0F 0C 02 FF FD FF FF FE F9 F8 F0 E7
FA 17 16 08 06 04 FF F6 05 04 11 0D 14 17 16 0D
06 FD 0F 12 0F 0C 03 FF FE FD FF FF FC FA F5 E8
FE 19 17 0B 01 04 01 F7 FD 02 18 18 13 13 12 0F
09 FE 09 0E 0F 0B 04 01 03 03 04 04 FE FA F7 E7
03 19 19 13 00 08 05 FD FA 08 1C 24 1E 16 0C 09
06 FD 05 0C 14 0C 02 FD 01 05 05 02 FC FA F6 E8
08 1A 1B 1A 04 0A 0C 07 F8 05 0B 15 10 06 05 FF
02 00 01 01 0F 0E 07 03 02 01 FF FA F8 F8 F7 E9
0D 1B 1B 1B 0A 05 10 0E 05 01 FD 0A 04 01 03 F8
FF 08 00 F9 FE 00 03 FF FB F4 F7 F7 FA FA FB EB
11 1B 1A 1B 10 05 0E 0D 0C 07 FB 08 03 0A 0B FD
FD 07 09 0C 06 FF FE F9 FD F6 FA FA FC FD FC EA
15 19 18 1A 14 08 0F 0B 01 01 FC 04 FE 0A 0D 07
FF 00 03 0C 08 00 F9 F7 FE 00 08 06 05 06 04 EC
18 18 18 1A 14 08 12 15 05 FB F7 FE 07 14 1B 1B
10 06 FE FB F9 F7 F5 F8 FA 03 08 09 06 07 05 EB
1B 1B 1C 1B 11 04 10 19 1E 1A 14 17 21 27 2A 29
1D 14 07 00 F9 FB FF 04 05 07 07 08 06 06 04 EA
16 21 25 20 14 0D 1B 1D 29 2A 21 1B 16 15 16 15
0E 09 05 05 04 04 05 07 07 06 06 08 07 08 06 EA
06 15 21 24 1A 1C 25 24 28 1F 14 08 02 02 02 03
02 03 03 03 04 05 05 06 06 05 06 07 07 07 06 E7
FC 04 11 1D 18 21 23 24 1D 18 0C 05 04 04 04 04
03 02 01 02 03 03 04 05 08 09 0B 0C 0A 08 08 E7
FF 05 07 10 17 27 27 1C 12 0E 05 06 05 05 05 03
02 02 02 03 05 07 08 09 0A 0C 0D 0D 0B 0D 10 EF
01 06 05 07 11 2A 2E 19 11 07 05 06 04 02 02 04
05 05 05 06 07 09 0B 0C 0A 08 08 0B 0D 10 14 F3
00 06 06 06 09 1F 2C 1A 13 09 07 09 05 03 01 02
04 06 06 07 07 07 08 09 08 05 07 09 0C 0A 0E EE
FF 06 07 07 06 0C 1A 10 0E 05 08 0A 0A 0A 06 05
04 04 04 04 05 05 05 06 06 07 08 08 07 01 06 EB
02 07 08 07 07 04 06 04 02 00 02 03 07 09 09 0A
0A 0A 09 06 04 04 03 06 09 0E 0E 0C 09 05 03 EB
06 0E 0E 0C 0D 0A 09 08 05 03 04 03 04 04 06 0A
0D 11 14 13 10 0D 0B 0F 15 1D 1E 19 10 0C 05 F2
EC FE FC FE 01 FF FF 00 00 00 FE FE FF FF FF FF
FF FF FF FF 00 01 00 FF 00 02 02 02 02 03 03 14
0B 10 0F 0E 0E 0F 10 0F 10 11 12 11 10 10 12 11
11 12 13 11 0E 0D 0B 0B 0A 0B 10 11 10 10 0F 0D
0A 0F 11 11 10 10 11 11 10 0D 0E 14 1B 15 10 12
12 15 13 0D 0F 14 15 10 0D 09 05 0B 0F 0F 0F 0F
09 10 14 12 11 10 0E 10 10 0D 00 0B 25 1A 11 14
16 0C 01 04 0A 0E 16 1A 18 15 0E 07 0A 0E 0E 0C
0B 10 11 0F 10 11 10 10 10 0F 08 FE 01 0F 14 0D
0D 08 00 04 06 03 04 0B 0C 16 18 0A 04 0C 11 0E
0C 18 10 FC 04 11 12 10 12 14 25 16 F8 09 1D 13
07 0C 0A 04 09 08 01 FC 05 0F 12 13 05 04 0E 0E
0D 1C 1B 07 05 0F 10 0E 11 14 19 12 01 05 0D 0C
0B 11 0C FC 03 10 06 00 06 02 06 12 10 04 09 0E
08 14 08 14 1C 13 10 10 0F 17 18 06 07 0D 0B 0A
04 06 13 04 F1 01 10 0E 01 01 07 0F 16 07 04 0D
FC 0B 02 0C 1E 17 10 08 04 18 26 1A 11 0E 08 0C
0A 07 0F 0D FD FB 0B 15 0B 01 05 0F 1B 11 FE 05
FC F4 FE 10 0E 12 13 FF EF FB 0D 19 0F 0C 03 0A
10 0D 08 00 0B 09 05 0F 09 06 06 05 14 1E 0B FE
07 FD F5 05 09 0F 16 1C 01 EB F8 04 03 09 0B 06
0B 0E 04 F9 0C 10 07 08 02 02 06 07 08 17 1C 08
02 09 FB FB 03 0A 0E 2C 21 F6 F8 FA F5 00 15 08
03 10 08 02 0A 0B 06 01 09 04 FF 02 03 0B 19 12
01 05 FF 0B 06 FE 08 16 1F 0C FE 01 00 FA 0A 0E
04 02 09 0F 09 05 04 01 09 0A FF FE 04 07 0E 11
FE 00 02 10 10 04 05 0D 1C 0D F1 02 17 FE F1 00
0F 05 04 09 04 00 01 0B 0D 0B 07 03 06 0A 04 0A
F9 04 0A FE 0A 13 08 0C 17 10 FA FE 24 1B F6 FA
02 02 0A 0A FD FE 01 02 00 FE 06 07 05 06 02 0A
F9 06 0B F5 03 15 09 07 12 0C FE FE F6 FF 04 04
FE FA 0A 0F FE FC 0B 0D 0B 04 04 08 02 FD 07 0F
F9 08 09 F6 FC 10 04 FC 18 18 15 18 F1 F1 02 03
06 FE 0F 1C FC E7 FD 07 05 07 02 05 05 06 11 0F
F7 01 09 FE F5 0F 0C F6 FF 1C 27 06 FC 05 02 0E
10 FB 0E 23 18 0E 03 01 05 09 05 FE 07 11 10 0B
FA F8 04 FF F3 03 15 01 F2 04 20 0F FE 01 F9 0A
1A 0C F8 F6 14 26 07 FD 03 08 10 0A 0F 12 0E 0A
FE F3 02 FF F7 FE 0E 07 09 07 FB 0D 09 FA 02 03
0E 20 0B FA FE FE 04 02 00 03 05 0F 11 0E 0C 0B
01 F1 04 01 FD FE FC ED 00 2B 17 0F 13 09 14 04
FC 17 25 1C 07 F9 03 0D 15 11 0C 0E 0B 0D 0C 06
05 F4 01 03 03 02 FB F7 EA F1 12 11 00 04 01 F1
EE F4 FF 08 09 08 00 03 0A 0A 0A 08 05 08 07 05
0D F3 ED FE FE F7 FC 0F 08 EE F9 01 03 03 FE F7
F2 F6 F6 F5 FD 03 05 02 FD FF FF FC FC FB FD 00
18 05 E5 E9 F7 ED F4 0C 11 0F F7 F6 08 0A 09 07
FD FB FF FE FC FC FE FE FB FA FE FF FC FB FA FD
0C 15 04 F1 F4 F3 F9 0C 12 FA E5 F7 FE 00 00 FF
FF FE FD FD FD FD FC FB FB FC FC FC FC FA F8 04
FA 01 0D 0A ED E9 02 14 08 EE F1 FB 00 FF FE FE
FF FE FC FD FD FA FB FD FE FC F8 F6 F2 F4 F9 FF
FB F7 01 0D 01 EF F7 08 F9 F3 00 FC FE 00 FD FC
FC FD FD FD FD FB F6 F9 FE FD F9 F4 F4 FC FD F1
FD F5 F8 00 0C 0D F2 E7 F0 F2 FE FD FB FE 03 02
FD FB FB FC FC FE FD F9 F6 F7 F6 FA 01 01 F6 ED
FE FB F8 FA 02 1B 0D E0 E7 F8 F5 F6 F6 F6 FD 01
01 01 FF FF FC FA FD FB F4 F1 F8 04 05 01 FB F6
FA FA FA F9 FB 08 1A FA ED 02 FF FD FB F4 F2 F5
F8 FB FC FE 02 00 FC F9 F4 F3 FC 00 FB F5 00 02
FC F5 FC FB F9 F9 02 01 F9 FD FF 02 03 01 FD F7
F5 F4 F2 F6 FC FC FB F9 F6 F7 F6 F8 FA F1 FB 03
04 E2 E9 ED EB EB EB EE EF EF F3 F3 F2 F5 F8 FA
F7 F2 EE E9 E4 E5 EA EF F0 ED E3 DB DC E5 EB E8
15 1E 1F 20 1F 1E 1F 1F 1F 1F 1F 1F 1F 1F 20 21
21 20 1F 1E 1D 1C 1C 1C 1D 1C 1C 1C 1C 1C 1B 17
08 1B 1B 1D 1D 1C 1C 1D 1D 1C 1A 1B 1B 1B 1D 1D
1D 1C 1A 19 18 17 17 17 18 19 19 19 1A 1A 1A 1D
09 1C 1B 1D 1C 1C 1C 1D 1D 1D 1C 1C 1A 1A 1C 1B
1A 19 17 17 15 13 11 11 12 14 18 19 19 1A 1A 1D
08 1B 19 1B 1C 1C 1D 1D 1D 1C 1D 21 1D 19 19 18
16 17 17 16 14 15 11 0E 0E 0F 11 16 18 19 1A 1E
06 18 17 19 1C 1C 1D 1E 1D 1C 18 23 27 1C 15 15
15 13 13 14 17 19 19 15 13 11 0E 11 16 19 19 1D
04 15 12 18 1C 1C 1C 1D 1D 1C 16 1B 25 1D 14 12
14 10 0E 15 1A 1B 1C 1B 18 16 12 0C 10 18 1A 1D
04 17 0F 0F 17 1B 1C 1D 1D 1B 18 19 1C 1C 1A 14
12 11 0E 16 1E 1C 1A 19 19 19 16 0E 0A 13 19 1E
09 1B 15 0B 10 19 1C 1C 1C 1A 17 19 18 1A 1C 17
15 16 0F 11 1F 21 19 15 18 19 16 11 09 0E 18 1E
0E 21 16 11 15 19 1B 1B 1C 1D 19 14 17 1C 1E 18
14 15 12 0D 17 21 1D 15 15 17 17 13 0B 09 13 1E
0D 26 19 15 1E 1C 1A 18 1D 26 26 19 1A 1E 1F 19
14 14 12 0F 13 1C 20 19 15 15 17 17 11 07 0B 1B
0C 21 1B 1C 23 1F 1C 11 14 28 2B 22 1E 22 1D 1C
17 16 11 0E 16 1D 20 1C 16 16 17 17 16 0C 07 14
0F 1F 17 20 25 21 1E 16 0C 1F 27 22 20 27 20 1C
1B 19 10 0B 1A 22 20 1E 15 14 19 18 17 12 0D 11
10 20 15 1D 21 20 1E 1E 10 15 22 1E 1B 28 27 1D
1B 1E 11 0A 1D 25 20 1C 14 12 16 18 18 16 14 15
11 21 15 1F 1F 18 1A 1F 15 14 1F 1C 17 24 2B 21
1A 1D 13 0E 20 25 20 19 14 13 13 16 19 18 19 1A
11 20 15 25 23 12 15 1D 17 14 18 1D 1D 1E 25 20
1E 1E 13 11 22 24 1F 1B 17 16 14 16 1B 1B 1A 1D
10 21 16 25 28 14 11 1A 1A 15 15 1A 2B 27 1E 1B
1D 1F 16 14 21 25 1E 1A 15 13 15 17 1C 1E 1A 1D
0E 22 19 23 2A 19 11 1D 1C 12 12 16 26 28 1C 1A
18 1B 15 12 1B 23 21 1B 15 11 14 18 19 19 18 1E
0E 26 1C 20 2B 20 10 1B 20 15 0F 18 1D 1C 1A 18
16 16 16 15 14 15 1D 1B 14 10 12 19 1A 18 1B 22
0C 29 21 21 29 25 12 14 20 1E 16 13 17 19 1A 1D
19 11 19 20 18 10 17 17 10 12 11 17 1B 1B 1D 22
09 29 24 22 27 27 17 13 1A 1B 1F 13 11 19 17 21
23 11 11 1A 1B 1A 14 10 0E 10 12 14 19 1A 1A 1F
04 25 24 21 24 26 1C 18 22 1C 19 16 10 15 15 21
28 1A 0F 10 14 15 11 0C 09 0B 0C 0E 13 12 11 19
00 1D 23 20 22 25 1B 16 27 32 22 17 16 16 1A 22
25 20 18 13 10 0E 0F 0F 0D 0C 0A 0D 11 10 0F 19
FE 15 23 20 23 27 1B 15 23 32 2D 1D 15 15 17 19
1D 1A 16 15 12 0F 0E 10 12 11 11 13 14 15 14 1B
00 0B 1B 1F 23 26 1E 1C 26 29 29 1E 12 11 11 10
14 15 11 11 12 12 12 12 13 15 14 14 15 15 14 1C
08 0A 0D 15 20 20 1B 20 29 2A 25 17 13 12 12 12
13 13 13 12 12 12 12 13 13 14 15 14 14 14 15 1E
0E 13 0C 0B 19 1B 17 23 2D 28 1B 14 13 13 13 13
13 13 13 12 12 13 13 13 13 14 15 15 16 16 16 21
0E 17 11 0B 0D 11 18 29 2E 22 14 14 14 13 13 13
13 13 12 12 12 13 14 14 14 14 13 14 15 15 16 24
0D 17 14 10 0B 05 14 2E 2B 1D 15 13 15 15 13 12
12 13 13 13 13 13 12 14 16 15 14 12 12 15 16 21
0E 16 14 12 10 07 08 25 27 17 15 14 15 17 15 13
12 12 13 13 14 15 13 13 15 16 14 13 15 17 12 1A
0E 18 14 13 12 10 09 15 1E 13 11 11 12 15 16 16
14 14 15 15 15 14 15 14 14 15 17 19 1A 19 11 16
0D 1A 14 13 14 14 12 11 15 13 10 0F 10 10 11 13
13 15 17 18 18 17 15 13 13 15 1B 1E 1C 18 14 16
0B 1D 19 17 18 18 18 16 17 17 14 14 15 14 14 12
12 14 16 19 1D 1B 19 16 14 16 1C 22 22 1B 18 1D
01 EC ED E9 E8 EB EA EA E9 EB EC EA EA EA EA EA
E9 EA EB E9 E9 EA EA EC EA EA EA EC EB EB EC D5
0C EE F1 EB EA EC EB EA E9 EA EC EC EB EA E9 E9
E7 E7 E8 EA EC EE F0 F0 EF ED EA EB EB EA EB CF
0C ED F0 EC EB EC EA E9 E9 EB EF E8 E3 E7 E7 E5
E5 E4 EA F0 EF ED F0 F4 F4 F5 F1 EC EA E9 EA CE
0B E9 EB E9 E9 ED EB E9 EA EF FE E1 D2 E2 E8 E5
E8 ED F8 F6 F3 EC EC EF F1 F6 F6 F2 EE EA EB CD
0B E8 EA EA E8 ED EC E9 EB F0 0E F4 DB E2 ED F0
EF F9 04 02 FE F8 F1 F0 F3 ED F6 FD F7 EC EA CC
0D E6 F4 FA EE EA EB E8 E9 ED 03 00 EB E5 E8 F3
F0 FA 10 0D 00 FE FD FE F6 EF F0 FF 04 F3 EA CB
0E DC F5 07 F5 E9 EA E9 E7 E8 EC F4 F6 E8 E2 F3
F6 FB 15 16 FD F5 FF 03 FA F3 F0 FB 0A FD ED CB
0B D8 F3 03 F1 E8 EA EA E8 DF E6 F7 FA EC E8 F9
00 FB 0E 21 08 ED F5 00 FF F6 F4 F3 06 09 F2 C9
10 D9 FD FC E6 E5 EB F3 F1 D3 D7 F6 FB F0 EA F8
01 FC 03 20 11 F2 EB F5 FD F9 F4 ED F8 0E FF CB
1C E9 07 FF DE E3 EB 0D 0B E4 D1 F9 FB EF ED F1
FB F7 02 1C 0C F7 E7 EB FD FC F6 ED EB 04 0A D5
1B 00 13 02 DC E2 E6 15 33 0D E6 FB FE E8 EF F0
F7 EC 09 27 02 F5 E9 EE 01 00 F8 F1 E9 F5 04 E0
16 03 24 04 DE E2 E4 F9 3A 1C F4 06 0D E5 E6 F4
F4 E3 10 2E 02 F2 ED F1 02 07 FB F8 F0 F2 F5 E1
14 03 26 FD E5 EA E7 E0 1E 1A FC 0B 15 EC DB F0
F9 E2 15 2D 02 EC EE F4 FF 07 05 FF F6 F6 EE DA
13 04 23 EF E5 F3 ED DA 09 14 09 05 10 FA EA F1
F7 EA 19 2A FD EE EE F1 FB 01 06 02 F7 F6 F3 D4
17 03 1F ED DA F8 F4 DA FA 0D 1A 0B F3 F9 FB FA
F6 F0 19 27 02 F1 F1 F4 01 04 06 06 F9 F7 F9 D0
1F FF 18 F7 D4 F7 F9 E0 ED 0F 27 1B F3 F7 02 03
FD F4 15 1F 08 F5 F2 F2 00 0B 07 05 FC FB F7 CD
27 FC 13 02 D7 F4 0A F1 E0 0C 1C 1D 08 F7 03 FE
FE FC 04 06 14 07 ED F0 01 0E 0C 01 FA F6 F0 C7
31 FC 0F 0B E2 E9 16 02 E1 F2 07 10 05 F7 00 F4
FB 07 F5 EE 05 07 F5 F5 01 09 0F 02 F8 F4 EF C7
3D 01 0E 10 F0 E0 0F 12 F5 ED E8 09 02 FE 08 EC
ED 10 00 EC EF F8 F9 F4 04 FF 06 00 F4 F0 EE C6
44 08 0A 10 FC E2 05 15 FA F4 E5 05 0A 0B 0F EE
DE 01 09 01 F9 F3 F7 FE 0A 03 00 F8 EB EA E9 C5
4A 0C 03 0D FE E7 0B 24 F2 DF E5 F5 05 08 09 F5
DC E7 F6 FA FF FA F7 FF 04 06 FE F4 E8 E9 EA C5
4D 13 FE 08 FC E8 15 31 04 D5 D9 F4 0C 14 14 06
F2 EF ED F1 F8 FE 00 01 04 07 06 02 F7 F8 FB D1
4B 26 09 09 FB EC 19 2B 16 EF E4 06 1B 1E 1C 17
09 03 FE FC 01 07 0C 0E 0D 0F 13 12 0D 0D 0E DD
3E 31 23 19 02 03 26 22 04 F1 F7 04 10 12 0F 12
0E 0A 0B 0F 11 10 12 14 16 15 15 16 13 12 14 DD
2C 20 2D 2B 0B 1A 2B 14 ED F2 FD 07 0B 0A 0B 0D
10 10 10 14 16 14 14 16 17 15 13 13 12 13 15 D4
28 10 1E 2D 1B 27 2A FF E4 F9 0A 0F 0E 0E 0F 10
0F 10 11 12 15 15 14 16 16 16 15 19 19 18 17 D1
2D 0E 13 1B 25 3D 2F EE E3 FC 10 12 0E 0E 10 11
10 10 11 13 15 18 1A 18 16 15 19 20 1E 19 1C DC
2F 12 13 13 1B 43 3E F1 EC 07 0F 14 0E 0B 0D 10
12 14 15 16 16 18 1D 1A 17 16 1C 1F 1D 18 21 E3
2C 11 17 15 14 2A 41 07 FC 10 16 19 15 0F 0B 0E
11 13 13 14 16 15 18 1B 1C 1A 1C 1A 16 0B 1B E6
2D 0F 19 18 15 14 24 16 03 0F 18 1A 1B 19 14 12
13 14 14 11 0F 12 14 1A 1F 21 1A 12 0B 07 13 EA
31 0E 16 19 17 11 0F 12 0A 0C 14 15 17 18 17 1B
1D 1C 1B 13 0D 10 11 1A 24 27 1C 0D 0A 10 0D E9
3A 26 27 2B 2A 26 22 21 1E 1D 21 21 21 20 20 25
28 2C 30 2C 24 24 23 2C 36 3B 36 28 21 26 22 FE
26 12 14 0F 0E 13 11 11 10 11 13 11 11 12 11 11
10 11 13 10 0E 0F 0F 10 0E 0F 0E 0F 0E 0D 0D EA
21 04 06 00 00 04 03 02 01 02 03 01 02 02 01 02
02 01 FE FC FB FC FF 02 02 02 00 01 02 01 01 DB
22 04 07 02 03 05 03 01 01 04 0A 03 FB FF 02 02
00 F8 F8 FE FC F9 FB FF FF 03 04 03 02 01 00 DA
24 04 05 02 03 05 03 FF 02 07 20 03 E9 F9 01 F9
F2 F4 05 07 02 FB FA FC FD 03 05 06 04 00 00 D9
23 00 01 02 01 04 02 FF 02 07 1E F9 E4 F1 F5 F3
F4 03 14 0D 04 FD F9 FB 01 F8 FE 0A 0B 01 FF D7
20 EE FB 0D 07 03 03 01 02 04 0B F8 F1 F2 F0 FD
00 0A 1B 12 00 F8 F9 02 FC F2 F8 07 12 06 FF D6
1F E1 FC 19 0D 02 03 03 01 00 FD FE 07 FB F2 04
04 03 19 18 FC EE FB 03 F8 F4 F6 03 14 0D 01 D6
1B DD 09 1D 06 FF 04 05 04 F6 F7 0C 0E F7 ED FE
03 FF 0B 18 04 EE F5 FC FD F9 F9 FB 0E 17 07 D5
1C E1 14 14 F8 FB 04 12 18 F7 F1 09 04 EF EA FA
00 FA 01 1E 10 F5 F1 F7 00 FF FD F7 01 17 10 D6
1A EC 16 07 EA F8 FE 25 26 F6 DF 00 FB EB F0 F6
FC F6 06 2C 14 FB EE F0 04 03 FC F7 F7 0D 14 DC
12 F7 14 00 E4 F6 F8 17 24 FB DC FB FF EA F1 F5
FC EE 16 3D 09 F3 E5 EC 05 05 FD F8 F6 04 0E E3
0A F7 1A FD E3 F6 F9 FC 25 06 E4 03 11 EB E9 F8
FF E9 21 3C FA E8 E3 F1 04 07 FE FD F9 01 02 E8
06 FB 20 EE E0 FB FD EF 1F 0C F6 11 19 EF E1 F5
FF E7 23 2E F3 E1 E6 F5 00 05 05 04 FC 01 FD E6
08 03 1E DE DF 01 03 EC 11 0E 12 12 09 EA E6 F6
F6 E7 21 25 EF E7 EF F5 FF 06 0C 08 FC FC 00 E2
10 03 14 E0 DB 03 08 EE 09 12 28 18 E9 E1 F0 F5
F2 EF 1D 1E F4 EB ED F2 03 0A 0B 07 F7 FB 08 DC
19 FC 0D EF D5 01 0A F3 FA 13 29 09 DC E5 F5 F9
F8 F7 1A 17 FC F1 EF F0 00 0B 06 FF FA 07 0A D6
21 F5 07 F9 D2 F5 0F FE E9 10 0F F8 EB EC FE FD
FE 04 0D F9 06 04 EB EC FE 09 08 02 05 0C 05 D1
28 F1 01 FC D8 E6 12 08 EE FB F6 02 02 F9 0A F8
FA 11 00 F0 07 FC E8 EF 02 0A 12 0E 0C 07 01 CF
2E F2 FC FE E4 DC 09 0A F8 F7 E6 0C 07 05 18 F3
EB 0F 05 FC F9 EC F2 F9 10 0E 16 13 06 01 00 CF
35 F9 F9 FE EE DA 03 13 F6 ED E5 0B 0B 17 1A EF
E0 FE 00 FA EE EE F9 05 14 0F 14 0B FC FD FD CE
3F 00 F4 FE EE D8 08 2E FF E2 ED 09 15 1A 0B EF
E0 ED F2 F0 F7 FE 03 0C 0C 0C 0A 00 F5 F8 F8 CD
47 07 F2 FC EC DC 1B 39 07 E3 E5 F8 0A 06 FA EE
E1 E9 EF F8 02 07 09 09 04 05 03 FE F5 F6 F8 CC
3C 0C FA FD F1 EC 28 27 FD D4 C7 E8 FA F6 F3 F2
EC F2 F8 FE 03 04 04 03 01 01 03 01 FC FD FD D1
26 09 08 08 F0 FD 2B 12 E0 BE CF EE FB FB FB FE
FC FD FF 01 03 01 01 02 04 03 02 02 FF FE 00 D1
1B 00 0D 10 F4 12 28 FA BF C7 EA FC 01 FF 00 02
01 01 02 04 05 03 03 06 08 03 01 02 FF 03 08 CA
18 FA 05 0D 06 27 20 DA B7 E0 FC 02 FF FE 00 02
01 02 04 05 05 06 06 05 01 FE FE 03 06 09 05 C0
18 F7 FF 04 0E 31 1A C7 C6 F0 00 03 FE FD 01 03
02 03 03 04 03 03 05 01 FC FB 00 0C 0A FE F9 C3
19 F9 FE 01 06 26 19 CC D5 F9 FF 05 00 FE FF 00
02 04 04 03 01 01 02 FF FD 00 0A 0A FC EE FC D1
19 F7 FF 01 00 0C 12 DE E5 FA 01 07 04 01 FD 00
04 05 03 01 01 FF FF 01 07 0C 0C FF F3 EA 04 D9
18 F5 01 01 01 00 05 F5 F2 FB 04 05 02 02 00 03
06 06 06 02 FD FC FF 07 11 14 07 F5 ED F0 02 DB
1A F6 FF 01 02 FF FE FF FA FD 05 03 02 01 FF 04
08 09 0A 01 F8 FC FF 0A 13 12 00 EC E9 F9 FC DD
0C F9 FE 00 00 FF FD FF FD FF 04 02 02 00 00 04
05 05 03 FC F8 FC FD 05 07 03 F8 EF F2 FF FD ED
E5 E6 E3 E3 E6 E8 E6 E7 E8 E8 E5 E3 E6 E7 E6 E6
E7 E7 E7 E5 E5 E5 E6 E6 E7 E9 E9 EA EA EB EB ED
0B 0D 0B 09 09 0A 0B 0A 0A 0C 0B 09 0A 0B 0D 0E
0D 0C 0A 07 04 03 03 04 04 05 07 0A 0A 0A 0A 01
0C 0E 0D 0C 0C 0B 0C 0C 0C 0A 08 0B 0F 0E 0B 0A
08 07 06 08 09 0B 0B 06 06 03 02 07 09 09 09 02
0B 0B 0C 0A 0A 0A 0A 0A 0B 0A 04 FF 0A 0C 07 04
03 FF 04 03 01 FF 05 0B 0A 0F 0B 04 05 08 08 00
08 05 05 08 0A 0D 0C 0C 0C 0C 07 ED F5 02 03 FF
07 0E 03 FB FA F8 F7 F8 00 01 08 07 04 07 0B 02
04 06 06 02 07 0D 0E 0D 0E 0F 19 1C 0A 07 11 15
09 03 FF FF 01 00 FB FC FA FE 07 0B 05 02 06 00
06 08 19 13 09 0A 0C 0A 0A 0C 0D 10 0A 01 FF FF
FC 01 04 FC FD 06 07 FF FD FF FC 06 0B 05 06 02
FF 01 01 0D 11 0E 0D 0B 07 0A 0A 07 03 FE FC FC
FB FD 08 04 F8 FD 06 04 02 00 03 02 09 07 04 00
F3 FC FE F8 08 0E 0A 05 04 05 13 09 FD FD FF 05
05 01 03 11 08 FC 01 0B 07 FF FD 01 0B 0B 01 FC
F9 EF F5 FC 00 0A 0A 02 EB E2 E5 FB FE 03 FF 01
03 04 06 04 06 04 FB FD 00 01 FD F9 00 0F 0C FA
FF 02 F1 FC 04 0C 0C 13 F9 EE F4 FE FE 00 02 FA
04 01 04 FE FB 00 F9 FE FF FB 00 FF FC 04 0F 03
FC 04 01 FE FF 06 07 13 25 09 00 FC FC F9 04 03
FC 02 06 FC F8 FF 00 02 03 02 FB FB F9 FC 05 07
FC 05 05 03 01 01 06 06 14 0B 08 0D 04 F7 FC 02
FC F5 01 01 04 02 04 FF 01 04 02 FF FD FD 00 03
FC 02 FE 00 0E 08 06 04 0B 09 02 FD 07 F8 F1 FB
04 FD FE 03 02 00 02 05 05 07 07 FF FE 00 FF FD
F9 FF 01 FC 02 0B 07 05 0D 0E 03 FB 0C 13 04 FA
FA 01 08 05 00 02 FA F6 FB F9 FE 00 FE 03 07 FD
FA FC 02 FC F9 06 01 01 06 02 FE F3 E8 01 04 06
05 FE 05 0F 05 FC 08 0B 08 02 FE 03 04 08 07 00
FA FC 01 FA F3 01 FC FC 05 14 08 15 10 01 09 06
05 02 0A 09 02 F9 F8 F8 FD 02 02 07 0C 08 07 01
F9 FA 00 FE F6 00 08 F7 FA 08 12 11 0F 0C 09 05
07 FE FD 18 22 0D FE 06 06 0A 0C 05 05 05 07 FF
00 FA FF 01 F9 F8 07 00 F4 F7 0F 10 FB FC F9 FB
07 05 FA F6 F9 0D 0D 00 03 03 0C 09 07 0A 0C 01
06 FE 02 02 FD F8 03 07 08 FC ED 02 01 02 00 F7
FC 10 08 F9 F3 FB 02 FE FA F6 FC 02 06 07 06 FF
0A FD 02 03 FF F9 FA F7 F7 18 15 06 0E 02 FD FC
F4 00 15 15 11 05 00 06 03 06 FF FE FE 01 FE F8
0A FB FF 02 01 02 07 00 E7 DB F3 F0 E7 E8 EF EF
E9 E9 EF 00 03 FF F4 EE F4 F8 FC 00 FE FE FF FA
04 F8 F5 FD FE FC FF FE 02 EE DF F5 01 05 09 07
01 01 FD F2 EF F3 F7 F7 F6 F9 FD FB F9 FA FA F6
09 0B F7 F5 F8 F2 F4 FE 05 06 0D 0B 10 13 11 11
09 FF FD FB FA F9 F9 FC FC FB FD FF FE FB FA F7
02 12 11 00 FB 06 01 04 03 07 FE FB F9 F8 F8 F9
FB FB FC FE FE FD FD FB FB FA F9 F9 F8 F9 FB F7
F5 FB 06 0C FE FB FF 05 08 07 FA FA FA F9 FB FD
FE FE FD FC FB FA FA FA F7 F7 F7 F6 F6 F8 F5 EC
F9 F8 FC 06 09 FA FA 01 07 FC FE FA FB FE FC FA
FA FA FA F9 FA F8 F4 F5 FB FE FE FE FA F5 F6 F2
FB F9 F8 FA 02 0C FD F7 FC F6 FA FE FA FB FE FD
FA F8 F9 FA F9 FD 00 FD FA FB FD FA F7 FB 02 F9
FC FC F8 F7 FB 0D 17 FA FC FD F8 F7 F7 F6 F7 FC
FE FF FD FC FC FB FC FE FD FA F8 F9 03 07 06 F6
F5 F9 FB F8 FA FF 15 12 FF 03 04 00 FD F8 F5 F5
F6 F6 F9 FC FE FD FE FE FB F7 F6 FB F8 F5 FC F9
FC F9 FC FA F9 F9 FB 03 FC FD FE 00 04 06 02 FB
F9 F8 F6 F4 F6 FB FC FA F8 F7 F4 F5 F9 FA F7 FD
FE EF F1 F5 F4 F4 F5 F5 F6 F7 F8 F8 F8 F8 FE 03
01 FC F7 F2 F1 F1 F2 F5 F5 F3 F1 EF F2 F5 F3 EF
4F 4F 52 53 50 4E 51 4F 4F 4F 50 50 50 53 54 55
53 51 50 50 4E 4A 4B 4A 4A 47 46 46 47 44 3F 3A
4C 4B 4F 53 51 50 52 51 51 4E 4D 4F 51 55 55 55
54 50 4D 4B 48 45 46 46 4A 49 48 47 47 44 3E 3B
4B 4B 4F 53 50 51 52 52 51 51 4F 4E 50 53 53 54
55 4F 48 3C 37 31 32 39 3C 43 47 46 47 45 41 3C
4D 4D 50 57 53 53 54 54 52 52 53 5F 58 4E 51 52
4F 4A 34 33 31 2E 28 25 2B 29 38 42 46 46 44 3F
4D 4E 50 55 54 51 54 53 52 52 56 7B 61 4B 49 47
37 27 2A 38 38 35 30 2E 25 2A 2A 34 40 45 42 40
4A 42 41 49 50 52 53 53 51 52 51 5A 4E 40 30 21
22 21 2C 3B 3D 3B 39 2F 31 2D 1D 21 36 46 45 43
3F 36 17 2C 4C 55 54 55 54 53 52 49 40 3F 32 22
27 24 29 42 49 3E 34 35 39 2A 1F 17 27 42 46 43
41 31 15 23 47 53 52 54 55 50 46 3C 41 48 3A 2C
2D 2A 26 3E 51 44 33 35 32 2A 1B 18 1C 35 45 44
55 33 1B 3E 4C 50 51 53 52 57 38 3E 4E 4E 3C 2B
29 2A 28 28 45 49 38 2B 29 2B 23 1C 14 25 42 44
5A 43 2F 4D 57 4F 4E 4C 67 76 67 4E 57 4A 3E 2E
2B 25 1D 26 44 47 42 35 2B 2B 2A 25 19 14 2F 42
5B 36 47 52 58 4D 4F 3D 6A 76 6E 52 5B 4E 3E 3C
27 28 16 2D 57 4E 4D 35 2B 33 2C 27 1D 14 1D 34
5E 32 43 55 5D 53 56 43 3A 61 63 55 5C 5E 43 3A
33 2A 13 3E 69 50 49 2E 29 2F 34 2A 24 1B 1F 26
5E 2D 3F 57 57 53 59 4F 30 54 54 44 5D 6C 50 3D
3C 39 19 4B 61 4D 3D 2D 2A 2A 2F 2B 2A 24 27 24
5E 2E 4C 5C 3B 44 56 53 33 49 48 53 5E 71 5A 46
3F 3A 23 4D 5D 4A 39 2B 28 24 28 31 32 2D 30 2F
61 36 54 5D 34 31 4E 53 32 39 45 63 5F 56 48 4D
49 33 23 4C 59 44 41 37 2A 2D 2F 36 39 32 30 3A
62 42 56 5C 41 27 46 4D 39 41 47 73 79 48 43 41
3C 36 2F 48 54 4C 38 2B 23 2B 34 38 3C 33 3C 44
65 49 54 5F 54 27 3F 45 45 30 4D 56 51 46 38 38
32 34 38 55 4E 4A 43 36 27 27 2F 32 35 3E 4B 48
6B 51 52 5B 58 2F 30 4E 4A 35 40 3B 39 3A 33 39
2B 32 48 3B 22 40 42 25 1E 1D 23 33 3A 47 4B 46
6A 59 53 56 58 3E 2B 46 4C 43 34 26 43 3E 40 49
2A 2E 4B 42 3A 35 25 20 16 20 2B 42 4D 50 4D 4B
63 5D 55 57 58 48 2B 3B 3D 44 48 23 40 36 48 5C
3A 24 41 44 43 2C 19 1A 17 2D 3C 51 55 52 4F 4A
52 61 59 58 5A 4C 31 41 55 33 2E 28 2E 3D 59 5F
4B 32 2C 2B 1E 17 13 0C 17 1E 36 48 48 40 3F 3C
3A 61 58 59 5A 45 29 4B 7A 6D 42 43 4A 58 5F 61
54 3E 37 1E 11 11 18 1D 1E 1D 22 24 27 22 1D 1B
27 57 57 58 58 46 36 69 7E 7E 68 3E 39 3E 3A 3D
34 22 22 1E 1A 19 19 1C 1C 19 15 19 1D 18 15 15
14 30 48 54 59 52 52 7B 7E 71 37 1E 1A 18 18 18
16 15 17 15 13 17 17 15 15 17 17 19 1B 1A 19 16
0E 0E 1D 41 53 42 61 7F 78 46 1E 19 19 19 18 19
17 15 13 11 11 13 13 15 16 1C 1F 1D 1C 19 17 19
18 0F 11 24 40 40 6B 7F 5D 21 1B 19 1A 1A 17 16
15 14 12 13 14 14 15 17 1D 1F 20 1D 1B 19 23 29
1A 11 0F 14 21 40 70 78 3E 1D 18 1C 1B 16 16 17
17 15 15 16 16 16 1B 1D 1B 17 15 12 19 24 2A 26
19 11 0E 11 16 27 65 69 30 20 1B 18 1D 18 14 16
17 18 17 17 19 13 13 18 17 13 0E 14 21 21 17 19
19 11 10 10 14 17 34 55 20 1B 1A 1A 1E 1D 1B 16
15 14 17 18 17 15 14 13 12 14 16 1F 17 0F 07 19
22 15 0F 13 12 15 15 23 18 0F 0D 13 18 1C 1D 1A
1C 1E 1C 1A 19 16 13 10 15 1F 27 24 1C 13 06 14
1E 18 11 15 13 15 16 14 15 0D 0B 0F 0D 0E 12 17
1C 1F 21 25 22 18 15 15 1E 2A 36 2E 1E 0D 0E 0A
1B 1C 16 15 14 14 14 13 12 0D 0B 0E 0C 0E 09 09
10 17 1E 25 21 1A 1A 16 21 2C 34 2C 18 0C 11 0A
38 37 3A 3B 38 36 39 38 37 38 3A 37 37 3A 3A 3B
3A 38 37 38 36 35 35 35 35 32 31 30 30 2F 2D 2A
38 37 39 3A 38 38 3A 39 3A 37 37 37 38 3B 3A 39
39 37 38 39 37 34 33 32 34 33 33 30 31 2F 2D 2C
37 36 37 37 35 39 3A 3A 39 39 39 36 37 39 39 38
3A 39 37 30 2D 27 26 2A 2B 30 33 31 31 31 2F 2C
35 37 36 38 37 3A 3C 3B 39 3A 3D 49 41 37 39 39
38 37 28 2B 2D 2D 25 1F 23 1F 2A 31 33 32 31 2F
35 39 39 39 39 38 3C 3A 38 3A 40 6B 4E 39 37 36
28 1A 22 33 37 39 33 2F 24 27 24 29 30 32 2F 2E
36 34 32 38 39 38 3A 39 37 3A 3B 45 3D 33 25 19
1D 1C 29 38 3C 3D 3A 30 32 2D 1D 1D 2A 34 31 2F
32 2F 12 25 3A 3B 39 3B 3A 3A 3C 35 31 36 2B 21
29 25 2A 41 47 3B 31 33 37 29 23 17 1E 31 31 2E
39 30 15 20 37 3A 39 3A 3B 38 36 2F 37 41 35 2B
2F 2C 26 3B 4C 3E 2E 31 2E 28 1E 1A 17 29 33 30
50 34 1D 3C 3E 38 3A 3D 3C 43 2C 34 46 47 37 28
28 2A 27 23 3E 43 33 27 26 29 24 1C 11 1D 35 33
58 45 32 4D 4A 3A 3A 3B 5A 6B 5A 41 4C 41 37 2A
2A 25 1C 22 3E 42 3E 31 28 2A 2A 26 18 0F 25 33
5B 3A 4B 54 4E 38 3B 2C 62 70 5F 43 4F 44 36 37
26 28 16 2A 52 49 49 32 29 33 2C 27 1D 12 17 28
5F 36 48 57 53 3C 3D 2E 2F 5B 55 47 50 55 3B 35
31 2A 13 3C 64 4C 45 2C 28 2E 34 2B 25 1A 1B 1C
61 30 43 5A 4E 3D 3D 36 22 4D 48 39 53 65 4A 38
39 39 19 49 5D 4A 3B 2C 29 2A 2F 2B 2B 24 25 1B
60 2F 4D 5E 37 35 3E 3A 24 42 3E 4A 57 6C 56 41
3A 39 23 4C 5A 48 37 2A 28 24 28 32 32 2C 2C 24
62 35 53 5D 36 2C 3B 3D 25 35 3D 5C 5A 52 46 47
44 32 23 4C 57 42 40 36 2B 2E 30 37 3A 30 2A 2F
62 40 53 59 44 29 3C 3E 2F 3C 41 6E 76 45 41 3C
38 34 2C 43 4F 49 36 2A 24 2C 34 36 37 2B 30 34
65 49 52 5B 55 2B 3E 3F 3C 28 47 51 4C 42 35 35
32 32 2D 47 45 46 41 34 26 27 2E 2D 29 2C 36 34
6B 53 53 5C 5B 33 30 4A 44 2E 3A 34 33 34 2D 37
2D 33 40 30 1C 3C 3F 22 1C 1C 23 2E 2F 38 3A 37
69 5C 57 5A 5C 41 2C 45 4A 40 2D 20 3C 37 3A 47
2E 30 45 3A 36 31 22 1D 14 1F 22 34 3B 3C 39 37
60 5E 58 59 5B 4A 2D 3C 3E 44 43 1D 3B 30 43 58
3B 25 3B 3E 40 2B 18 19 18 2D 2D 3B 3C 38 37 35
4E 60 59 56 5A 4E 33 43 57 34 2D 26 2D 3B 56 5B
4A 32 27 26 1E 1A 17 10 1C 23 32 3E 3D 36 38 34
3C 64 59 54 59 48 2B 4C 7B 6F 46 46 4E 5B 62 60
56 42 36 1F 18 1B 23 28 2A 2A 31 32 34 30 2E 2D
34 62 5B 56 58 49 38 69 7E 7E 70 47 42 46 42 42
3E 2E 2B 29 2A 2A 2A 2E 2F 2D 30 34 36 30 30 2F
2C 44 54 57 5B 55 53 7A 7D 73 44 2C 28 26 25 24
27 28 28 29 2B 2D 2C 2B 2C 2E 2F 30 30 2F 2F 2D
2D 2B 33 4C 59 44 5E 7D 7A 4F 2F 2A 2A 2A 29 2A
2B 2A 29 27 29 2B 2A 2C 2E 33 33 32 33 31 2F 33
37 2F 2A 35 4A 44 6A 7E 63 2E 2D 2C 2D 2D 29 29
29 28 28 29 2B 2C 2E 2F 36 37 36 36 36 34 3D 44
39 31 2B 29 2F 48 72 7A 47 2E 2B 2F 2E 29 29 29
2A 29 2B 2C 2D 30 35 37 34 30 2F 2D 36 41 45 3E
37 31 2C 2B 29 35 6D 72 3F 34 2F 2B 30 2B 28 29
2A 2B 2C 2C 30 2E 2E 33 32 2E 2A 32 40 3F 31 30
36 30 2E 2C 2C 2A 42 62 32 30 2F 2F 33 32 30 29
27 28 2C 2E 2E 2F 2E 2E 2D 2E 33 3E 37 2D 1E 2E
3E 32 2C 2D 2B 2C 27 35 2C 26 23 29 2E 32 33 2E
2F 31 31 30 2F 2F 2C 29 2D 38 42 41 3A 30 20 2A
3A 33 2A 2D 2D 2E 2C 28 2A 24 21 25 23 24 28 2B
2F 32 36 3B 38 2F 2C 2C 34 41 4E 48 39 29 29 20
35 34 2C 2B 2C 2E 2B 28 27 22 21 24 22 24 1F 1D
23 2B 34 3B 37 30 2F 2B 36 41 49 43 31 26 2A 21
18 17 19 1A 17 14 17 16 16 14 14 1A 18 14 16 16
14 13 13 15 16 16 16 15 16 13 15 14 13 12 12 10
19 14 16 1C 18 15 17 16 17 13 14 1B 1A 14 14 10
0F 10 14 19 1A 1B 1A 18 19 17 16 13 11 0F 10 11
17 10 12 18 15 16 16 16 15 15 18 1C 19 13 12 11
13 17 1B 18 1A 19 17 19 18 1B 19 13 11 11 11 10
14 10 0F 16 15 17 18 18 16 16 1C 2F 25 14 17 1B
1D 21 17 20 26 2A 21 19 1A 13 16 17 15 13 13 12
14 18 18 17 15 14 17 16 14 15 1D 52 35 1C 1E 23
19 0F 1C 31 37 3B 34 2E 21 23 17 16 18 17 12 12
1B 20 1C 1A 16 13 14 14 12 13 15 2A 27 1D 15 0F
15 16 26 37 3C 3D 3A 30 30 2B 17 12 18 1D 16 14
1C 28 08 0E 18 15 14 15 15 12 13 1A 1D 25 23 1C
24 20 25 3C 42 36 2D 2F 33 26 22 13 12 1D 18 13
2D 2E 13 14 1C 15 12 13 18 19 19 18 26 35 2E 27
2C 29 22 35 46 38 28 2C 2A 25 1D 18 10 19 19 13
48 34 1D 38 29 15 14 19 21 2F 1D 27 3C 40 32 25
26 29 24 1E 38 3D 2E 23 22 26 21 1A 0D 11 1D 16
51 47 34 4A 38 19 17 1E 49 63 53 3B 48 3E 35 27
27 23 1A 1D 38 3D 39 2C 25 27 27 23 15 07 16 1C
57 3D 4F 54 3D 19 19 17 59 71 5E 41 4D 42 34 34
22 26 14 26 4D 44 45 2E 26 30 27 24 1D 10 0F 17
5E 3A 4C 59 44 1D 1B 16 28 5E 52 42 4B 4F 35 2F
2C 27 11 38 60 47 41 29 25 2C 2F 28 27 1B 18 0D
61 34 48 5C 42 22 1A 17 16 4C 3F 2F 4A 5B 40 31
34 36 17 46 59 46 37 29 27 28 2A 28 2C 24 20 0C
60 33 51 60 31 21 1D 19 13 3C 33 3F 4D 64 4E 3A
35 36 22 49 57 44 34 28 26 23 24 2F 31 28 22 11
62 38 56 5E 36 21 1F 1B 11 2C 33 54 54 4F 46 43
3E 2F 23 4A 55 3F 3D 34 29 2D 2D 34 37 28 1A 17
62 44 57 5A 47 26 2C 26 1A 2E 3A 69 73 44 41 38
32 2F 25 3B 49 45 32 28 22 2B 31 31 2E 1B 18 18
66 50 59 5E 56 2D 3F 38 29 12 42 4D 46 3A 2C 2D
2E 2B 1D 34 36 3F 3B 30 24 26 2F 29 1B 16 1B 17
6B 5A 5C 61 5D 34 33 48 37 1E 34 2F 2C 2C 24 31
2C 2F 33 20 10 34 39 1E 19 1A 20 27 20 22 20 1B
66 60 5E 60 5E 42 30 47 46 37 28 1B 36 30 32 42
2E 2E 3C 2E 2E 2B 1D 1A 13 1E 14 1D 1F 1B 16 17
5A 5D 5A 5C 5C 4C 31 42 41 43 3F 19 36 2B 3D 54
3B 24 33 34 3B 27 16 19 1A 2E 1E 22 20 1A 19 17
49 5D 57 56 5A 50 37 49 5C 37 2B 24 2B 3A 56 58
4A 32 21 1F 1C 1B 19 14 22 29 25 29 26 1E 22 1F
3E 64 58 54 59 49 2D 4F 7D 70 48 49 52 60 68 62
5A 47 36 1F 1D 22 2B 33 37 37 3D 3B 3C 38 38 39
42 6A 60 58 5B 4B 38 68 7B 7E 74 4E 4A 51 4E 4C
4A 3B 34 32 37 37 39 3E 41 41 43 46 47 42 44 42
43 54 5E 5E 60 57 52 76 78 72 4C 37 34 34 35 32
39 3C 38 3A 3E 3E 3F 40 42 45 44 44 43 43 45 42
46 41 43 58 5F 44 5A 79 7A 57 3F 3B 3B 3C 3C 3A
3A 3A 39 38 3C 3E 3E 41 43 48 47 47 49 48 46 4A
51 46 3E 44 53 47 68 7C 66 3B 40 3E 3F 3F 3C 39
38 38 38 3A 3D 41 43 45 4B 4C 49 4A 4D 4C 53 5B
52 49 41 3D 3F 52 75 7B 4C 39 3D 41 40 3B 3B 3B
3B 3B 3D 3F 41 46 4B 4D 4B 46 46 45 4F 59 5B 54
51 4A 45 42 3F 45 74 75 46 3F 40 3E 42 3D 3A 3B
3D 3F 41 42 46 45 45 4A 49 45 42 4C 5B 58 47 45
50 49 47 46 45 3E 4F 69 3B 3C 40 41 45 43 41 3C
3B 3C 41 43 44 45 45 44 43 45 4B 59 52 46 33 44
58 4A 44 49 45 42 38 42 39 34 34 3A 40 43 44 40
41 44 45 45 44 44 41 3E 42 4D 59 5A 54 49 36 3F
54 4A 42 47 45 43 3E 38 39 34 33 36 35 36 39 3C
40 43 48 4E 4C 43 3F 3F 48 55 62 5F 52 41 3F 35
50 4A 42 43 43 42 3D 39 39 34 32 36 34 36 31 2C
32 3B 44 4C 48 41 41 3D 48 53 5B 57 48 3E 40 37
07 00 00 00 F2 FF FF FF ED FF FF FF FF FF FF FF
F6 FF FF FF 3D 00 00 00 19 00 00 00 1D 00 00 00
0B 00 00 00 F4 FF FF FF B2 FF FF FF 2D 00 00 00
1E 00 00 00 ED FF FF FF 1F 00 00 00 00 00 00 00
B4 2A 02 F9 61 E2 DE 18 0F C5 51 1D 23 46 DB 2C
2A B8 C4 37 F1 12 37 CC DA D9 D0 D3 0D 35 07 DF
A4 DD 11 E1 E9 1E 41 0D DA A4 F0 EA F4 2A 2A 69
38 3A F2 37 FA 37 F0 A7 43 F4 1A 1F 0E 31 F6 B0
9D 0A 80 EA 2B DA 36 2C B9 EB 3A 87 1D 62 13 7F
39 32 F1 E0 57 E0 ED 1A 26 BE 55 DE F1 20 D9 C5
4D EB D3 51 CB D1 58 FD D7 4A DB E0 C3 AA DA 08
D4 15 58 6E 4B 1C CA D8 08 BD E2 30 26 2E 1C 0D
13 DB F4 CB F3 66 02 B7 B3 0C F0 E4 C3 0A C8 C6
2A 08 F3 FD F3 32 02 DE DF 20 F6 D0 5F 51 37 0A
3E 3E F0 3D 2D 45 2D 0B CB 91 C3 1F 2F 01 EB 31
09 DD 90 FA 29 42 04 ED 3B 16 04 BB C9 F2 E5 72
1A CB 5B 3B CB EC F0 D3 32 DB 92 16 FA A9 F5 F0
1D 3E 23 8B 1A 6B F8 02 25 30 0D 05 6A 67 34 78
21 DA E1 0C 04 CF EE C0 BE FA 17 F7 F5 F0 BB AB
FD BF E2 FF E7 3A E2 02 53 C6 4D 3D DC 24 2E E9
F8 12 A1 11 3C C9 18 E9 A3 02 3E C4 27 38 23 44
3F 00 18 13 1C 03 DE 00 CD 12 F9 C8 F5 C0 B7 FB
3D 2E 43 07 05 49 0F 13 23 EE 3F 64 FF DB 12 4E
2B E3 D2 D3 20 C9 D7 B8 5B DE C2 AA 10 53 FB C5
E0 38 2D F4 1D E4 C6 1C E5 0E 00 16 12 2E FD 16
22 37 08 1B 22 02 0A 1A F1 0D 26 D7 D1 E7 00 C5
EB D9 E6 C6 1C E5 F5 13 10 22 53 C2 EE 5C EA CB
41 EE 5A 50 1D 0C 64 C9 BB 15 E1 F5 00 0F C4 33
D2 07 3A CE D6 1F AF 06 57 EF 02 66 1F 06 0A EC
AC 46 CA D5 36 F3 3E FB E4 99 EA 2F 29 F0 21 62
4E F1 A1 2A FE 39 35 F0 43 22 DE 8F CB 2C DA D5
3D 3D 3D 3D 3D 20 52 49 53 43 2D 56 20 42 69 74
2D 54 72 75 65 20 47 6F 6C 64 65 6E 20 4D 6F 64
65 6C 20 54 65 73 74 20 3D 3D 3D 3D 3D 00 00 00
45 78 65 63 75 74 69 6E 67 20 43 6F 6E 76 32 44
20 77 69 74 68 20 72 65 61 6C 20 43 49 46 41 52
2D 31 30 20 49 6D 61 67 65 2E 2E 2E 00 00 00 00
43 6F 6E 76 32 44 20 66 69 6E 69 73 68 65 64 21
20 56 61 6C 69 64 61 74 69 6E 67 20 52 65 73 75
6C 74 73 2E 2E 2E 00 00 4D 69 73 6D 61 74 63 68
20 61 74 20 69 6E 64 65 78 20 25 64 3A 20 43 5F
6F 75 74 3D 25 64 2C 20 45 78 70 65 63 74 65 64
3D 25 64 0A 00 00 00 00 0A 5B 53 55 43 43 45 53
53 5D 20 50 45 52 46 45 43 54 20 4D 41 54 43 48
21 20 30 20 65 72 72 6F 72 73 20 6F 75 74 20 6F
66 20 25 64 20 65 6C 65 6D 65 6E 74 73 2E 0A 00
E4 BD A0 E7 9A 84 20 43 20 E8 AF AD E8 A8 80 E7
BA AF E6 95 B4 E6 95 B0 E9 BB 84 E9 87 91 E6 A8
A1 E5 9E 8B E5 B7 B2 E7 BB 8F E5 BB BA E7 AB 8B
EF BC 81 00 0A 5B 46 41 49 4C 45 44 5D 20 46 6F
75 6E 64 20 25 64 20 65 72 72 6F 72 73 20 6F 75
74 20 6F 66 20 25 64 20 65 6C 65 6D 65 6E 74 73
2E 0A 00 00 0A 00 00 00 49 4E 46 00 69 6E 66 00
4E 41 4E 00 6E 61 6E 00 30 31 32 33 34 35 36 37
38 39 61 62 63 64 65 66 00 00 00 00 30 31 32 33
34 35 36 37 38 39 41 42 43 44 45 46 00 00 00 00
28 6E 75 6C 6C 29 00 00 30 00 00 00 2F 00 00 00
50 4F 53 49 58 00 00 00 43 00 00 00 41 53 43 49
49 00 00 00 49 53 4F 2D 38 38 35 39 2D 31 00 00
63 6A 6B 73 69 6E 67 6C 65 00 00 00 63 6A 6B 6E
61 72 72 6F 77 00 00 00 63 6A 6B 77 69 64 65 00
55 54 46 2D 38 00 00 00 55 54 46 38 00 00 00 00
4A 49 53 00 45 55 43 00 4A 50 00 00 45 55 43 4A
50 00 00 00 53 4A 49 53 00 00 00 00 49 53 4F 00
38 38 35 39 00 00 00 00 49 53 4F 2D 38 38 35 39
2D 00 00 00 43 50 00 00 4B 4F 49 38 00 00 00 00
43 50 32 30 38 36 36 00 43 50 32 31 38 36 36 00
43 50 31 30 33 00 00 00 47 45 4F 52 47 49 41 4E
00 00 00 00 50 53 00 00 43 50 31 30 31 00 00 00
50 54 31 35 34 00 00 00 43 50 31 30 32 00 00 00
54 49 53 00 36 32 30 00 43 50 38 37 34 00 00 00
4C 43 5F 41 4C 4C 00 00 4C 41 4E 47 00 00 00 00
2E 00 00 00 4C 43 5F 43 4F 4C 4C 41 54 45 00 00
4C 43 5F 43 54 59 50 45 00 00 00 00 4C 43 5F 4D
4F 4E 45 54 41 52 59 00 4C 43 5F 4E 55 4D 45 52
49 43 00 00 4C 43 5F 54 49 4D 45 00 4C 43 5F 4D
45 53 53 41 47 45 53 00 49 6E 66 69 6E 69 74 79
00 00 00 00 4E 61 4E 00 42 61 6C 6C 6F 63 20 73
75 63 63 65 65 64 65 64 00 00 00 00 2F 68 6F 6D
65 2F 69 6C 67 2F 61 63 74 69 6F 6E 73 2D 72 75
6E 6E 65 72 73 2F 78 70 61 63 6B 2D 64 65 76 2D
74 6F 6F 6C 73 2F 32 2F 5F 77 6F 72 6B 2F 72 69
73 63 76 2D 6E 6F 6E 65 2D 65 6C 66 2D 67 63 63
2D 78 70 61 63 6B 2F 72 69 73 63 76 2D 6E 6F 6E
65 2D 65 6C 66 2D 67 63 63 2D 78 70 61 63 6B 2F
62 75 69 6C 64 2D 61 73 73 65 74 73 2F 62 75 69
6C 64 2F 77 69 6E 33 32 2D 78 36 34 2F 73 6F 75
72 63 65 73 2F 6E 65 77 6C 69 62 2D 34 2E 35 2E
30 2E 32 30 32 34 31 32 33 31 2F 6E 65 77 6C 69
62 2F 6C 69 62 63 2F 73 74 64 6C 69 62 2F 64 74
6F 61 2E 63 00 00 00 00 2F 68 6F 6D 65 2F 69 6C
67 2F 61 63 74 69 6F 6E 73 2D 72 75 6E 6E 65 72
73 2F 78 70 61 63 6B 2D 64 65 76 2D 74 6F 6F 6C
73 2F 32 2F 5F 77 6F 72 6B 2F 72 69 73 63 76 2D
6E 6F 6E 65 2D 65 6C 66 2D 67 63 63 2D 78 70 61
63 6B 2F 72 69 73 63 76 2D 6E 6F 6E 65 2D 65 6C
66 2D 67 63 63 2D 78 70 61 63 6B 2F 62 75 69 6C
64 2D 61 73 73 65 74 73 2F 62 75 69 6C 64 2F 77
69 6E 33 32 2D 78 36 34 2F 73 6F 75 72 63 65 73
2F 6E 65 77 6C 69 62 2D 34 2E 35 2E 30 2E 32 30
32 34 31 32 33 31 2F 6E 65 77 6C 69 62 2F 6C 69
62 63 2F 73 74 64 6C 69 62 2F 6D 70 72 65 63 2E
63 00 00 00 2C 20 66 75 6E 63 74 69 6F 6E 3A 20
00 00 00 00 61 73 73 65 72 74 69 6F 6E 20 22 25
73 22 20 66 61 69 6C 65 64 3A 20 66 69 6C 65 20
22 25 73 22 2C 20 6C 69 6E 65 20 25 64 25 73 25
73 0A 00 00 D8 F4 FE FF 46 EB FE FF 46 EB FE FF
CC F4 FE FF 46 EB FE FF 46 EB FE FF 46 EB FE FF
92 F4 FE FF 46 EB FE FF 46 EB FE FF 10 F2 FE FF
3A F3 FE FF 46 EB FE FF 24 F2 FE FF FC F4 FE FF
46 EB FE FF F0 F4 FE FF 1C EB FE FF 1C EB FE FF
1C EB FE FF 1C EB FE FF 1C EB FE FF 1C EB FE FF
1C EB FE FF 1C EB FE FF 1C EB FE FF 46 EB FE FF
46 EB FE FF 46 EB FE FF 46 EB FE FF 46 EB FE FF
46 EB FE FF 46 EB FE FF F2 EC FE FF 46 EB FE FF
B8 EF FE FF 30 F4 FE FF F2 EC FE FF F2 EC FE FF
F2 EC FE FF 46 EB FE FF 46 EB FE FF 46 EB FE FF
46 EB FE FF 24 F4 FE FF 46 EB FE FF 46 EB FE FF
DA F2 FE FF 46 EB FE FF 46 EB FE FF 46 EB FE FF
9A F1 FE FF 46 EB FE FF 2E F2 FE FF 46 EB FE FF
46 EB FE FF 1E FB FE FF 46 EB FE FF 46 EB FE FF
46 EB FE FF 46 EB FE FF 46 EB FE FF 46 EB FE FF
46 EB FE FF 46 EB FE FF F2 EC FE FF 46 EB FE FF
B8 EF FE FF 26 EF FE FF F2 EC FE FF F2 EC FE FF
F2 EC FE FF 4A F3 FE FF 26 EF FE FF 1C EF FE FF
46 EB FE FF 10 F4 FE FF 46 EB FE FF 90 F3 FE FF
5E F3 FE FF C8 F3 FE FF 1C EF FE FF 46 EB FE FF
9A F1 FE FF 16 EF FE FF 7A F2 FE FF 46 EB FE FF
46 EB FE FF 6A FB FE FF 46 EB FE FF 16 EF FE FF
30 30 30 30 30 30 30 30 30 30 30 30 30 30 30 30
20 20 20 20 20 20 20 20 20 20 20 20 20 20 20 20
28 20 FF FF E4 1C FF FF 80 1C FF FF E4 1C FF FF
96 20 FF FF E4 1C FF FF 4A 20 FF FF E4 1C FF FF
5C 1F FF FF 28 1F FF FF CA 1E FF FF E4 1C FF FF
E4 1C FF FF E4 1C FF FF E4 1C FF FF A8 1E FF FF
E4 1C FF FF E4 1C FF FF 74 1E FF FF 16 1E FF FF
9E 1D FF FF E4 1C FF FF E4 1C FF FF E4 1C FF FF
E4 1C FF FF E4 1C FF FF E4 1C FF FF E4 1C FF FF
E4 1C FF FF E4 1C FF FF E4 1C FF FF E4 1C FF FF
28 20 FF FF E4 1C FF FF 80 1C FF FF E4 1C FF FF
96 20 FF FF E4 1C FF FF 4A 20 FF FF E4 1C FF FF
5C 1F FF FF 28 1F FF FF CA 1E FF FF E4 1C FF FF
E4 1C FF FF E4 1C FF FF E4 1C FF FF A8 1E FF FF
E4 1C FF FF E4 1C FF FF 74 1E FF FF 16 1E FF FF
9E 1D FF FF 43 00 00 00 00 00 00 00 00 00 00 00
00 00 00 00 00 00 00 00 00 00 00 00 00 00 00 00
00 00 00 00 43 00 00 00 00 00 00 00 00 00 00 00
00 00 00 00 00 00 00 00 00 00 00 00 00 00 00 00
00 00 00 00 43 00 00 00 00 00 00 00 00 00 00 00
00 00 00 00 00 00 00 00 00 00 00 00 00 00 00 00
00 00 00 00 43 00 00 00 00 00 00 00 00 00 00 00
00 00 00 00 00 00 00 00 00 00 00 00 00 00 00 00
00 00 00 00 43 00 00 00 00 00 00 00 00 00 00 00
00 00 00 00 00 00 00 00 00 00 00 00 00 00 00 00
00 00 00 00 43 00 00 00 00 00 00 00 00 00 00 00
00 00 00 00 00 00 00 00 00 00 00 00 00 00 00 00
00 00 00 00 43 00 00 00 00 00 00 00 00 00 00 00
00 00 00 00 00 00 00 00 00 00 00 00 00 00 00 00
00 00 00 00 4A 7E 00 00 36 64 00 00 00 00 00 00
D0 22 01 00 38 1A 01 00 5C 18 01 00 5C 18 01 00
5C 18 01 00 5C 18 01 00 5C 18 01 00 5C 18 01 00
5C 18 01 00 5C 18 01 00 5C 18 01 00 FF FF FF FF
FF FF FF FF FF FF FF FF FF FF 00 00 01 00 41 53
43 49 49 00 00 00 00 00 00 00 00 00 00 00 00 00
00 00 00 00 00 00 00 00 00 00 00 00 00 00 41 53
43 49 49 00 00 00 00 00 00 00 00 00 00 00 00 00
00 00 00 00 00 00 00 00 00 00 00 00 00 00 00 00
28 1A 01 00 3C 1A 01 00 48 1A 01 00 54 1A 01 00
60 1A 01 00 6C 1A 01 00 74 1A 01 00 62 4A FF FF
A4 49 FF FF A4 49 FF FF A4 49 FF FF A4 49 FF FF
A4 49 FF FF A4 49 FF FF A4 49 FF FF A4 49 FF FF
5E 4A FF FF A4 49 FF FF A4 49 FF FF A4 49 FF FF
3A 4A FF FF A4 49 FF FF A4 49 FF FF A4 49 FF FF
A4 49 FF FF A4 49 FF FF A4 49 FF FF A4 49 FF FF
A4 49 FF FF A4 49 FF FF A4 49 FF FF A4 49 FF FF
A4 49 FF FF A4 49 FF FF A4 49 FF FF A4 49 FF FF
A4 49 FF FF A4 49 FF FF A4 49 FF FF A4 49 FF FF
A4 49 FF FF A4 49 FF FF A4 49 FF FF A4 49 FF FF
3E 4A FF FF A4 49 FF FF 42 4A FF FF A4 49 FF FF
A4 49 FF FF A4 49 FF FF A4 49 FF FF A4 49 FF FF
A4 49 FF FF A4 49 FF FF 46 4A FF FF 58 49 FF FF
1A 49 FF FF 38 49 FF FF 32 49 FF FF 1E 49 FF FF
64 49 FF FF 04 00 00 00 00 00 05 00 00 04 01 01
01 01 01 06 01 06 00 04 00 00 00 00 00 00 00 00
00 00 04 04 00 00 00 00 06 02 02 02 02 02 06 02
06 06 06 04 06 06 06 06 06 06 06 06 06 06 03 03
06 06 06 00 00 00 00 00 00 00 00 00 02 00 00 00
00 00 00 00 00 05 04 04 04 04 04 07 04 07 00 03
00 00 00 00 00 00 00 00 00 00 01 01 00 00 00 00
07 01 01 01 01 01 07 01 07 07 07 06 07 07 07 07
07 07 07 07 07 07 00 00 07 07 07 00 00 00 00 00
00 00 00 00 05 00 00 00 19 00 00 00 7D 00 00 00
BC 89 D8 97 B2 D2 9C 3C 33 A7 A8 D5 23 F6 49 39
3D A7 F4 44 FD 0F A5 32 9D 97 8C CF 08 BA 5B 25
43 6F AC 64 28 06 C8 0A 00 80 E0 37 79 C3 41 43
17 6E 05 B5 B5 B8 93 46 F5 F9 3F E9 03 4F 38 4D
32 1D 30 F9 48 77 82 5A 3C BF 73 7F DD 4F 15 75
00 00 00 00 00 00 F0 3F 00 00 00 00 00 00 24 40
00 00 00 00 00 00 59 40 00 00 00 00 00 40 8F 40
00 00 00 00 00 88 C3 40 00 00 00 00 00 6A F8 40
00 00 00 00 80 84 2E 41 00 00 00 00 D0 12 63 41
00 00 00 00 84 D7 97 41 00 00 00 00 65 CD CD 41
00 00 00 20 5F A0 02 42 00 00 00 E8 76 48 37 42
00 00 00 A2 94 1A 6D 42 00 00 40 E5 9C 30 A2 42
00 00 90 1E C4 BC D6 42 00 00 34 26 F5 6B 0C 43
00 80 E0 37 79 C3 41 43 00 A0 D8 85 57 34 76 43
00 C8 4E 67 6D C1 AB 43 00 3D 91 60 E4 58 E1 43
40 8C B5 78 1D AF 15 44 50 EF E2 D6 E4 1A 4B 44
92 D5 4D 06 CF F0 80 44 F6 4A E1 C7 02 2D B5 44
B4 9D D9 79 43 78 EA 44 00 20 20 20 20 20 20 20
20 20 28 28 28 28 28 20 20 20 20 20 20 20 20 20
20 20 20 20 20 20 20 20 20 88 10 10 10 10 10 10
10 10 10 10 10 10 10 10 10 04 04 04 04 04 04 04
04 04 04 10 10 10 10 10 10 10 41 41 41 41 41 41
01 01 01 01 01 01 01 01 01 01 01 01 01 01 01 01
01 01 01 01 10 10 10 10 10 10 42 42 42 42 42 42
02 02 02 02 02 02 02 02 02 02 02 02 02 02 02 02
02 02 02 02 10 10 10 10 20 00 00 00 00 00 00 00
00 00 00 00 00 00 00 00 00 00 00 00 00 00 00 00
00 00 00 00 00 00 00 00 00 00 00 00 00 00 00 00
00 00 00 00 00 00 00 00 00 00 00 00 00 00 00 00
00 00 00 00 00 00 00 00 00 00 00 00 00 00 00 00
00 00 00 00 00 00 00 00 00 00 00 00 00 00 00 00
00 00 00 00 00 00 00 00 00 00 00 00 00 00 00 00
00 00 00 00 00 00 00 00 00 00 00 00 00 00 00 00
00 00 00 00 00 00 00 00 00 00 00 00 68 6F FF FF
8E 67 FF FF 8E 67 FF FF 5C 6F FF FF 8E 67 FF FF
8E 67 FF FF 8E 67 FF FF CE 6E FF FF 8E 67 FF FF
8E 67 FF FF 46 6C FF FF 5E 6C FF FF 8E 67 FF FF
54 6C FF FF 1E 6F FF FF 8E 67 FF FF 12 6F FF FF
62 67 FF FF 62 67 FF FF 62 67 FF FF 62 67 FF FF
62 67 FF FF 62 67 FF FF 62 67 FF FF 62 67 FF FF
62 67 FF FF 8E 67 FF FF 8E 67 FF FF 8E 67 FF FF
8E 67 FF FF 8E 67 FF FF 8E 67 FF FF 8E 67 FF FF
8E 67 FF FF 8E 67 FF FF 68 6B FF FF D8 6B FF FF
8E 67 FF FF 8E 67 FF FF 8E 67 FF FF 8E 67 FF FF
8E 67 FF FF 8E 67 FF FF 8E 67 FF FF 8E 67 FF FF
8E 67 FF FF 8E 67 FF FF 78 6E FF FF 8E 67 FF FF
8E 67 FF FF 8E 67 FF FF 04 6B FF FF 8E 67 FF FF
6C 6C FF FF 8E 67 FF FF 8E 67 FF FF 92 73 FF FF
8E 67 FF FF 8E 67 FF FF 8E 67 FF FF 8E 67 FF FF
8E 67 FF FF 8E 67 FF FF 8E 67 FF FF 8E 67 FF FF
8E 67 FF FF 8E 67 FF FF 68 6B FF FF 94 6A FF FF
8E 67 FF FF 8E 67 FF FF 8E 67 FF FF 66 6E FF FF
94 6A FF FF BA 68 FF FF 8E 67 FF FF 54 6E FF FF
8E 67 FF FF 22 6E FF FF F4 6D FF FF A6 6D FF FF
BA 68 FF FF 8E 67 FF FF 04 6B FF FF B4 68 FF FF
A4 6C FF FF 8E 67 FF FF 8E 67 FF FF FC 73 FF FF
8E 67 FF FF B4 68 FF FF 30 30 30 30 30 30 30 30
30 30 30 30 30 30 30 30 20 20 20 20 20 20 20 20
20 20 20 20 20 20 20 20 9C 88 FF FF 6A 87 FF FF
50 87 FF FF 6E 88 FF FF 50 87 FF FF 86 87 FF FF
50 87 FF FF 6E 88 FF FF 6A 87 FF FF 6A 87 FF FF
86 87 FF FF 6E 88 FF FF 0E 88 FF FF 0E 88 FF FF
0E 88 FF FF 86 87 FF FF 00 01 02 02 03 03 03 03
04 04 04 04 04 04 04 04 05 05 05 05 05 05 05 05
05 05 05 05 05 05 05 05 06 06 06 06 06 06 06 06
06 06 06 06 06 06 06 06 06 06 06 06 06 06 06 06
06 06 06 06 06 06 06 06 07 07 07 07 07 07 07 07
07 07 07 07 07 07 07 07 07 07 07 07 07 07 07 07
07 07 07 07 07 07 07 07 07 07 07 07 07 07 07 07
07 07 07 07 07 07 07 07 07 07 07 07 07 07 07 07
07 07 07 07 07 07 07 07 08 08 08 08 08 08 08 08
08 08 08 08 08 08 08 08 08 08 08 08 08 08 08 08
08 08 08 08 08 08 08 08 08 08 08 08 08 08 08 08
08 08 08 08 08 08 08 08 08 08 08 08 08 08 08 08
08 08 08 08 08 08 08 08 08 08 08 08 08 08 08 08
08 08 08 08 08 08 08 08 08 08 08 08 08 08 08 08
08 08 08 08 08 08 08 08 08 08 08 08 08 08 08 08
08 08 08 08 08 08 08 08 08 08 08 08 08 08 08 08
08 08 08 08 08 08 08 08
@000126A0
FF FF FF FF FF FF EF 7F 00 00 00 00 00 00 C0 3F
00 00 00 00 00 00 30 40 00 00 00 00 00 00 E0 3F
00 00 00 00 00 00 50 43 00 00 00 00 00 00 F8 3F
61 43 6F 63 A7 87 D2 3F B3 C8 60 8B 28 8A C6 3F
FB 79 9F 50 13 44 D3 3F 00 00 00 00 00 00 F0 3F
00 00 00 00 00 00 24 40 00 00 00 00 00 00 1C 40
00 00 00 00 00 00 14 40
@00012708
00 00 00 00 E0 2E 01 00 48 2F 01 00 B0 2F 01 00
00 00 00 00 00 00 00 00 00 00 00 00 00 00 00 00
00 00 00 00 00 00 00 00 00 00 00 00 00 00 00 00
00 00 00 00 00 00 00 00 00 00 00 00 00 00 00 00
00 00 00 00 00 00 00 00 00 00 00 00 00 00 00 00
00 00 00 00 00 00 00 00 00 00 00 00 00 00 00 00
00 00 00 00 00 00 00 00 00 00 00 00 00 00 00 00
00 00 00 00 00 00 00 00 00 00 00 00 00 00 00 00
00 00 00 00 00 00 00 00 00 00 00 00 00 00 00 00
00 00 00 00 00 00 00 00 01 00 00 00 00 00 00 00
0E 33 CD AB 34 12 6D E6 EC DE 05 00 0B 00 00 00
00 00 00 00 00 00 00 00 00 00 00 00 00 00 00 00
00 00 00 00 00 00 00 00 00 00 00 00 00 00 00 00
00 00 00 00 00 00 00 00 00 00 00 00 00 00 00 00
00 00 00 00 00 00 00 00 00 00 00 00 00 00 00 00
00 00 00 00 00 00 00 00 00 00 00 00 00 00 00 00
00 00 00 00 00 00 00 00 00 00 00 00 00 00 00 00
00 00 00 00 00 00 00 00 00 00 00 00 00 00 00 00
00 00 00 00 00 00 00 00 00 00 00 00 00 00 00 00
00 00 00 00 00 00 00 00 00 00 00 00 00 00 00 00
00 00 00 00 03 00 00 00 E0 2E 01 00 43 00 00 00
00 00 00 00 00 00 00 00 00 00 00 00 00 00 00 00
00 00 00 00 00 00 00 00 00 00 00 00 00 00 00 00
00 00 00 00 00 00 00 00 00 00 00 00 00 00 00 00
00 00 00 00 00 00 00 00 00 00 00 00 00 00 00 00
00 00 00 00 00 00 00 00 00 00 00 00 00 00 00 00
00 00 00 00 00 00 00 00 00 00 00 00 00 00 00 00
00 00 00 00 00 00 00 00 00 00 00 00 00 00 00 00
00 00 00 00 00 00 00 00 00 00 00 00 00 00 00 00
00 00 00 00 00 00 00 00 00 00 00 00 00 00 00 00
00 00 00 00 00 00 00 00 00 00 00 00 00 00 00 00
00 00 00 00 00 00 00 00 00 00 00 00 00 00 00 00
00 00 00 00 00 00 00 00 00 00 00 00 00 00 00 00
00 00 00 00 00 00 00 00 00 00 00 00 00 00 00 00
00 00 00 00 00 00 00 00 00 00 00 00 00 00 00 00
00 00 00 00 43 00 00 00 00 00 00 00 00 00 00 00
00 00 00 00 00 00 00 00 00 00 00 00 00 00 00 00
00 00 00 00 43 00 00 00 00 00 00 00 00 00 00 00
00 00 00 00 00 00 00 00 00 00 00 00 00 00 00 00
00 00 00 00 43 00 00 00 00 00 00 00 00 00 00 00
00 00 00 00 00 00 00 00 00 00 00 00 00 00 00 00
00 00 00 00 43 00 00 00 00 00 00 00 00 00 00 00
00 00 00 00 00 00 00 00 00 00 00 00 00 00 00 00
00 00 00 00 43 00 00 00 00 00 00 00 00 00 00 00
00 00 00 00 00 00 00 00 00 00 00 00 00 00 00 00
00 00 00 00 43 00 00 00 00 00 00 00 00 00 00 00
00 00 00 00 00 00 00 00 00 00 00 00 00 00 00 00
00 00 00 00 43 00 00 00 00 00 00 00 00 00 00 00
00 00 00 00 00 00 00 00 00 00 00 00 00 00 00 00
00 00 00 00 4A 7E 00 00 36 64 00 00 00 00 00 00
D0 22 01 00 38 1A 01 00 5C 18 01 00 5C 18 01 00
5C 18 01 00 5C 18 01 00 5C 18 01 00 5C 18 01 00
5C 18 01 00 5C 18 01 00 5C 18 01 00 FF FF FF FF
FF FF FF FF FF FF FF FF FF FF 00 00 01 00 41 53
43 49 49 00 00 00 00 00 00 00 00 00 00 00 00 00
00 00 00 00 00 00 00 00 00 00 00 00 00 00 41 53
43 49 49 00 00 00 00 00 00 00 00 00 00 00 00 00
00 00 00 00 00 00 00 00 00 00 00 00 00 00 00 00
43 00 00 00 00 00 00 00 00 00 00 00 00 00 00 00
00 00 00 00 00 00 00 00 00 00 00 00 00 00 00 00
00 00 00 00 00 00 00 00 C8 2A 01 00 C8 2A 01 00
D0 2A 01 00 D0 2A 01 00 D8 2A 01 00 D8 2A 01 00
E0 2A 01 00 E0 2A 01 00 E8 2A 01 00 E8 2A 01 00
F0 2A 01 00 F0 2A 01 00 F8 2A 01 00 F8 2A 01 00
00 2B 01 00 00 2B 01 00 08 2B 01 00 08 2B 01 00
10 2B 01 00 10 2B 01 00 18 2B 01 00 18 2B 01 00
20 2B 01 00 20 2B 01 00 28 2B 01 00 28 2B 01 00
30 2B 01 00 30 2B 01 00 38 2B 01 00 38 2B 01 00
40 2B 01 00 40 2B 01 00 48 2B 01 00 48 2B 01 00
50 2B 01 00 50 2B 01 00 58 2B 01 00 58 2B 01 00
60 2B 01 00 60 2B 01 00 68 2B 01 00 68 2B 01 00
70 2B 01 00 70 2B 01 00 78 2B 01 00 78 2B 01 00
80 2B 01 00 80 2B 01 00 88 2B 01 00 88 2B 01 00
90 2B 01 00 90 2B 01 00 98 2B 01 00 98 2B 01 00
A0 2B 01 00 A0 2B 01 00 A8 2B 01 00 A8 2B 01 00
B0 2B 01 00 B0 2B 01 00 B8 2B 01 00 B8 2B 01 00
C0 2B 01 00 C0 2B 01 00 C8 2B 01 00 C8 2B 01 00
D0 2B 01 00 D0 2B 01 00 D8 2B 01 00 D8 2B 01 00
E0 2B 01 00 E0 2B 01 00 E8 2B 01 00 E8 2B 01 00
F0 2B 01 00 F0 2B 01 00 F8 2B 01 00 F8 2B 01 00
00 2C 01 00 00 2C 01 00 08 2C 01 00 08 2C 01 00
10 2C 01 00 10 2C 01 00 18 2C 01 00 18 2C 01 00
20 2C 01 00 20 2C 01 00 28 2C 01 00 28 2C 01 00
30 2C 01 00 30 2C 01 00 38 2C 01 00 38 2C 01 00
40 2C 01 00 40 2C 01 00 48 2C 01 00 48 2C 01 00
50 2C 01 00 50 2C 01 00 58 2C 01 00 58 2C 01 00
60 2C 01 00 60 2C 01 00 68 2C 01 00 68 2C 01 00
70 2C 01 00 70 2C 01 00 78 2C 01 00 78 2C 01 00
80 2C 01 00 80 2C 01 00 88 2C 01 00 88 2C 01 00
90 2C 01 00 90 2C 01 00 98 2C 01 00 98 2C 01 00
A0 2C 01 00 A0 2C 01 00 A8 2C 01 00 A8 2C 01 00
B0 2C 01 00 B0 2C 01 00 B8 2C 01 00 B8 2C 01 00
C0 2C 01 00 C0 2C 01 00 C8 2C 01 00 C8 2C 01 00
D0 2C 01 00 D0 2C 01 00 D8 2C 01 00 D8 2C 01 00
E0 2C 01 00 E0 2C 01 00 E8 2C 01 00 E8 2C 01 00
F0 2C 01 00 F0 2C 01 00 F8 2C 01 00 F8 2C 01 00
00 2D 01 00 00 2D 01 00 08 2D 01 00 08 2D 01 00
10 2D 01 00 10 2D 01 00 18 2D 01 00 18 2D 01 00
20 2D 01 00 20 2D 01 00 28 2D 01 00 28 2D 01 00
30 2D 01 00 30 2D 01 00 38 2D 01 00 38 2D 01 00
40 2D 01 00 40 2D 01 00 48 2D 01 00 48 2D 01 00
50 2D 01 00 50 2D 01 00 58 2D 01 00 58 2D 01 00
60 2D 01 00 60 2D 01 00 68 2D 01 00 68 2D 01 00
70 2D 01 00 70 2D 01 00 78 2D 01 00 78 2D 01 00
80 2D 01 00 80 2D 01 00 88 2D 01 00 88 2D 01 00
90 2D 01 00 90 2D 01 00 98 2D 01 00 98 2D 01 00
A0 2D 01 00 A0 2D 01 00 A8 2D 01 00 A8 2D 01 00
B0 2D 01 00 B0 2D 01 00 B8 2D 01 00 B8 2D 01 00
C0 2D 01 00 C0 2D 01 00 C8 2D 01 00 C8 2D 01 00
D0 2D 01 00 D0 2D 01 00 D8 2D 01 00 D8 2D 01 00
E0 2D 01 00 E0 2D 01 00 E8 2D 01 00 E8 2D 01 00
F0 2D 01 00 F0 2D 01 00 F8 2D 01 00 F8 2D 01 00
00 2E 01 00 00 2E 01 00 08 2E 01 00 08 2E 01 00
10 2E 01 00 10 2E 01 00 18 2E 01 00 18 2E 01 00
20 2E 01 00 20 2E 01 00 28 2E 01 00 28 2E 01 00
30 2E 01 00 30 2E 01 00 38 2E 01 00 38 2E 01 00
40 2E 01 00 40 2E 01 00 48 2E 01 00 48 2E 01 00
50 2E 01 00 50 2E 01 00 58 2E 01 00 58 2E 01 00
60 2E 01 00 60 2E 01 00 68 2E 01 00 68 2E 01 00
70 2E 01 00 70 2E 01 00 78 2E 01 00 78 2E 01 00
80 2E 01 00 80 2E 01 00 88 2E 01 00 88 2E 01 00
90 2E 01 00 90 2E 01 00 98 2E 01 00 98 2E 01 00
A0 2E 01 00 A0 2E 01 00 A8 2E 01 00 A8 2E 01 00
B0 2E 01 00 B0 2E 01 00 B8 2E 01 00 B8 2E 01 00
C0 2E 01 00 C0 2E 01 00
@00012ED0
08 27 01 00
@00012ED4
FF FF FF FF
@00012ED8
00 00 02 00
@00012EDC
38 32 01 00
